Inital State,Search Objective,Path,Cost,Generated Nodes,Visited Nodes,Algorithm,Cost Function,HeuristicExecution Number
"(25, 8)","(25, 0)","[(25, 8), (25, 7), (25, 6), (25, 5), (25, 4), (25, 3), (25, 2), (25, 1), (25, 0)]",80,294,136,BFS,c1,h1,1
"(25, 8)","(25, 0)","[(25, 8), (25, 7), (25, 6), (25, 5), (25, 4), (25, 3), (25, 2), (25, 1), (25, 0)]",80,294,136,BFS,c2,h1,1
"(25, 8)","(25, 0)","[(25, 8), (25, 7), (25, 6), (25, 5), (25, 4), (25, 3), (25, 2), (25, 1), (25, 0)]",80,282,130,BFS,c3,h1,1
"(25, 8)","(25, 0)","[(25, 8), (25, 7), (25, 6), (25, 5), (25, 4), (25, 3), (25, 2), (25, 1), (25, 0)]",80,260,120,BFS,c4,h1,1
"(25, 8)","(25, 0)","[(25, 8), (25, 7), (25, 6), (25, 5), (25, 4), (25, 3), (25, 2), (25, 1), (25, 0)]",80,283,131,BFS,c1,h1,2
"(25, 8)","(25, 0)","[(25, 8), (25, 7), (25, 6), (25, 5), (25, 4), (25, 3), (25, 2), (25, 1), (25, 0)]",80,265,122,BFS,c2,h1,2
"(25, 8)","(25, 0)","[(25, 8), (25, 7), (25, 6), (25, 5), (25, 4), (25, 3), (25, 2), (25, 1), (25, 0)]",80,265,122,BFS,c3,h1,2
"(25, 8)","(25, 0)","[(25, 8), (25, 7), (25, 6), (25, 5), (25, 4), (25, 3), (25, 2), (25, 1), (25, 0)]",80,270,125,BFS,c4,h1,2
"(25, 8)","(25, 0)","[(25, 8), (25, 7), (25, 6), (25, 5), (25, 4), (25, 3), (25, 2), (25, 1), (25, 0)]",80,294,136,BFS,c1,h1,3
"(25, 8)","(25, 0)","[(25, 8), (25, 7), (25, 6), (25, 5), (25, 4), (25, 3), (25, 2), (25, 1), (25, 0)]",80,285,132,BFS,c2,h1,3
"(25, 8)","(25, 0)","[(25, 8), (25, 7), (25, 6), (25, 5), (25, 4), (25, 3), (25, 2), (25, 1), (25, 0)]",80,294,136,BFS,c3,h1,3
"(25, 8)","(25, 0)","[(25, 8), (25, 7), (25, 6), (25, 5), (25, 4), (25, 3), (25, 2), (25, 1), (25, 0)]",80,294,136,BFS,c4,h1,3
"(25, 8)","(25, 0)","[(25, 8), (25, 7), (25, 6), (25, 5), (25, 4), (25, 3), (25, 2), (25, 1), (25, 0)]",80,294,136,BFS,c1,h1,4
"(25, 8)","(25, 0)","[(25, 8), (25, 7), (25, 6), (25, 5), (25, 4), (25, 3), (25, 2), (25, 1), (25, 0)]",80,246,112,BFS,c2,h1,4
"(25, 8)","(25, 0)","[(25, 8), (25, 7), (25, 6), (25, 5), (25, 4), (25, 3), (25, 2), (25, 1), (25, 0)]",80,265,122,BFS,c3,h1,4
"(25, 8)","(25, 0)","[(25, 8), (25, 7), (25, 6), (25, 5), (25, 4), (25, 3), (25, 2), (25, 1), (25, 0)]",80,294,136,BFS,c4,h1,4
"(25, 8)","(25, 0)","[(25, 8), (25, 7), (25, 6), (25, 5), (25, 4), (25, 3), (25, 2), (25, 1), (25, 0)]",80,281,129,BFS,c1,h1,5
"(25, 8)","(25, 0)","[(25, 8), (25, 7), (25, 6), (25, 5), (25, 4), (25, 3), (25, 2), (25, 1), (25, 0)]",80,291,135,BFS,c2,h1,5
"(25, 8)","(25, 0)","[(25, 8), (25, 7), (25, 6), (25, 5), (25, 4), (25, 3), (25, 2), (25, 1), (25, 0)]",80,294,136,BFS,c3,h1,5
"(25, 8)","(25, 0)","[(25, 8), (25, 7), (25, 6), (25, 5), (25, 4), (25, 3), (25, 2), (25, 1), (25, 0)]",80,289,134,BFS,c4,h1,5
"(25, 8)","(25, 0)","[(25, 8), (25, 7), (25, 6), (25, 5), (25, 4), (25, 3), (25, 2), (25, 1), (25, 0)]",80,263,121,BFS,c1,h1,6
"(25, 8)","(25, 0)","[(25, 8), (25, 7), (25, 6), (25, 5), (25, 4), (25, 3), (25, 2), (25, 1), (25, 0)]",80,294,136,BFS,c2,h1,6
"(25, 8)","(25, 0)","[(25, 8), (25, 7), (25, 6), (25, 5), (25, 4), (25, 3), (25, 2), (25, 1), (25, 0)]",80,294,136,BFS,c3,h1,6
"(25, 8)","(25, 0)","[(25, 8), (25, 7), (25, 6), (25, 5), (25, 4), (25, 3), (25, 2), (25, 1), (25, 0)]",80,265,122,BFS,c4,h1,6
"(25, 8)","(25, 0)","[(25, 8), (25, 7), (25, 6), (25, 5), (25, 4), (25, 3), (25, 2), (25, 1), (25, 0)]",80,282,130,BFS,c1,h1,7
"(25, 8)","(25, 0)","[(25, 8), (25, 7), (25, 6), (25, 5), (25, 4), (25, 3), (25, 2), (25, 1), (25, 0)]",80,281,129,BFS,c2,h1,7
"(25, 8)","(25, 0)","[(25, 8), (25, 7), (25, 6), (25, 5), (25, 4), (25, 3), (25, 2), (25, 1), (25, 0)]",80,291,135,BFS,c3,h1,7
"(25, 8)","(25, 0)","[(25, 8), (25, 7), (25, 6), (25, 5), (25, 4), (25, 3), (25, 2), (25, 1), (25, 0)]",80,294,136,BFS,c4,h1,7
"(25, 8)","(25, 0)","[(25, 8), (25, 7), (25, 6), (25, 5), (25, 4), (25, 3), (25, 2), (25, 1), (25, 0)]",80,282,130,BFS,c1,h1,8
"(25, 8)","(25, 0)","[(25, 8), (25, 7), (25, 6), (25, 5), (25, 4), (25, 3), (25, 2), (25, 1), (25, 0)]",80,291,135,BFS,c2,h1,8
"(25, 8)","(25, 0)","[(25, 8), (25, 7), (25, 6), (25, 5), (25, 4), (25, 3), (25, 2), (25, 1), (25, 0)]",80,262,120,BFS,c3,h1,8
"(25, 8)","(25, 0)","[(25, 8), (25, 7), (25, 6), (25, 5), (25, 4), (25, 3), (25, 2), (25, 1), (25, 0)]",80,294,136,BFS,c4,h1,8
"(25, 8)","(25, 0)","[(25, 8), (25, 7), (25, 6), (25, 5), (25, 4), (25, 3), (25, 2), (25, 1), (25, 0)]",80,294,136,BFS,c1,h1,9
"(25, 8)","(25, 0)","[(25, 8), (25, 7), (25, 6), (25, 5), (25, 4), (25, 3), (25, 2), (25, 1), (25, 0)]",80,294,136,BFS,c2,h1,9
"(25, 8)","(25, 0)","[(25, 8), (25, 7), (25, 6), (25, 5), (25, 4), (25, 3), (25, 2), (25, 1), (25, 0)]",80,287,133,BFS,c3,h1,9
"(25, 8)","(25, 0)","[(25, 8), (25, 7), (25, 6), (25, 5), (25, 4), (25, 3), (25, 2), (25, 1), (25, 0)]",80,291,135,BFS,c4,h1,9
"(25, 8)","(25, 0)","[(25, 8), (25, 7), (25, 6), (25, 5), (25, 4), (25, 3), (25, 2), (25, 1), (25, 0)]",80,265,122,BFS,c1,h1,10
"(25, 8)","(25, 0)","[(25, 8), (25, 7), (25, 6), (25, 5), (25, 4), (25, 3), (25, 2), (25, 1), (25, 0)]",80,294,136,BFS,c2,h1,10
"(25, 8)","(25, 0)","[(25, 8), (25, 7), (25, 6), (25, 5), (25, 4), (25, 3), (25, 2), (25, 1), (25, 0)]",80,291,135,BFS,c3,h1,10
"(25, 8)","(25, 0)","[(25, 8), (25, 7), (25, 6), (25, 5), (25, 4), (25, 3), (25, 2), (25, 1), (25, 0)]",80,274,127,BFS,c4,h1,10
"(25, 8)","(25, 0)","[(25, 8), (25, 7), (25, 6), (25, 5), (25, 4), (25, 3), (25, 2), (25, 1), (25, 0)]",80,272,126,BFS,c1,h1,11
"(25, 8)","(25, 0)","[(25, 8), (25, 7), (25, 6), (25, 5), (25, 4), (25, 3), (25, 2), (25, 1), (25, 0)]",80,291,135,BFS,c2,h1,11
"(25, 8)","(25, 0)","[(25, 8), (25, 7), (25, 6), (25, 5), (25, 4), (25, 3), (25, 2), (25, 1), (25, 0)]",80,265,122,BFS,c3,h1,11
"(25, 8)","(25, 0)","[(25, 8), (25, 7), (25, 6), (25, 5), (25, 4), (25, 3), (25, 2), (25, 1), (25, 0)]",80,294,136,BFS,c4,h1,11
"(25, 8)","(25, 0)","[(25, 8), (25, 7), (25, 6), (25, 5), (25, 4), (25, 3), (25, 2), (25, 1), (25, 0)]",80,294,136,BFS,c1,h1,12
"(25, 8)","(25, 0)","[(25, 8), (25, 7), (25, 6), (25, 5), (25, 4), (25, 3), (25, 2), (25, 1), (25, 0)]",80,257,118,BFS,c2,h1,12
"(25, 8)","(25, 0)","[(25, 8), (25, 7), (25, 6), (25, 5), (25, 4), (25, 3), (25, 2), (25, 1), (25, 0)]",80,294,136,BFS,c3,h1,12
"(25, 8)","(25, 0)","[(25, 8), (25, 7), (25, 6), (25, 5), (25, 4), (25, 3), (25, 2), (25, 1), (25, 0)]",80,258,118,BFS,c4,h1,12
"(25, 8)","(25, 0)","[(25, 8), (25, 7), (25, 6), (25, 5), (25, 4), (25, 3), (25, 2), (25, 1), (25, 0)]",80,291,135,BFS,c1,h1,13
"(25, 8)","(25, 0)","[(25, 8), (25, 7), (25, 6), (25, 5), (25, 4), (25, 3), (25, 2), (25, 1), (25, 0)]",80,291,135,BFS,c2,h1,13
"(25, 8)","(25, 0)","[(25, 8), (25, 7), (25, 6), (25, 5), (25, 4), (25, 3), (25, 2), (25, 1), (25, 0)]",80,294,136,BFS,c3,h1,13
"(25, 8)","(25, 0)","[(25, 8), (25, 7), (25, 6), (25, 5), (25, 4), (25, 3), (25, 2), (25, 1), (25, 0)]",80,265,122,BFS,c4,h1,13
"(25, 8)","(25, 0)","[(25, 8), (25, 7), (25, 6), (25, 5), (25, 4), (25, 3), (25, 2), (25, 1), (25, 0)]",80,263,121,BFS,c1,h1,14
"(25, 8)","(25, 0)","[(25, 8), (25, 7), (25, 6), (25, 5), (25, 4), (25, 3), (25, 2), (25, 1), (25, 0)]",80,294,136,BFS,c2,h1,14
"(25, 8)","(25, 0)","[(25, 8), (25, 7), (25, 6), (25, 5), (25, 4), (25, 3), (25, 2), (25, 1), (25, 0)]",80,279,129,BFS,c3,h1,14
"(25, 8)","(25, 0)","[(25, 8), (25, 7), (25, 6), (25, 5), (25, 4), (25, 3), (25, 2), (25, 1), (25, 0)]",80,265,122,BFS,c4,h1,14
"(25, 8)","(25, 0)","[(25, 8), (25, 7), (25, 6), (25, 5), (25, 4), (25, 3), (25, 2), (25, 1), (25, 0)]",80,282,130,BFS,c1,h1,15
"(25, 8)","(25, 0)","[(25, 8), (25, 7), (25, 6), (25, 5), (25, 4), (25, 3), (25, 2), (25, 1), (25, 0)]",80,255,117,BFS,c2,h1,15
"(25, 8)","(25, 0)","[(25, 8), (25, 7), (25, 6), (25, 5), (25, 4), (25, 3), (25, 2), (25, 1), (25, 0)]",80,294,136,BFS,c3,h1,15
"(25, 8)","(25, 0)","[(25, 8), (25, 7), (25, 6), (25, 5), (25, 4), (25, 3), (25, 2), (25, 1), (25, 0)]",80,294,136,BFS,c4,h1,15
"(25, 8)","(25, 0)","[(25, 8), (25, 7), (25, 6), (25, 5), (25, 4), (25, 3), (25, 2), (25, 1), (25, 0)]",80,291,135,BFS,c1,h1,16
"(25, 8)","(25, 0)","[(25, 8), (25, 7), (25, 6), (25, 5), (25, 4), (25, 3), (25, 2), (25, 1), (25, 0)]",80,265,122,BFS,c2,h1,16
"(25, 8)","(25, 0)","[(25, 8), (25, 7), (25, 6), (25, 5), (25, 4), (25, 3), (25, 2), (25, 1), (25, 0)]",80,263,121,BFS,c3,h1,16
"(25, 8)","(25, 0)","[(25, 8), (25, 7), (25, 6), (25, 5), (25, 4), (25, 3), (25, 2), (25, 1), (25, 0)]",80,248,113,BFS,c4,h1,16
"(25, 8)","(25, 0)","[(25, 8), (25, 7), (25, 6), (25, 5), (25, 4), (25, 3), (25, 2), (25, 1), (25, 0)]",80,254,116,BFS,c1,h1,17
"(25, 8)","(25, 0)","[(25, 8), (25, 7), (25, 6), (25, 5), (25, 4), (25, 3), (25, 2), (25, 1), (25, 0)]",80,294,136,BFS,c2,h1,17
"(25, 8)","(25, 0)","[(25, 8), (25, 7), (25, 6), (25, 5), (25, 4), (25, 3), (25, 2), (25, 1), (25, 0)]",80,265,122,BFS,c3,h1,17
"(25, 8)","(25, 0)","[(25, 8), (25, 7), (25, 6), (25, 5), (25, 4), (25, 3), (25, 2), (25, 1), (25, 0)]",80,263,121,BFS,c4,h1,17
"(25, 8)","(25, 0)","[(25, 8), (25, 7), (25, 6), (25, 5), (25, 4), (25, 3), (25, 2), (25, 1), (25, 0)]",80,294,136,BFS,c1,h1,18
"(25, 8)","(25, 0)","[(25, 8), (25, 7), (25, 6), (25, 5), (25, 4), (25, 3), (25, 2), (25, 1), (25, 0)]",80,287,133,BFS,c2,h1,18
"(25, 8)","(25, 0)","[(25, 8), (25, 7), (25, 6), (25, 5), (25, 4), (25, 3), (25, 2), (25, 1), (25, 0)]",80,291,135,BFS,c3,h1,18
"(25, 8)","(25, 0)","[(25, 8), (25, 7), (25, 6), (25, 5), (25, 4), (25, 3), (25, 2), (25, 1), (25, 0)]",80,261,120,BFS,c4,h1,18
"(25, 8)","(25, 0)","[(25, 8), (25, 7), (25, 6), (25, 5), (25, 4), (25, 3), (25, 2), (25, 1), (25, 0)]",80,274,127,BFS,c1,h1,19
"(25, 8)","(25, 0)","[(25, 8), (25, 7), (25, 6), (25, 5), (25, 4), (25, 3), (25, 2), (25, 1), (25, 0)]",80,265,122,BFS,c2,h1,19
"(25, 8)","(25, 0)","[(25, 8), (25, 7), (25, 6), (25, 5), (25, 4), (25, 3), (25, 2), (25, 1), (25, 0)]",80,272,126,BFS,c3,h1,19
"(25, 8)","(25, 0)","[(25, 8), (25, 7), (25, 6), (25, 5), (25, 4), (25, 3), (25, 2), (25, 1), (25, 0)]",80,294,136,BFS,c4,h1,19
"(25, 8)","(25, 0)","[(25, 8), (25, 7), (25, 6), (25, 5), (25, 4), (25, 3), (25, 2), (25, 1), (25, 0)]",80,291,135,BFS,c1,h1,20
"(25, 8)","(25, 0)","[(25, 8), (25, 7), (25, 6), (25, 5), (25, 4), (25, 3), (25, 2), (25, 1), (25, 0)]",80,259,119,BFS,c2,h1,20
"(25, 8)","(25, 0)","[(25, 8), (25, 7), (25, 6), (25, 5), (25, 4), (25, 3), (25, 2), (25, 1), (25, 0)]",80,258,118,BFS,c3,h1,20
"(25, 8)","(25, 0)","[(25, 8), (25, 7), (25, 6), (25, 5), (25, 4), (25, 3), (25, 2), (25, 1), (25, 0)]",80,282,130,BFS,c4,h1,20
"(23, 29)","(0, 8)","[(23, 29), (22, 29), (21, 29), (21, 28), (20, 28), (20, 27), (19, 27), (19, 26), (19, 25), (18, 25), (17, 25), (17, 24), (16, 24), (15, 24), (14, 24), (14, 23), (13, 23), (12, 23), (12, 22), (12, 21), (12, 20), (11, 20), (11, 19), (10, 19), (9, 19), (8, 19), (8, 18), (7, 18), (6, 18), (6, 17), (6, 16), (5, 16), (4, 16), (4, 15), (4, 14), (4, 13), (4, 12), (4, 11), (4, 10), (3, 10), (2, 10), (1, 10), (0, 10), (0, 9), (0, 8)]",440,1789,917,BFS,c1,h1,1
"(23, 29)","(0, 8)","[(23, 29), (23, 28), (22, 28), (22, 27), (21, 27), (21, 26), (21, 25), (21, 24), (20, 24), (19, 24), (18, 24), (18, 23), (18, 22), (18, 21), (18, 20), (17, 20), (17, 19), (17, 18), (16, 18), (16, 17), (16, 16), (15, 16), (14, 16), (13, 16), (12, 16), (12, 15), (12, 14), (11, 14), (10, 14), (10, 13), (9, 13), (9, 12), (9, 11), (9, 10), (8, 10), (8, 9), (8, 8), (7, 8), (6, 8), (5, 8), (4, 8), (3, 8), (2, 8), (1, 8), (0, 8)]",555,1801,923,BFS,c2,h1,1
"(23, 29)","(0, 8)","[(23, 29), (23, 28), (23, 27), (23, 26), (22, 26), (21, 26), (20, 26), (20, 25), (20, 24), (19, 24), (19, 23), (18, 23), (18, 22), (18, 21), (18, 20), (18, 19), (18, 18), (17, 18), (16, 18), (16, 17), (15, 17), (14, 17), (14, 16), (13, 16), (12, 16), (11, 16), (10, 16), (10, 15), (10, 14), (9, 14), (8, 14), (7, 14), (6, 14), (6, 13), (6, 12), (5, 12), (4, 12), (4, 11), (4, 10), (4, 9), (3, 9), (3, 8), (2, 8), (1, 8), (0, 8)]",478,1795,920,BFS,c3,h1,1
"(23, 29)","(0, 8)","[(23, 29), (22, 29), (21, 29), (21, 28), (20, 28), (19, 28), (19, 27), (18, 27), (17, 27), (17, 26), (16, 26), (16, 25), (15, 25), (15, 24), (15, 23), (15, 22), (15, 21), (14, 21), (13, 21), (13, 20), (13, 19), (13, 18), (12, 18), (12, 17), (11, 17), (10, 17), (9, 17), (9, 16), (8, 16), (8, 15), (8, 14), (7, 14), (7, 13), (6, 13), (6, 12), (5, 12), (4, 12), (3, 12), (3, 11), (3, 10), (2, 10), (2, 9), (1, 9), (1, 8), (0, 8)]",437,1789,917,BFS,c4,h1,1
"(23, 29)","(0, 8)","[(23, 29), (23, 28), (23, 27), (23, 26), (23, 25), (23, 24), (22, 24), (21, 24), (21, 23), (21, 22), (20, 22), (20, 21), (20, 20), (20, 19), (19, 19), (19, 18), (19, 17), (18, 17), (18, 16), (18, 15), (17, 15), (16, 15), (15, 15), (15, 14), (15, 13), (15, 12), (15, 11), (14, 11), (13, 11), (13, 10), (13, 9), (12, 9), (12, 8), (11, 8), (10, 8), (9, 8), (8, 8), (7, 8), (6, 8), (5, 8), (4, 8), (3, 8), (2, 8), (1, 8), (0, 8)]",440,1804,925,BFS,c1,h1,2
"(23, 29)","(0, 8)","[(23, 29), (22, 29), (22, 28), (21, 28), (21, 27), (21, 26), (20, 26), (19, 26), (19, 25), (18, 25), (17, 25), (17, 24), (17, 23), (17, 22), (16, 22), (16, 21), (16, 20), (16, 19), (15, 19), (15, 18), (15, 17), (14, 17), (13, 17), (12, 17), (12, 16), (12, 15), (12, 14), (12, 13), (12, 12), (12, 11), (11, 11), (11, 10), (11, 9), (10, 9), (9, 9), (8, 9), (7, 9), (6, 9), (6, 8), (5, 8), (4, 8), (3, 8), (2, 8), (1, 8), (0, 8)]",555,1799,922,BFS,c2,h1,2
"(23, 29)","(0, 8)","[(23, 29), (23, 28), (22, 28), (22, 27), (22, 26), (22, 25), (22, 24), (22, 23), (21, 23), (21, 22), (20, 22), (20, 21), (19, 21), (18, 21), (18, 20), (18, 19), (17, 19), (17, 18), (17, 17), (16, 17), (15, 17), (14, 17), (14, 16), (14, 15), (13, 15), (12, 15), (11, 15), (11, 14), (11, 13), (11, 12), (10, 12), (9, 12), (9, 11), (9, 10), (9, 9), (9, 8), (8, 8), (7, 8), (6, 8), (5, 8), (4, 8), (3, 8), (2, 8), (1, 8), (0, 8)]",498,1804,925,BFS,c3,h1,2
"(23, 29)","(0, 8)","[(23, 29), (23, 28), (23, 27), (23, 26), (23, 25), (22, 25), (21, 25), (20, 25), (19, 25), (19, 24), (18, 24), (17, 24), (16, 24), (16, 23), (16, 22), (15, 22), (15, 21), (14, 21), (13, 21), (12, 21), (12, 20), (11, 20), (11, 19), (11, 18), (10, 18), (9, 18), (9, 17), (9, 16), (8, 16), (7, 16), (7, 15), (7, 14), (6, 14), (6, 13), (5, 13), (4, 13), (4, 12), (3, 12), (3, 11), (2, 11), (2, 10), (2, 9), (2, 8), (1, 8), (0, 8)]",411,1793,919,BFS,c4,h1,2
"(23, 29)","(0, 8)","[(23, 29), (23, 28), (23, 27), (23, 26), (22, 26), (21, 26), (21, 25), (21, 24), (20, 24), (20, 23), (19, 23), (18, 23), (17, 23), (17, 22), (16, 22), (16, 21), (16, 20), (16, 19), (15, 19), (15, 18), (15, 17), (14, 17), (14, 16), (14, 15), (14, 14), (13, 14), (12, 14), (12, 13), (12, 12), (12, 11), (12, 10), (11, 10), (11, 9), (10, 9), (10, 8), (9, 8), (8, 8), (7, 8), (6, 8), (5, 8), (4, 8), (3, 8), (2, 8), (1, 8), (0, 8)]",440,1804,925,BFS,c1,h1,3
"(23, 29)","(0, 8)","[(23, 29), (22, 29), (21, 29), (21, 28), (21, 27), (20, 27), (19, 27), (19, 26), (19, 25), (18, 25), (18, 24), (18, 23), (17, 23), (17, 22), (16, 22), (16, 21), (15, 21), (14, 21), (13, 21), (12, 21), (11, 21), (10, 21), (10, 20), (9, 20), (8, 20), (8, 19), (8, 18), (7, 18), (7, 17), (7, 16), (7, 15), (7, 14), (7, 13), (6, 13), (6, 12), (6, 11), (6, 10), (6, 9), (5, 9), (5, 8), (4, 8), (3, 8), (2, 8), (1, 8), (0, 8)]",555,1799,922,BFS,c2,h1,3
"(23, 29)","(0, 8)","[(23, 29), (23, 28), (23, 27), (23, 26), (22, 26), (22, 25), (22, 24), (22, 23), (22, 22), (22, 21), (22, 20), (21, 20), (21, 19), (21, 18), (21, 17), (20, 17), (20, 16), (19, 16), (19, 15), (19, 14), (18, 14), (18, 13), (17, 13), (17, 12), (17, 11), (16, 11), (16, 10), (16, 9), (15, 9), (14, 9), (13, 9), (12, 9), (12, 8), (11, 8), (10, 8), (9, 8), (8, 8), (7, 8), (6, 8), (5, 8), (4, 8), (3, 8), (2, 8), (1, 8), (0, 8)]",493,1804,925,BFS,c3,h1,3
"(23, 29)","(0, 8)","[(23, 29), (23, 28), (22, 28), (21, 28), (20, 28), (20, 27), (20, 26), (20, 25), (20, 24), (19, 24), (19, 23), (18, 23), (17, 23), (16, 23), (15, 23), (15, 22), (15, 21), (14, 21), (14, 20), (14, 19), (14, 18), (14, 17), (14, 16), (13, 16), (12, 16), (11, 16), (11, 15), (11, 14), (11, 13), (10, 13), (9, 13), (9, 12), (9, 11), (8, 11), (7, 11), (7, 10), (7, 9), (7, 8), (6, 8), (5, 8), (4, 8), (3, 8), (2, 8), (1, 8), (0, 8)]",434,1797,921,BFS,c4,h1,3
"(23, 29)","(0, 8)","[(23, 29), (22, 29), (21, 29), (20, 29), (20, 28), (19, 28), (19, 27), (19, 26), (19, 25), (19, 24), (18, 24), (17, 24), (17, 23), (17, 22), (16, 22), (16, 21), (15, 21), (15, 20), (15, 19), (14, 19), (14, 18), (13, 18), (13, 17), (12, 17), (12, 16), (12, 15), (12, 14), (12, 13), (11, 13), (11, 12), (10, 12), (10, 11), (10, 10), (9, 10), (9, 9), (8, 9), (8, 8), (7, 8), (6, 8), (5, 8), (4, 8), (3, 8), (2, 8), (1, 8), (0, 8)]",440,1801,923,BFS,c1,h1,4
"(23, 29)","(0, 8)","[(23, 29), (23, 28), (23, 27), (22, 27), (21, 27), (21, 26), (20, 26), (19, 26), (18, 26), (17, 26), (16, 26), (16, 25), (15, 25), (15, 24), (15, 23), (14, 23), (13, 23), (13, 22), (13, 21), (13, 20), (12, 20), (12, 19), (12, 18), (11, 18), (10, 18), (9, 18), (9, 17), (9, 16), (8, 16), (7, 16), (7, 15), (7, 14), (6, 14), (6, 13), (6, 12), (6, 11), (6, 10), (6, 9), (6, 8), (5, 8), (4, 8), (3, 8), (2, 8), (1, 8), (0, 8)]",555,1801,923,BFS,c2,h1,4
"(23, 29)","(0, 8)","[(23, 29), (22, 29), (21, 29), (20, 29), (19, 29), (18, 29), (17, 29), (17, 28), (17, 27), (17, 26), (16, 26), (16, 25), (15, 25), (14, 25), (13, 25), (13, 24), (12, 24), (12, 23), (12, 22), (12, 21), (11, 21), (10, 21), (9, 21), (9, 20), (9, 19), (8, 19), (7, 19), (6, 19), (6, 18), (6, 17), (6, 16), (6, 15), (6, 14), (6, 13), (6, 12), (6, 11), (6, 10), (6, 9), (6, 8), (5, 8), (4, 8), (3, 8), (2, 8), (1, 8), (0, 8)]",503,1801,923,BFS,c3,h1,4
"(23, 29)","(0, 8)","[(23, 29), (22, 29), (21, 29), (20, 29), (20, 28), (19, 28), (19, 27), (18, 27), (17, 27), (17, 26), (16, 26), (15, 26), (15, 25), (14, 25), (13, 25), (12, 25), (12, 24), (12, 23), (12, 22), (11, 22), (11, 21), (10, 21), (9, 21), (8, 21), (7, 21), (7, 20), (7, 19), (6, 19), (5, 19), (5, 18), (4, 18), (4, 17), (3, 17), (2, 17), (2, 16), (1, 16), (1, 15), (1, 14), (1, 13), (0, 13), (0, 12), (0, 11), (0, 10), (0, 9), (0, 8)]",420,1789,917,BFS,c4,h1,4
"(23, 29)","(0, 8)","[(23, 29), (22, 29), (21, 29), (20, 29), (19, 29), (19, 28), (19, 27), (18, 27), (17, 27), (16, 27), (16, 26), (16, 25), (15, 25), (14, 25), (14, 24), (13, 24), (13, 23), (13, 22), (13, 21), (12, 21), (12, 20), (12, 19), (12, 18), (12, 17), (11, 17), (11, 16), (11, 15), (10, 15), (10, 14), (9, 14), (8, 14), (7, 14), (6, 14), (5, 14), (4, 14), (4, 13), (4, 12), (3, 12), (2, 12), (2, 11), (1, 11), (0, 11), (0, 10), (0, 9), (0, 8)]",440,1789,917,BFS,c1,h1,5
"(23, 29)","(0, 8)","[(23, 29), (22, 29), (21, 29), (20, 29), (20, 28), (20, 27), (19, 27), (19, 26), (18, 26), (17, 26), (17, 25), (16, 25), (16, 24), (16, 23), (15, 23), (14, 23), (14, 22), (13, 22), (12, 22), (11, 22), (10, 22), (10, 21), (9, 21), (8, 21), (7, 21), (6, 21), (5, 21), (5, 20), (4, 20), (4, 19), (4, 18), (3, 18), (2, 18), (2, 17), (1, 17), (1, 16), (0, 16), (0, 15), (0, 14), (0, 13), (0, 12), (0, 11), (0, 10), (0, 9), (0, 8)]",555,1789,917,BFS,c2,h1,5
"(23, 29)","(0, 8)","[(23, 29), (23, 28), (22, 28), (21, 28), (20, 28), (20, 27), (19, 27), (18, 27), (17, 27), (17, 26), (16, 26), (16, 25), (16, 24), (16, 23), (15, 23), (15, 22), (15, 21), (15, 20), (14, 20), (13, 20), (12, 20), (12, 19), (12, 18), (12, 17), (12, 16), (12, 15), (11, 15), (10, 15), (10, 14), (9, 14), (9, 13), (8, 13), (8, 12), (8, 11), (8, 10), (8, 9), (7, 9), (7, 8), (6, 8), (5, 8), (4, 8), (3, 8), (2, 8), (1, 8), (0, 8)]",494,1799,922,BFS,c3,h1,5
"(23, 29)","(0, 8)","[(23, 29), (23, 28), (23, 27), (23, 26), (23, 25), (22, 25), (22, 24), (22, 23), (22, 22), (22, 21), (21, 21), (20, 21), (19, 21), (18, 21), (17, 21), (17, 20), (17, 19), (17, 18), (17, 17), (16, 17), (15, 17), (15, 16), (15, 15), (15, 14), (14, 14), (14, 13), (13, 13), (12, 13), (11, 13), (11, 12), (10, 12), (10, 11), (10, 10), (10, 9), (10, 8), (9, 8), (8, 8), (7, 8), (6, 8), (5, 8), (4, 8), (3, 8), (2, 8), (1, 8), (0, 8)]",442,1804,925,BFS,c4,h1,5
"(23, 29)","(0, 8)","[(23, 29), (22, 29), (22, 28), (21, 28), (21, 27), (21, 26), (21, 25), (21, 24), (21, 23), (20, 23), (20, 22), (19, 22), (19, 21), (18, 21), (18, 20), (17, 20), (17, 19), (16, 19), (15, 19), (15, 18), (14, 18), (13, 18), (13, 17), (13, 16), (12, 16), (11, 16), (11, 15), (10, 15), (9, 15), (8, 15), (8, 14), (8, 13), (7, 13), (7, 12), (6, 12), (6, 11), (5, 11), (5, 10), (5, 9), (4, 9), (3, 9), (3, 8), (2, 8), (1, 8), (0, 8)]",440,1795,920,BFS,c1,h1,6
"(23, 29)","(0, 8)","[(23, 29), (23, 28), (22, 28), (22, 27), (21, 27), (21, 26), (21, 25), (21, 24), (21, 23), (20, 23), (19, 23), (19, 22), (19, 21), (19, 20), (18, 20), (17, 20), (16, 20), (15, 20), (15, 19), (15, 18), (15, 17), (14, 17), (14, 16), (13, 16), (13, 15), (12, 15), (12, 14), (11, 14), (11, 13), (10, 13), (10, 12), (9, 12), (8, 12), (7, 12), (6, 12), (5, 12), (4, 12), (4, 11), (4, 10), (3, 10), (2, 10), (1, 10), (0, 10), (0, 9), (0, 8)]",555,1789,917,BFS,c2,h1,6
"(23, 29)","(0, 8)","[(23, 29), (23, 28), (23, 27), (22, 27), (22, 26), (21, 26), (20, 26), (20, 25), (19, 25), (19, 24), (19, 23), (18, 23), (17, 23), (17, 22), (17, 21), (16, 21), (16, 20), (16, 19), (15, 19), (15, 18), (14, 18), (13, 18), (13, 17), (13, 16), (13, 15), (13, 14), (12, 14), (12, 13), (12, 12), (11, 12), (11, 11), (10, 11), (10, 10), (10, 9), (10, 8), (9, 8), (8, 8), (7, 8), (6, 8), (5, 8), (4, 8), (3, 8), (2, 8), (1, 8), (0, 8)]",485,1804,925,BFS,c3,h1,6
"(23, 29)","(0, 8)","[(23, 29), (23, 28), (23, 27), (23, 26), (22, 26), (21, 26), (20, 26), (19, 26), (19, 25), (19, 24), (18, 24), (18, 23), (17, 23), (16, 23), (15, 23), (15, 22), (15, 21), (15, 20), (14, 20), (14, 19), (13, 19), (13, 18), (13, 17), (12, 17), (11, 17), (10, 17), (9, 17), (8, 17), (8, 16), (7, 16), (7, 15), (6, 15), (6, 14), (5, 14), (5, 13), (5, 12), (5, 11), (5, 10), (5, 9), (4, 9), (4, 8), (3, 8), (2, 8), (1, 8), (0, 8)]",436,1795,920,BFS,c4,h1,6
"(23, 29)","(0, 8)","[(23, 29), (23, 28), (22, 28), (21, 28), (21, 27), (20, 27), (19, 27), (19, 26), (18, 26), (17, 26), (16, 26), (16, 25), (16, 24), (16, 23), (15, 23), (14, 23), (13, 23), (12, 23), (11, 23), (10, 23), (9, 23), (8, 23), (7, 23), (7, 22), (6, 22), (6, 21), (6, 20), (5, 20), (5, 19), (4, 19), (4, 18), (4, 17), (4, 16), (3, 16), (2, 16), (1, 16), (0, 16), (0, 15), (0, 14), (0, 13), (0, 12), (0, 11), (0, 10), (0, 9), (0, 8)]",440,1789,917,BFS,c1,h1,7
"(23, 29)","(0, 8)","[(23, 29), (22, 29), (22, 28), (21, 28), (21, 27), (21, 26), (21, 25), (20, 25), (19, 25), (18, 25), (18, 24), (17, 24), (16, 24), (15, 24), (14, 24), (14, 23), (14, 22), (13, 22), (13, 21), (13, 20), (12, 20), (12, 19), (12, 18), (12, 17), (12, 16), (11, 16), (10, 16), (9, 16), (9, 15), (8, 15), (7, 15), (7, 14), (6, 14), (5, 14), (5, 13), (4, 13), (4, 12), (3, 12), (3, 11), (2, 11), (1, 11), (0, 11), (0, 10), (0, 9), (0, 8)]",555,1789,917,BFS,c2,h1,7
"(23, 29)","(0, 8)","[(23, 29), (23, 28), (22, 28), (21, 28), (21, 27), (20, 27), (20, 26), (20, 25), (19, 25), (19, 24), (19, 23), (18, 23), (18, 22), (18, 21), (17, 21), (16, 21), (16, 20), (16, 19), (16, 18), (16, 17), (15, 17), (15, 16), (14, 16), (13, 16), (12, 16), (12, 15), (11, 15), (11, 14), (11, 13), (11, 12), (10, 12), (9, 12), (9, 11), (8, 11), (8, 10), (8, 9), (7, 9), (6, 9), (5, 9), (5, 8), (4, 8), (3, 8), (2, 8), (1, 8), (0, 8)]",491,1797,921,BFS,c3,h1,7
"(23, 29)","(0, 8)","[(23, 29), (22, 29), (21, 29), (20, 29), (20, 28), (20, 27), (20, 26), (20, 25), (19, 25), (18, 25), (18, 24), (17, 24), (17, 23), (17, 22), (16, 22), (16, 21), (16, 20), (15, 20), (14, 20), (14, 19), (13, 19), (12, 19), (12, 18), (12, 17), (11, 17), (10, 17), (9, 17), (8, 17), (7, 17), (7, 16), (6, 16), (5, 16), (4, 16), (3, 16), (3, 15), (3, 14), (3, 13), (3, 12), (2, 12), (2, 11), (2, 10), (2, 9), (1, 9), (0, 9), (0, 8)]",443,1789,917,BFS,c4,h1,7
"(23, 29)","(0, 8)","[(23, 29), (23, 28), (23, 27), (22, 27), (22, 26), (22, 25), (21, 25), (20, 25), (20, 24), (19, 24), (19, 23), (19, 22), (18, 22), (17, 22), (17, 21), (16, 21), (15, 21), (15, 20), (14, 20), (13, 20), (12, 20), (11, 20), (11, 19), (11, 18), (11, 17), (10, 17), (9, 17), (8, 17), (7, 17), (6, 17), (6, 16), (6, 15), (6, 14), (6, 13), (5, 13), (5, 12), (5, 11), (5, 10), (5, 9), (5, 8), (4, 8), (3, 8), (2, 8), (1, 8), (0, 8)]",440,1797,921,BFS,c1,h1,8
"(23, 29)","(0, 8)","[(23, 29), (22, 29), (22, 28), (22, 27), (22, 26), (21, 26), (20, 26), (20, 25), (19, 25), (19, 24), (18, 24), (18, 23), (17, 23), (17, 22), (17, 21), (16, 21), (16, 20), (15, 20), (14, 20), (14, 19), (13, 19), (13, 18), (12, 18), (11, 18), (10, 18), (10, 17), (9, 17), (8, 17), (8, 16), (7, 16), (7, 15), (7, 14), (6, 14), (6, 13), (6, 12), (5, 12), (5, 11), (5, 10), (5, 9), (5, 8), (4, 8), (3, 8), (2, 8), (1, 8), (0, 8)]",555,1797,921,BFS,c2,h1,8
"(23, 29)","(0, 8)","[(23, 29), (23, 28), (22, 28), (21, 28), (21, 27), (21, 26), (20, 26), (19, 26), (18, 26), (18, 25), (18, 24), (18, 23), (17, 23), (16, 23), (15, 23), (15, 22), (14, 22), (14, 21), (14, 20), (14, 19), (13, 19), (13, 18), (13, 17), (12, 17), (11, 17), (10, 17), (10, 16), (9, 16), (9, 15), (9, 14), (8, 14), (7, 14), (7, 13), (7, 12), (6, 12), (5, 12), (4, 12), (3, 12), (2, 12), (2, 11), (1, 11), (1, 10), (1, 9), (0, 9), (0, 8)]",493,1789,917,BFS,c3,h1,8
"(23, 29)","(0, 8)","[(23, 29), (22, 29), (21, 29), (21, 28), (21, 27), (20, 27), (20, 26), (20, 25), (19, 25), (18, 25), (18, 24), (17, 24), (16, 24), (15, 24), (14, 24), (14, 23), (14, 22), (13, 22), (12, 22), (12, 21), (12, 20), (11, 20), (10, 20), (9, 20), (9, 19), (8, 19), (7, 19), (7, 18), (7, 17), (6, 17), (6, 16), (5, 16), (4, 16), (4, 15), (4, 14), (3, 14), (2, 14), (1, 14), (0, 14), (0, 13), (0, 12), (0, 11), (0, 10), (0, 9), (0, 8)]",423,1789,917,BFS,c4,h1,8
"(23, 29)","(0, 8)","[(23, 29), (23, 28), (22, 28), (21, 28), (21, 27), (21, 26), (20, 26), (19, 26), (18, 26), (17, 26), (17, 25), (16, 25), (15, 25), (15, 24), (14, 24), (13, 24), (12, 24), (12, 23), (11, 23), (10, 23), (10, 22), (10, 21), (9, 21), (8, 21), (7, 21), (7, 20), (6, 20), (6, 19), (6, 18), (6, 17), (6, 16), (6, 15), (6, 14), (5, 14), (5, 13), (4, 13), (4, 12), (3, 12), (2, 12), (1, 12), (0, 12), (0, 11), (0, 10), (0, 9), (0, 8)]",440,1789,917,BFS,c1,h1,9
"(23, 29)","(0, 8)","[(23, 29), (23, 28), (22, 28), (21, 28), (21, 27), (20, 27), (19, 27), (19, 26), (19, 25), (18, 25), (17, 25), (16, 25), (15, 25), (14, 25), (13, 25), (12, 25), (12, 24), (11, 24), (10, 24), (9, 24), (9, 23), (8, 23), (8, 22), (8, 21), (8, 20), (8, 19), (8, 18), (8, 17), (7, 17), (6, 17), (5, 17), (5, 16), (4, 16), (3, 16), (3, 15), (2, 15), (2, 14), (2, 13), (1, 13), (0, 13), (0, 12), (0, 11), (0, 10), (0, 9), (0, 8)]",555,1789,917,BFS,c2,h1,9
"(23, 29)","(0, 8)","[(23, 29), (23, 28), (23, 27), (23, 26), (23, 25), (23, 24), (22, 24), (22, 23), (22, 22), (22, 21), (21, 21), (20, 21), (20, 20), (19, 20), (19, 19), (18, 19), (17, 19), (16, 19), (15, 19), (15, 18), (14, 18), (14, 17), (14, 16), (14, 15), (13, 15), (13, 14), (13, 13), (13, 12), (12, 12), (11, 12), (11, 11), (10, 11), (9, 11), (8, 11), (8, 10), (8, 9), (7, 9), (6, 9), (6, 8), (5, 8), (4, 8), (3, 8), (2, 8), (1, 8), (0, 8)]",494,1801,923,BFS,c3,h1,9
"(23, 29)","(0, 8)","[(23, 29), (23, 28), (22, 28), (22, 27), (22, 26), (21, 26), (20, 26), (20, 25), (20, 24), (20, 23), (19, 23), (19, 22), (18, 22), (17, 22), (17, 21), (16, 21), (16, 20), (15, 20), (14, 20), (14, 19), (13, 19), (13, 18), (13, 17), (12, 17), (11, 17), (10, 17), (10, 16), (9, 16), (8, 16), (8, 15), (8, 14), (8, 13), (7, 13), (7, 12), (7, 11), (6, 11), (6, 10), (6, 9), (5, 9), (5, 8), (4, 8), (3, 8), (2, 8), (1, 8), (0, 8)]",436,1799,922,BFS,c4,h1,9
"(23, 29)","(0, 8)","[(23, 29), (23, 28), (22, 28), (22, 27), (21, 27), (20, 27), (19, 27), (18, 27), (17, 27), (16, 27), (15, 27), (15, 26), (14, 26), (14, 25), (14, 24), (14, 23), (13, 23), (12, 23), (11, 23), (10, 23), (10, 22), (9, 22), (9, 21), (9, 20), (8, 20), (7, 20), (7, 19), (7, 18), (7, 17), (7, 16), (7, 15), (6, 15), (6, 14), (6, 13), (5, 13), (4, 13), (4, 12), (4, 11), (4, 10), (3, 10), (2, 10), (2, 9), (2, 8), (1, 8), (0, 8)]",440,1789,917,BFS,c1,h1,10
"(23, 29)","(0, 8)","[(23, 29), (23, 28), (23, 27), (23, 26), (23, 25), (22, 25), (21, 25), (21, 24), (21, 23), (20, 23), (19, 23), (18, 23), (18, 22), (18, 21), (17, 21), (17, 20), (16, 20), (16, 19), (15, 19), (15, 18), (15, 17), (15, 16), (14, 16), (14, 15), (14, 14), (14, 13), (14, 12), (14, 11), (14, 10), (14, 9), (14, 8), (13, 8), (12, 8), (11, 8), (10, 8), (9, 8), (8, 8), (7, 8), (6, 8), (5, 8), (4, 8), (3, 8), (2, 8), (1, 8), (0, 8)]",555,1804,925,BFS,c2,h1,10
"(23, 29)","(0, 8)","[(23, 29), (22, 29), (22, 28), (21, 28), (21, 27), (21, 26), (21, 25), (20, 25), (20, 24), (20, 23), (19, 23), (18, 23), (17, 23), (17, 22), (17, 21), (16, 21), (15, 21), (14, 21), (14, 20), (14, 19), (14, 18), (13, 18), (13, 17), (12, 17), (11, 17), (10, 17), (10, 16), (10, 15), (9, 15), (9, 14), (8, 14), (8, 13), (7, 13), (6, 13), (5, 13), (5, 12), (4, 12), (3, 12), (3, 11), (2, 11), (1, 11), (1, 10), (0, 10), (0, 9), (0, 8)]",501,1789,917,BFS,c3,h1,10
"(23, 29)","(0, 8)","[(23, 29), (22, 29), (22, 28), (22, 27), (21, 27), (21, 26), (21, 25), (20, 25), (19, 25), (18, 25), (17, 25), (17, 24), (16, 24), (16, 23), (16, 22), (16, 21), (16, 20), (16, 19), (16, 18), (15, 18), (15, 17), (14, 17), (13, 17), (12, 17), (12, 16), (12, 15), (11, 15), (10, 15), (9, 15), (8, 15), (8, 14), (7, 14), (7, 13), (6, 13), (5, 13), (4, 13), (3, 13), (2, 13), (2, 12), (1, 12), (1, 11), (0, 11), (0, 10), (0, 9), (0, 8)]",427,1789,917,BFS,c4,h1,10
"(23, 29)","(0, 8)","[(23, 29), (22, 29), (22, 28), (22, 27), (21, 27), (20, 27), (20, 26), (20, 25), (20, 24), (20, 23), (19, 23), (18, 23), (18, 22), (18, 21), (17, 21), (17, 20), (17, 19), (17, 18), (17, 17), (17, 16), (16, 16), (16, 15), (15, 15), (15, 14), (14, 14), (13, 14), (13, 13), (12, 13), (11, 13), (10, 13), (9, 13), (9, 12), (9, 11), (8, 11), (8, 10), (8, 9), (8, 8), (7, 8), (6, 8), (5, 8), (4, 8), (3, 8), (2, 8), (1, 8), (0, 8)]",440,1801,923,BFS,c1,h1,11
"(23, 29)","(0, 8)","[(23, 29), (22, 29), (22, 28), (22, 27), (21, 27), (21, 26), (21, 25), (20, 25), (20, 24), (19, 24), (18, 24), (17, 24), (17, 23), (16, 23), (16, 22), (15, 22), (14, 22), (14, 21), (14, 20), (14, 19), (13, 19), (13, 18), (13, 17), (12, 17), (12, 16), (12, 15), (12, 14), (12, 13), (11, 13), (10, 13), (9, 13), (8, 13), (7, 13), (7, 12), (7, 11), (6, 11), (5, 11), (5, 10), (4, 10), (4, 9), (3, 9), (2, 9), (2, 8), (1, 8), (0, 8)]",555,1789,917,BFS,c2,h1,11
"(23, 29)","(0, 8)","[(23, 29), (22, 29), (22, 28), (22, 27), (21, 27), (20, 27), (19, 27), (18, 27), (18, 26), (18, 25), (17, 25), (17, 24), (17, 23), (17, 22), (17, 21), (16, 21), (16, 20), (15, 20), (15, 19), (15, 18), (14, 18), (13, 18), (12, 18), (11, 18), (10, 18), (9, 18), (8, 18), (7, 18), (6, 18), (6, 17), (6, 16), (6, 15), (5, 15), (5, 14), (4, 14), (4, 13), (3, 13), (3, 12), (2, 12), (1, 12), (1, 11), (1, 10), (0, 10), (0, 9), (0, 8)]",501,1789,917,BFS,c3,h1,11
"(23, 29)","(0, 8)","[(23, 29), (22, 29), (22, 28), (21, 28), (20, 28), (20, 27), (19, 27), (19, 26), (19, 25), (19, 24), (18, 24), (18, 23), (18, 22), (18, 21), (17, 21), (16, 21), (15, 21), (14, 21), (14, 20), (14, 19), (13, 19), (13, 18), (13, 17), (13, 16), (12, 16), (12, 15), (12, 14), (11, 14), (11, 13), (10, 13), (10, 12), (10, 11), (10, 10), (9, 10), (9, 9), (8, 9), (8, 8), (7, 8), (6, 8), (5, 8), (4, 8), (3, 8), (2, 8), (1, 8), (0, 8)]",450,1804,925,BFS,c4,h1,11
"(23, 29)","(0, 8)","[(23, 29), (22, 29), (22, 28), (21, 28), (21, 27), (21, 26), (20, 26), (19, 26), (18, 26), (18, 25), (17, 25), (16, 25), (15, 25), (15, 24), (14, 24), (14, 23), (14, 22), (14, 21), (14, 20), (13, 20), (13, 19), (13, 18), (12, 18), (11, 18), (10, 18), (10, 17), (10, 16), (10, 15), (9, 15), (9, 14), (9, 13), (8, 13), (7, 13), (6, 13), (5, 13), (5, 12), (5, 11), (4, 11), (4, 10), (3, 10), (2, 10), (2, 9), (2, 8), (1, 8), (0, 8)]",440,1789,917,BFS,c1,h1,12
"(23, 29)","(0, 8)","[(23, 29), (22, 29), (21, 29), (21, 28), (21, 27), (21, 26), (20, 26), (20, 25), (19, 25), (18, 25), (17, 25), (16, 25), (16, 24), (16, 23), (16, 22), (16, 21), (16, 20), (15, 20), (14, 20), (14, 19), (14, 18), (14, 17), (13, 17), (12, 17), (12, 16), (12, 15), (12, 14), (12, 13), (12, 12), (12, 11), (12, 10), (12, 9), (12, 8), (11, 8), (10, 8), (9, 8), (8, 8), (7, 8), (6, 8), (5, 8), (4, 8), (3, 8), (2, 8), (1, 8), (0, 8)]",555,1804,925,BFS,c2,h1,12
"(23, 29)","(0, 8)","[(23, 29), (22, 29), (21, 29), (21, 28), (21, 27), (20, 27), (20, 26), (20, 25), (19, 25), (19, 24), (18, 24), (17, 24), (16, 24), (16, 23), (15, 23), (15, 22), (15, 21), (15, 20), (15, 19), (15, 18), (15, 17), (15, 16), (14, 16), (14, 15), (13, 15), (13, 14), (12, 14), (11, 14), (11, 13), (11, 12), (11, 11), (10, 11), (10, 10), (10, 9), (10, 8), (9, 8), (8, 8), (7, 8), (6, 8), (5, 8), (4, 8), (3, 8), (2, 8), (1, 8), (0, 8)]",495,1804,925,BFS,c3,h1,12
"(23, 29)","(0, 8)","[(23, 29), (23, 28), (23, 27), (22, 27), (22, 26), (22, 25), (21, 25), (21, 24), (20, 24), (20, 23), (20, 22), (20, 21), (20, 20), (19, 20), (19, 19), (18, 19), (17, 19), (17, 18), (17, 17), (16, 17), (16, 16), (15, 16), (14, 16), (13, 16), (12, 16), (11, 16), (10, 16), (9, 16), (8, 16), (8, 15), (7, 15), (6, 15), (5, 15), (5, 14), (4, 14), (4, 13), (3, 13), (2, 13), (1, 13), (0, 13), (0, 12), (0, 11), (0, 10), (0, 9), (0, 8)]",432,1789,917,BFS,c4,h1,12
"(23, 29)","(0, 8)","[(23, 29), (22, 29), (21, 29), (20, 29), (20, 28), (20, 27), (20, 26), (19, 26), (18, 26), (17, 26), (16, 26), (16, 25), (15, 25), (15, 24), (14, 24), (13, 24), (13, 23), (12, 23), (11, 23), (11, 22), (11, 21), (11, 20), (10, 20), (9, 20), (8, 20), (7, 20), (7, 19), (7, 18), (7, 17), (6, 17), (5, 17), (4, 17), (4, 16), (3, 16), (2, 16), (2, 15), (1, 15), (1, 14), (1, 13), (0, 13), (0, 12), (0, 11), (0, 10), (0, 9), (0, 8)]",440,1789,917,BFS,c1,h1,13
"(23, 29)","(0, 8)","[(23, 29), (23, 28), (22, 28), (21, 28), (21, 27), (20, 27), (19, 27), (18, 27), (18, 26), (18, 25), (17, 25), (16, 25), (16, 24), (15, 24), (15, 23), (15, 22), (15, 21), (14, 21), (13, 21), (12, 21), (11, 21), (10, 21), (10, 20), (10, 19), (10, 18), (9, 18), (8, 18), (8, 17), (8, 16), (7, 16), (6, 16), (5, 16), (4, 16), (3, 16), (3, 15), (3, 14), (2, 14), (2, 13), (2, 12), (2, 11), (2, 10), (2, 9), (1, 9), (1, 8), (0, 8)]",555,1789,917,BFS,c2,h1,13
"(23, 29)","(0, 8)","[(23, 29), (22, 29), (22, 28), (22, 27), (22, 26), (22, 25), (22, 24), (21, 24), (20, 24), (20, 23), (20, 22), (19, 22), (18, 22), (17, 22), (16, 22), (16, 21), (15, 21), (14, 21), (14, 20), (14, 19), (13, 19), (13, 18), (13, 17), (13, 16), (12, 16), (12, 15), (11, 15), (10, 15), (9, 15), (8, 15), (7, 15), (6, 15), (6, 14), (5, 14), (4, 14), (4, 13), (3, 13), (2, 13), (2, 12), (2, 11), (2, 10), (2, 9), (2, 8), (1, 8), (0, 8)]",496,1791,918,BFS,c3,h1,13
"(23, 29)","(0, 8)","[(23, 29), (22, 29), (22, 28), (21, 28), (21, 27), (21, 26), (20, 26), (20, 25), (20, 24), (20, 23), (20, 22), (19, 22), (18, 22), (17, 22), (16, 22), (16, 21), (15, 21), (15, 20), (15, 19), (15, 18), (15, 17), (14, 17), (14, 16), (14, 15), (13, 15), (13, 14), (12, 14), (12, 13), (11, 13), (11, 12), (11, 11), (11, 10), (10, 10), (10, 9), (9, 9), (8, 9), (8, 8), (7, 8), (6, 8), (5, 8), (4, 8), (3, 8), (2, 8), (1, 8), (0, 8)]",427,1801,923,BFS,c4,h1,13
"(23, 29)","(0, 8)","[(23, 29), (22, 29), (21, 29), (20, 29), (20, 28), (20, 27), (20, 26), (20, 25), (20, 24), (20, 23), (20, 22), (20, 21), (20, 20), (20, 19), (19, 19), (18, 19), (17, 19), (17, 18), (17, 17), (16, 17), (15, 17), (15, 16), (14, 16), (14, 15), (13, 15), (12, 15), (11, 15), (11, 14), (11, 13), (11, 12), (11, 11), (10, 11), (9, 11), (9, 10), (8, 10), (7, 10), (7, 9), (7, 8), (6, 8), (5, 8), (4, 8), (3, 8), (2, 8), (1, 8), (0, 8)]",440,1799,922,BFS,c1,h1,14
"(23, 29)","(0, 8)","[(23, 29), (23, 28), (22, 28), (22, 27), (22, 26), (21, 26), (20, 26), (19, 26), (18, 26), (18, 25), (17, 25), (16, 25), (16, 24), (16, 23), (15, 23), (14, 23), (13, 23), (13, 22), (13, 21), (12, 21), (11, 21), (10, 21), (9, 21), (8, 21), (8, 20), (8, 19), (7, 19), (7, 18), (7, 17), (6, 17), (5, 17), (4, 17), (3, 17), (2, 17), (2, 16), (1, 16), (0, 16), (0, 15), (0, 14), (0, 13), (0, 12), (0, 11), (0, 10), (0, 9), (0, 8)]",555,1789,917,BFS,c2,h1,14
"(23, 29)","(0, 8)","[(23, 29), (22, 29), (21, 29), (21, 28), (21, 27), (21, 26), (21, 25), (20, 25), (19, 25), (18, 25), (18, 24), (18, 23), (18, 22), (17, 22), (16, 22), (15, 22), (14, 22), (13, 22), (12, 22), (11, 22), (11, 21), (11, 20), (11, 19), (11, 18), (11, 17), (11, 16), (11, 15), (10, 15), (10, 14), (9, 14), (9, 13), (9, 12), (9, 11), (8, 11), (8, 10), (7, 10), (7, 9), (6, 9), (6, 8), (5, 8), (4, 8), (3, 8), (2, 8), (1, 8), (0, 8)]",498,1799,922,BFS,c3,h1,14
"(23, 29)","(0, 8)","[(23, 29), (22, 29), (21, 29), (21, 28), (20, 28), (20, 27), (20, 26), (19, 26), (19, 25), (18, 25), (17, 25), (16, 25), (15, 25), (15, 24), (14, 24), (14, 23), (14, 22), (13, 22), (13, 21), (13, 20), (13, 19), (12, 19), (12, 18), (11, 18), (11, 17), (10, 17), (10, 16), (9, 16), (9, 15), (8, 15), (8, 14), (7, 14), (7, 13), (6, 13), (6, 12), (6, 11), (6, 10), (5, 10), (5, 9), (5, 8), (4, 8), (3, 8), (2, 8), (1, 8), (0, 8)]",430,1797,921,BFS,c4,h1,14
"(23, 29)","(0, 8)","[(23, 29), (22, 29), (21, 29), (20, 29), (19, 29), (19, 28), (19, 27), (18, 27), (17, 27), (17, 26), (16, 26), (16, 25), (15, 25), (14, 25), (14, 24), (13, 24), (13, 23), (12, 23), (12, 22), (11, 22), (11, 21), (10, 21), (9, 21), (9, 20), (8, 20), (8, 19), (7, 19), (6, 19), (5, 19), (5, 18), (5, 17), (5, 16), (4, 16), (4, 15), (4, 14), (3, 14), (3, 13), (2, 13), (1, 13), (0, 13), (0, 12), (0, 11), (0, 10), (0, 9), (0, 8)]",440,1789,917,BFS,c1,h1,15
"(23, 29)","(0, 8)","[(23, 29), (22, 29), (22, 28), (22, 27), (21, 27), (20, 27), (19, 27), (19, 26), (19, 25), (19, 24), (18, 24), (18, 23), (18, 22), (17, 22), (16, 22), (15, 22), (14, 22), (13, 22), (13, 21), (13, 20), (13, 19), (12, 19), (11, 19), (10, 19), (10, 18), (10, 17), (9, 17), (8, 17), (8, 16), (7, 16), (7, 15), (6, 15), (5, 15), (4, 15), (3, 15), (3, 14), (3, 13), (2, 13), (1, 13), (1, 12), (0, 12), (0, 11), (0, 10), (0, 9), (0, 8)]",555,1789,917,BFS,c2,h1,15
"(23, 29)","(0, 8)","[(23, 29), (23, 28), (22, 28), (21, 28), (20, 28), (19, 28), (18, 28), (17, 28), (17, 27), (16, 27), (15, 27), (15, 26), (14, 26), (14, 25), (13, 25), (12, 25), (11, 25), (11, 24), (10, 24), (9, 24), (9, 23), (8, 23), (8, 22), (7, 22), (7, 21), (7, 20), (6, 20), (6, 19), (6, 18), (6, 17), (6, 16), (5, 16), (4, 16), (3, 16), (2, 16), (2, 15), (2, 14), (2, 13), (2, 12), (1, 12), (1, 11), (0, 11), (0, 10), (0, 9), (0, 8)]",499,1789,917,BFS,c3,h1,15
"(23, 29)","(0, 8)","[(23, 29), (23, 28), (22, 28), (22, 27), (22, 26), (21, 26), (21, 25), (21, 24), (20, 24), (20, 23), (20, 22), (20, 21), (20, 20), (20, 19), (19, 19), (18, 19), (17, 19), (17, 18), (16, 18), (16, 17), (15, 17), (14, 17), (13, 17), (13, 16), (13, 15), (13, 14), (12, 14), (11, 14), (10, 14), (10, 13), (9, 13), (9, 12), (9, 11), (8, 11), (8, 10), (7, 10), (6, 10), (6, 9), (6, 8), (5, 8), (4, 8), (3, 8), (2, 8), (1, 8), (0, 8)]",444,1793,919,BFS,c4,h1,15
"(23, 29)","(0, 8)","[(23, 29), (23, 28), (22, 28), (21, 28), (21, 27), (21, 26), (20, 26), (20, 25), (20, 24), (20, 23), (20, 22), (19, 22), (18, 22), (17, 22), (17, 21), (17, 20), (16, 20), (15, 20), (15, 19), (15, 18), (15, 17), (15, 16), (14, 16), (14, 15), (13, 15), (12, 15), (12, 14), (11, 14), (10, 14), (9, 14), (8, 14), (7, 14), (7, 13), (6, 13), (5, 13), (4, 13), (3, 13), (3, 12), (3, 11), (3, 10), (3, 9), (2, 9), (2, 8), (1, 8), (0, 8)]",440,1793,919,BFS,c1,h1,16
"(23, 29)","(0, 8)","[(23, 29), (23, 28), (23, 27), (22, 27), (21, 27), (21, 26), (21, 25), (20, 25), (19, 25), (18, 25), (18, 24), (18, 23), (18, 22), (17, 22), (17, 21), (16, 21), (15, 21), (14, 21), (14, 20), (14, 19), (14, 18), (13, 18), (12, 18), (11, 18), (10, 18), (10, 17), (10, 16), (9, 16), (9, 15), (9, 14), (8, 14), (7, 14), (6, 14), (5, 14), (5, 13), (4, 13), (3, 13), (3, 12), (3, 11), (3, 10), (3, 9), (3, 8), (2, 8), (1, 8), (0, 8)]",555,1795,920,BFS,c2,h1,16
"(23, 29)","(0, 8)","[(23, 29), (22, 29), (21, 29), (21, 28), (21, 27), (21, 26), (20, 26), (19, 26), (18, 26), (17, 26), (16, 26), (16, 25), (15, 25), (14, 25), (13, 25), (13, 24), (12, 24), (12, 23), (12, 22), (12, 21), (11, 21), (11, 20), (11, 19), (10, 19), (10, 18), (9, 18), (9, 17), (8, 17), (7, 17), (6, 17), (6, 16), (6, 15), (6, 14), (6, 13), (5, 13), (4, 13), (4, 12), (4, 11), (4, 10), (4, 9), (3, 9), (3, 8), (2, 8), (1, 8), (0, 8)]",503,1795,920,BFS,c3,h1,16
"(23, 29)","(0, 8)","[(23, 29), (22, 29), (21, 29), (21, 28), (21, 27), (21, 26), (21, 25), (21, 24), (20, 24), (20, 23), (19, 23), (18, 23), (18, 22), (18, 21), (17, 21), (17, 20), (16, 20), (16, 19), (16, 18), (15, 18), (15, 17), (14, 17), (14, 16), (14, 15), (13, 15), (13, 14), (13, 13), (12, 13), (12, 12), (11, 12), (11, 11), (11, 10), (10, 10), (10, 9), (9, 9), (9, 8), (8, 8), (7, 8), (6, 8), (5, 8), (4, 8), (3, 8), (2, 8), (1, 8), (0, 8)]",433,1804,925,BFS,c4,h1,16
"(23, 29)","(0, 8)","[(23, 29), (22, 29), (22, 28), (22, 27), (21, 27), (21, 26), (20, 26), (19, 26), (19, 25), (18, 25), (18, 24), (18, 23), (18, 22), (17, 22), (16, 22), (15, 22), (15, 21), (15, 20), (14, 20), (13, 20), (12, 20), (11, 20), (10, 20), (10, 19), (10, 18), (9, 18), (8, 18), (8, 17), (8, 16), (7, 16), (7, 15), (6, 15), (6, 14), (5, 14), (4, 14), (4, 13), (4, 12), (4, 11), (3, 11), (2, 11), (1, 11), (1, 10), (0, 10), (0, 9), (0, 8)]",440,1789,917,BFS,c1,h1,17
"(23, 29)","(0, 8)","[(23, 29), (23, 28), (23, 27), (22, 27), (22, 26), (22, 25), (22, 24), (21, 24), (20, 24), (19, 24), (18, 24), (18, 23), (18, 22), (17, 22), (17, 21), (16, 21), (16, 20), (15, 20), (15, 19), (15, 18), (15, 17), (14, 17), (14, 16), (14, 15), (13, 15), (13, 14), (12, 14), (12, 13), (11, 13), (10, 13), (10, 12), (10, 11), (10, 10), (10, 9), (9, 9), (8, 9), (8, 8), (7, 8), (6, 8), (5, 8), (4, 8), (3, 8), (2, 8), (1, 8), (0, 8)]",555,1804,925,BFS,c2,h1,17
"(23, 29)","(0, 8)","[(23, 29), (22, 29), (22, 28), (21, 28), (20, 28), (20, 27), (19, 27), (19, 26), (18, 26), (17, 26), (16, 26), (15, 26), (14, 26), (13, 26), (13, 25), (13, 24), (13, 23), (13, 22), (13, 21), (13, 20), (12, 20), (11, 20), (10, 20), (10, 19), (10, 18), (10, 17), (9, 17), (8, 17), (7, 17), (6, 17), (5, 17), (5, 16), (5, 15), (5, 14), (4, 14), (3, 14), (2, 14), (1, 14), (1, 13), (1, 12), (0, 12), (0, 11), (0, 10), (0, 9), (0, 8)]",501,1789,917,BFS,c3,h1,17
"(23, 29)","(0, 8)","[(23, 29), (23, 28), (22, 28), (21, 28), (21, 27), (20, 27), (19, 27), (18, 27), (17, 27), (17, 26), (16, 26), (15, 26), (15, 25), (14, 25), (13, 25), (13, 24), (12, 24), (12, 23), (11, 23), (11, 22), (11, 21), (11, 20), (10, 20), (9, 20), (8, 20), (7, 20), (7, 19), (7, 18), (6, 18), (6, 17), (5, 17), (5, 16), (4, 16), (3, 16), (2, 16), (1, 16), (1, 15), (1, 14), (1, 13), (0, 13), (0, 12), (0, 11), (0, 10), (0, 9), (0, 8)]",415,1789,917,BFS,c4,h1,17
"(23, 29)","(0, 8)","[(23, 29), (22, 29), (22, 28), (21, 28), (21, 27), (21, 26), (20, 26), (20, 25), (20, 24), (19, 24), (18, 24), (18, 23), (18, 22), (18, 21), (17, 21), (17, 20), (17, 19), (17, 18), (17, 17), (16, 17), (16, 16), (15, 16), (15, 15), (14, 15), (14, 14), (13, 14), (13, 13), (12, 13), (11, 13), (11, 12), (11, 11), (10, 11), (9, 11), (8, 11), (8, 10), (8, 9), (7, 9), (6, 9), (5, 9), (5, 8), (4, 8), (3, 8), (2, 8), (1, 8), (0, 8)]",440,1799,922,BFS,c1,h1,18
"(23, 29)","(0, 8)","[(23, 29), (23, 28), (22, 28), (21, 28), (20, 28), (20, 27), (20, 26), (19, 26), (18, 26), (17, 26), (16, 26), (16, 25), (16, 24), (16, 23), (15, 23), (15, 22), (14, 22), (13, 22), (13, 21), (13, 20), (13, 19), (12, 19), (11, 19), (11, 18), (11, 17), (11, 16), (10, 16), (10, 15), (9, 15), (8, 15), (7, 15), (7, 14), (6, 14), (5, 14), (4, 14), (4, 13), (3, 13), (3, 12), (2, 12), (2, 11), (2, 10), (2, 9), (2, 8), (1, 8), (0, 8)]",555,1789,917,BFS,c2,h1,18
"(23, 29)","(0, 8)","[(23, 29), (22, 29), (21, 29), (20, 29), (19, 29), (19, 28), (18, 28), (17, 28), (16, 28), (15, 28), (15, 27), (15, 26), (14, 26), (13, 26), (12, 26), (12, 25), (12, 24), (12, 23), (11, 23), (10, 23), (9, 23), (8, 23), (7, 23), (7, 22), (6, 22), (5, 22), (4, 22), (3, 22), (2, 22), (1, 22), (1, 21), (0, 21), (0, 20), (0, 19), (0, 18), (0, 17), (0, 16), (0, 15), (0, 14), (0, 13), (0, 12), (0, 11), (0, 10), (0, 9), (0, 8)]",498,1789,917,BFS,c3,h1,18
"(23, 29)","(0, 8)","[(23, 29), (22, 29), (22, 28), (21, 28), (21, 27), (21, 26), (21, 25), (21, 24), (21, 23), (20, 23), (20, 22), (20, 21), (19, 21), (18, 21), (18, 20), (17, 20), (17, 19), (17, 18), (16, 18), (16, 17), (15, 17), (15, 16), (15, 15), (15, 14), (14, 14), (14, 13), (14, 12), (13, 12), (13, 11), (13, 10), (12, 10), (12, 9), (12, 8), (11, 8), (10, 8), (9, 8), (8, 8), (7, 8), (6, 8), (5, 8), (4, 8), (3, 8), (2, 8), (1, 8), (0, 8)]",444,1804,925,BFS,c4,h1,18
"(23, 29)","(0, 8)","[(23, 29), (22, 29), (21, 29), (20, 29), (20, 28), (20, 27), (20, 26), (19, 26), (19, 25), (18, 25), (17, 25), (17, 24), (16, 24), (15, 24), (15, 23), (15, 22), (15, 21), (15, 20), (14, 20), (13, 20), (12, 20), (11, 20), (10, 20), (9, 20), (8, 20), (7, 20), (6, 20), (6, 19), (5, 19), (5, 18), (4, 18), (3, 18), (2, 18), (2, 17), (1, 17), (0, 17), (0, 16), (0, 15), (0, 14), (0, 13), (0, 12), (0, 11), (0, 10), (0, 9), (0, 8)]",440,1789,917,BFS,c1,h1,19
"(23, 29)","(0, 8)","[(23, 29), (22, 29), (21, 29), (20, 29), (19, 29), (18, 29), (17, 29), (17, 28), (17, 27), (16, 27), (15, 27), (14, 27), (14, 26), (13, 26), (12, 26), (11, 26), (11, 25), (11, 24), (11, 23), (11, 22), (11, 21), (11, 20), (10, 20), (10, 19), (9, 19), (8, 19), (7, 19), (6, 19), (6, 18), (6, 17), (6, 16), (6, 15), (6, 14), (6, 13), (6, 12), (5, 12), (4, 12), (4, 11), (3, 11), (2, 11), (2, 10), (2, 9), (1, 9), (1, 8), (0, 8)]",555,1791,918,BFS,c2,h1,19
"(23, 29)","(0, 8)","[(23, 29), (23, 28), (23, 27), (23, 26), (22, 26), (21, 26), (20, 26), (19, 26), (18, 26), (18, 25), (18, 24), (17, 24), (16, 24), (15, 24), (15, 23), (15, 22), (15, 21), (14, 21), (14, 20), (14, 19), (14, 18), (14, 17), (13, 17), (12, 17), (11, 17), (10, 17), (10, 16), (9, 16), (8, 16), (8, 15), (7, 15), (7, 14), (6, 14), (5, 14), (5, 13), (4, 13), (3, 13), (3, 12), (3, 11), (3, 10), (3, 9), (3, 8), (2, 8), (1, 8), (0, 8)]",482,1795,920,BFS,c3,h1,19
"(23, 29)","(0, 8)","[(23, 29), (23, 28), (23, 27), (22, 27), (21, 27), (20, 27), (20, 26), (20, 25), (19, 25), (19, 24), (18, 24), (18, 23), (18, 22), (17, 22), (16, 22), (16, 21), (15, 21), (14, 21), (14, 20), (14, 19), (14, 18), (14, 17), (14, 16), (14, 15), (14, 14), (13, 14), (12, 14), (11, 14), (11, 13), (10, 13), (10, 12), (9, 12), (9, 11), (8, 11), (7, 11), (6, 11), (6, 10), (6, 9), (6, 8), (5, 8), (4, 8), (3, 8), (2, 8), (1, 8), (0, 8)]",439,1799,922,BFS,c4,h1,19
"(23, 29)","(0, 8)","[(23, 29), (22, 29), (22, 28), (21, 28), (20, 28), (19, 28), (19, 27), (18, 27), (18, 26), (17, 26), (17, 25), (17, 24), (17, 23), (16, 23), (15, 23), (15, 22), (14, 22), (13, 22), (12, 22), (12, 21), (11, 21), (10, 21), (9, 21), (9, 20), (9, 19), (8, 19), (7, 19), (7, 18), (6, 18), (5, 18), (5, 17), (4, 17), (3, 17), (3, 16), (2, 16), (2, 15), (1, 15), (1, 14), (0, 14), (0, 13), (0, 12), (0, 11), (0, 10), (0, 9), (0, 8)]",440,1789,917,BFS,c1,h1,20
"(23, 29)","(0, 8)","[(23, 29), (22, 29), (21, 29), (21, 28), (21, 27), (20, 27), (20, 26), (20, 25), (20, 24), (19, 24), (19, 23), (18, 23), (18, 22), (18, 21), (17, 21), (16, 21), (15, 21), (15, 20), (14, 20), (14, 19), (14, 18), (13, 18), (12, 18), (12, 17), (12, 16), (11, 16), (10, 16), (9, 16), (9, 15), (9, 14), (9, 13), (9, 12), (8, 12), (7, 12), (7, 11), (6, 11), (5, 11), (5, 10), (4, 10), (3, 10), (3, 9), (3, 8), (2, 8), (1, 8), (0, 8)]",555,1795,920,BFS,c2,h1,20
"(23, 29)","(0, 8)","[(23, 29), (22, 29), (21, 29), (20, 29), (20, 28), (20, 27), (19, 27), (19, 26), (19, 25), (19, 24), (19, 23), (18, 23), (18, 22), (17, 22), (16, 22), (16, 21), (16, 20), (15, 20), (14, 20), (14, 19), (13, 19), (13, 18), (12, 18), (12, 17), (12, 16), (12, 15), (11, 15), (10, 15), (10, 14), (10, 13), (9, 13), (9, 12), (9, 11), (9, 10), (9, 9), (9, 8), (8, 8), (7, 8), (6, 8), (5, 8), (4, 8), (3, 8), (2, 8), (1, 8), (0, 8)]",493,1804,925,BFS,c3,h1,20
"(23, 29)","(0, 8)","[(23, 29), (23, 28), (22, 28), (21, 28), (21, 27), (20, 27), (20, 26), (20, 25), (20, 24), (19, 24), (18, 24), (17, 24), (17, 23), (16, 23), (15, 23), (15, 22), (14, 22), (14, 21), (13, 21), (13, 20), (13, 19), (13, 18), (13, 17), (13, 16), (13, 15), (13, 14), (12, 14), (11, 14), (10, 14), (9, 14), (9, 13), (9, 12), (8, 12), (7, 12), (6, 12), (5, 12), (5, 11), (5, 10), (5, 9), (5, 8), (4, 8), (3, 8), (2, 8), (1, 8), (0, 8)]",428,1799,922,BFS,c4,h1,20
"(7, 12)","(20, 3)","[(7, 12), (8, 12), (8, 11), (8, 10), (8, 9), (8, 8), (8, 7), (9, 7), (10, 7), (11, 7), (11, 6), (11, 5), (11, 4), (11, 3), (12, 3), (13, 3), (14, 3), (15, 3), (16, 3), (17, 3), (18, 3), (19, 3), (20, 3)]",220,1336,666,BFS,c1,h1,1
"(7, 12)","(20, 3)","[(7, 12), (8, 12), (9, 12), (10, 12), (10, 11), (11, 11), (11, 10), (12, 10), (12, 9), (13, 9), (14, 9), (14, 8), (15, 8), (16, 8), (17, 8), (18, 8), (19, 8), (20, 8), (20, 7), (20, 6), (20, 5), (20, 4), (20, 3)]",285,1335,664,BFS,c2,h1,1
"(7, 12)","(20, 3)","[(7, 12), (7, 11), (7, 10), (8, 10), (8, 9), (8, 8), (8, 7), (8, 6), (8, 5), (9, 5), (10, 5), (10, 4), (11, 4), (11, 3), (12, 3), (13, 3), (14, 3), (15, 3), (16, 3), (17, 3), (18, 3), (19, 3), (20, 3)]",259,1295,644,BFS,c3,h1,1
"(7, 12)","(20, 3)","[(7, 12), (8, 12), (8, 11), (9, 11), (9, 10), (9, 9), (10, 9), (11, 9), (12, 9), (13, 9), (13, 8), (14, 8), (14, 7), (15, 7), (15, 6), (16, 6), (17, 6), (17, 5), (18, 5), (18, 4), (18, 3), (19, 3), (20, 3)]",205,1292,642,BFS,c4,h1,1
"(7, 12)","(20, 3)","[(7, 12), (8, 12), (8, 11), (8, 10), (8, 9), (8, 8), (8, 7), (8, 6), (9, 6), (9, 5), (9, 4), (10, 4), (10, 3), (11, 3), (12, 3), (13, 3), (14, 3), (15, 3), (16, 3), (17, 3), (18, 3), (19, 3), (20, 3)]",220,1330,662,BFS,c1,h1,2
"(7, 12)","(20, 3)","[(7, 12), (8, 12), (8, 11), (8, 10), (8, 9), (8, 8), (9, 8), (10, 8), (10, 7), (11, 7), (11, 6), (12, 6), (12, 5), (13, 5), (14, 5), (15, 5), (16, 5), (16, 4), (16, 3), (17, 3), (18, 3), (19, 3), (20, 3)]",285,1336,666,BFS,c2,h1,2
"(7, 12)","(20, 3)","[(7, 12), (8, 12), (8, 11), (9, 11), (9, 10), (9, 9), (10, 9), (10, 8), (11, 8), (12, 8), (13, 8), (14, 8), (15, 8), (15, 7), (15, 6), (16, 6), (16, 5), (16, 4), (17, 4), (17, 3), (18, 3), (19, 3), (20, 3)]",257,1335,665,BFS,c3,h1,2
"(7, 12)","(20, 3)","[(7, 12), (8, 12), (9, 12), (9, 11), (9, 10), (9, 9), (10, 9), (11, 9), (11, 8), (11, 7), (11, 6), (12, 6), (12, 5), (12, 4), (13, 4), (14, 4), (14, 3), (15, 3), (16, 3), (17, 3), (18, 3), (19, 3), (20, 3)]",224,1295,644,BFS,c4,h1,2
"(7, 12)","(20, 3)","[(7, 12), (8, 12), (8, 11), (9, 11), (9, 10), (9, 9), (10, 9), (11, 9), (12, 9), (12, 8), (13, 8), (14, 8), (15, 8), (16, 8), (16, 7), (17, 7), (17, 6), (17, 5), (17, 4), (17, 3), (18, 3), (19, 3), (20, 3)]",220,1336,666,BFS,c1,h1,3
"(7, 12)","(20, 3)","[(7, 12), (7, 11), (8, 11), (8, 10), (9, 10), (9, 9), (10, 9), (10, 8), (10, 7), (11, 7), (11, 6), (11, 5), (11, 4), (12, 4), (12, 3), (13, 3), (14, 3), (15, 3), (16, 3), (17, 3), (18, 3), (19, 3), (20, 3)]",285,1336,666,BFS,c2,h1,3
"(7, 12)","(20, 3)","[(7, 12), (7, 11), (7, 10), (7, 9), (7, 8), (8, 8), (8, 7), (8, 6), (9, 6), (9, 5), (9, 4), (9, 3), (10, 3), (11, 3), (12, 3), (13, 3), (14, 3), (15, 3), (16, 3), (17, 3), (18, 3), (19, 3), (20, 3)]",253,1336,666,BFS,c3,h1,3
"(7, 12)","(20, 3)","[(7, 12), (7, 11), (8, 11), (8, 10), (8, 9), (9, 9), (10, 9), (11, 9), (12, 9), (12, 8), (13, 8), (14, 8), (14, 7), (15, 7), (15, 6), (16, 6), (16, 5), (17, 5), (17, 4), (18, 4), (18, 3), (19, 3), (20, 3)]",203,1292,642,BFS,c4,h1,3
"(7, 12)","(20, 3)","[(7, 12), (8, 12), (9, 12), (9, 11), (9, 10), (9, 9), (10, 9), (11, 9), (11, 8), (12, 8), (13, 8), (13, 7), (14, 7), (14, 6), (15, 6), (15, 5), (16, 5), (17, 5), (18, 5), (18, 4), (19, 4), (19, 3), (20, 3)]",220,1292,642,BFS,c1,h1,4
"(7, 12)","(20, 3)","[(7, 12), (8, 12), (8, 11), (9, 11), (10, 11), (10, 10), (10, 9), (10, 8), (10, 7), (10, 6), (11, 6), (11, 5), (12, 5), (12, 4), (12, 3), (13, 3), (14, 3), (15, 3), (16, 3), (17, 3), (18, 3), (19, 3), (20, 3)]",285,1336,666,BFS,c2,h1,4
"(7, 12)","(20, 3)","[(7, 12), (7, 11), (8, 11), (9, 11), (10, 11), (11, 11), (11, 10), (11, 9), (12, 9), (12, 8), (12, 7), (12, 6), (13, 6), (13, 5), (13, 4), (13, 3), (14, 3), (15, 3), (16, 3), (17, 3), (18, 3), (19, 3), (20, 3)]",250,1336,666,BFS,c3,h1,4
"(7, 12)","(20, 3)","[(7, 12), (7, 11), (8, 11), (8, 10), (9, 10), (10, 10), (11, 10), (11, 9), (12, 9), (12, 8), (13, 8), (13, 7), (13, 6), (14, 6), (15, 6), (15, 5), (15, 4), (16, 4), (16, 3), (17, 3), (18, 3), (19, 3), (20, 3)]",214,1336,666,BFS,c4,h1,4
"(7, 12)","(20, 3)","[(7, 12), (8, 12), (9, 12), (10, 12), (10, 11), (11, 11), (11, 10), (11, 9), (12, 9), (13, 9), (13, 8), (13, 7), (13, 6), (14, 6), (14, 5), (15, 5), (16, 5), (17, 5), (17, 4), (18, 4), (18, 3), (19, 3), (20, 3)]",220,1335,665,BFS,c1,h1,5
"(7, 12)","(20, 3)","[(7, 12), (7, 11), (7, 10), (7, 9), (7, 8), (7, 7), (7, 6), (7, 5), (8, 5), (8, 4), (8, 3), (9, 3), (10, 3), (11, 3), (12, 3), (13, 3), (14, 3), (15, 3), (16, 3), (17, 3), (18, 3), (19, 3), (20, 3)]",285,1336,666,BFS,c2,h1,5
"(7, 12)","(20, 3)","[(7, 12), (7, 11), (7, 10), (7, 9), (8, 9), (9, 9), (9, 8), (10, 8), (10, 7), (11, 7), (11, 6), (12, 6), (13, 6), (13, 5), (13, 4), (13, 3), (14, 3), (15, 3), (16, 3), (17, 3), (18, 3), (19, 3), (20, 3)]",248,1295,644,BFS,c3,h1,5
"(7, 12)","(20, 3)","[(7, 12), (7, 11), (8, 11), (9, 11), (10, 11), (11, 11), (12, 11), (12, 10), (12, 9), (12, 8), (12, 7), (12, 6), (12, 5), (13, 5), (14, 5), (15, 5), (15, 4), (15, 3), (16, 3), (17, 3), (18, 3), (19, 3), (20, 3)]",225,1336,666,BFS,c4,h1,5
"(7, 12)","(20, 3)","[(7, 12), (7, 11), (8, 11), (9, 11), (10, 11), (10, 10), (11, 10), (12, 10), (13, 10), (14, 10), (14, 9), (14, 8), (14, 7), (14, 6), (15, 6), (15, 5), (15, 4), (16, 4), (16, 3), (17, 3), (18, 3), (19, 3), (20, 3)]",220,1295,644,BFS,c1,h1,6
"(7, 12)","(20, 3)","[(7, 12), (7, 11), (8, 11), (8, 10), (9, 10), (9, 9), (10, 9), (10, 8), (10, 7), (11, 7), (12, 7), (12, 6), (13, 6), (13, 5), (13, 4), (13, 3), (14, 3), (15, 3), (16, 3), (17, 3), (18, 3), (19, 3), (20, 3)]",285,1295,644,BFS,c2,h1,6
"(7, 12)","(20, 3)","[(7, 12), (7, 11), (8, 11), (9, 11), (10, 11), (10, 10), (11, 10), (12, 10), (12, 9), (12, 8), (13, 8), (13, 7), (14, 7), (15, 7), (16, 7), (16, 6), (16, 5), (16, 4), (17, 4), (17, 3), (18, 3), (19, 3), (20, 3)]",253,1295,644,BFS,c3,h1,6
"(7, 12)","(20, 3)","[(7, 12), (7, 11), (7, 10), (8, 10), (9, 10), (10, 10), (11, 10), (12, 10), (13, 10), (13, 9), (14, 9), (14, 8), (15, 8), (16, 8), (16, 7), (16, 6), (16, 5), (17, 5), (18, 5), (19, 5), (20, 5), (20, 4), (20, 3)]",221,1335,665,BFS,c4,h1,6
"(7, 12)","(20, 3)","[(7, 12), (7, 11), (7, 10), (7, 9), (8, 9), (9, 9), (10, 9), (10, 8), (10, 7), (10, 6), (11, 6), (11, 5), (11, 4), (11, 3), (12, 3), (13, 3), (14, 3), (15, 3), (16, 3), (17, 3), (18, 3), (19, 3), (20, 3)]",220,1336,666,BFS,c1,h1,7
"(7, 12)","(20, 3)","[(7, 12), (7, 11), (7, 10), (8, 10), (9, 10), (9, 9), (10, 9), (11, 9), (12, 9), (13, 9), (13, 8), (13, 7), (13, 6), (14, 6), (14, 5), (15, 5), (15, 4), (16, 4), (17, 4), (17, 3), (18, 3), (19, 3), (20, 3)]",285,1290,641,BFS,c2,h1,7
"(7, 12)","(20, 3)","[(7, 12), (8, 12), (8, 11), (8, 10), (8, 9), (8, 8), (9, 8), (10, 8), (11, 8), (12, 8), (12, 7), (13, 7), (13, 6), (14, 6), (15, 6), (15, 5), (15, 4), (15, 3), (16, 3), (17, 3), (18, 3), (19, 3), (20, 3)]",254,1330,662,BFS,c3,h1,7
"(7, 12)","(20, 3)","[(7, 12), (7, 11), (7, 10), (8, 10), (8, 9), (9, 9), (9, 8), (9, 7), (9, 6), (9, 5), (10, 5), (11, 5), (12, 5), (12, 4), (13, 4), (13, 3), (14, 3), (15, 3), (16, 3), (17, 3), (18, 3), (19, 3), (20, 3)]",215,1295,644,BFS,c4,h1,7
"(7, 12)","(20, 3)","[(7, 12), (7, 11), (8, 11), (9, 11), (10, 11), (10, 10), (11, 10), (11, 9), (12, 9), (13, 9), (14, 9), (15, 9), (16, 9), (16, 8), (17, 8), (18, 8), (18, 7), (19, 7), (19, 6), (19, 5), (20, 5), (20, 4), (20, 3)]",220,1294,643,BFS,c1,h1,8
"(7, 12)","(20, 3)","[(7, 12), (8, 12), (8, 11), (9, 11), (10, 11), (10, 10), (10, 9), (11, 9), (11, 8), (12, 8), (12, 7), (13, 7), (14, 7), (14, 6), (15, 6), (16, 6), (17, 6), (18, 6), (19, 6), (19, 5), (19, 4), (20, 4), (20, 3)]",285,1331,663,BFS,c2,h1,8
"(7, 12)","(20, 3)","[(7, 12), (7, 11), (8, 11), (9, 11), (9, 10), (9, 9), (10, 9), (10, 8), (10, 7), (11, 7), (12, 7), (13, 7), (13, 6), (14, 6), (15, 6), (16, 6), (17, 6), (17, 5), (18, 5), (19, 5), (20, 5), (20, 4), (20, 3)]",255,1335,665,BFS,c3,h1,8
"(7, 12)","(20, 3)","[(7, 12), (7, 11), (7, 10), (8, 10), (9, 10), (9, 9), (9, 8), (10, 8), (10, 7), (11, 7), (12, 7), (12, 6), (12, 5), (13, 5), (14, 5), (15, 5), (15, 4), (16, 4), (17, 4), (18, 4), (18, 3), (19, 3), (20, 3)]",209,1294,643,BFS,c4,h1,8
"(7, 12)","(20, 3)","[(7, 12), (7, 11), (8, 11), (9, 11), (9, 10), (9, 9), (10, 9), (10, 8), (11, 8), (11, 7), (11, 6), (11, 5), (12, 5), (12, 4), (13, 4), (13, 3), (14, 3), (15, 3), (16, 3), (17, 3), (18, 3), (19, 3), (20, 3)]",220,1295,644,BFS,c1,h1,9
"(7, 12)","(20, 3)","[(7, 12), (8, 12), (9, 12), (10, 12), (11, 12), (12, 12), (12, 11), (13, 11), (13, 10), (14, 10), (15, 10), (16, 10), (17, 10), (17, 9), (17, 8), (18, 8), (18, 7), (19, 7), (19, 6), (20, 6), (20, 5), (20, 4), (20, 3)]",285,1327,660,BFS,c2,h1,9
"(7, 12)","(20, 3)","[(7, 12), (8, 12), (9, 12), (10, 12), (10, 11), (10, 10), (11, 10), (11, 9), (12, 9), (12, 8), (12, 7), (12, 6), (12, 5), (13, 5), (13, 4), (14, 4), (14, 3), (15, 3), (16, 3), (17, 3), (18, 3), (19, 3), (20, 3)]",254,1295,644,BFS,c3,h1,9
"(7, 12)","(20, 3)","[(7, 12), (8, 12), (8, 11), (9, 11), (10, 11), (10, 10), (10, 9), (10, 8), (11, 8), (11, 7), (12, 7), (13, 7), (14, 7), (14, 6), (14, 5), (15, 5), (15, 4), (16, 4), (17, 4), (18, 4), (19, 4), (20, 4), (20, 3)]",221,1327,660,BFS,c4,h1,9
"(7, 12)","(20, 3)","[(7, 12), (7, 11), (7, 10), (8, 10), (8, 9), (8, 8), (9, 8), (9, 7), (9, 6), (9, 5), (9, 4), (10, 4), (11, 4), (12, 4), (13, 4), (14, 4), (14, 3), (15, 3), (16, 3), (17, 3), (18, 3), (19, 3), (20, 3)]",220,1331,663,BFS,c1,h1,10
"(7, 12)","(20, 3)","[(7, 12), (8, 12), (9, 12), (9, 11), (9, 10), (9, 9), (9, 8), (9, 7), (10, 7), (10, 6), (10, 5), (11, 5), (11, 4), (11, 3), (12, 3), (13, 3), (14, 3), (15, 3), (16, 3), (17, 3), (18, 3), (19, 3), (20, 3)]",285,1295,644,BFS,c2,h1,10
"(7, 12)","(20, 3)","[(7, 12), (7, 11), (7, 10), (7, 9), (7, 8), (8, 8), (8, 7), (8, 6), (9, 6), (10, 6), (10, 5), (10, 4), (10, 3), (11, 3), (12, 3), (13, 3), (14, 3), (15, 3), (16, 3), (17, 3), (18, 3), (19, 3), (20, 3)]",256,1336,666,BFS,c3,h1,10
"(7, 12)","(20, 3)","[(7, 12), (8, 12), (8, 11), (9, 11), (10, 11), (10, 10), (11, 10), (12, 10), (13, 10), (14, 10), (14, 9), (14, 8), (14, 7), (15, 7), (16, 7), (16, 6), (17, 6), (18, 6), (18, 5), (18, 4), (18, 3), (19, 3), (20, 3)]",208,1335,665,BFS,c4,h1,10
"(7, 12)","(20, 3)","[(7, 12), (8, 12), (9, 12), (10, 12), (11, 12), (12, 12), (13, 12), (13, 11), (14, 11), (14, 10), (14, 9), (15, 9), (16, 9), (16, 8), (17, 8), (18, 8), (19, 8), (19, 7), (20, 7), (20, 6), (20, 5), (20, 4), (20, 3)]",220,1337,666,BFS,c1,h1,11
"(7, 12)","(20, 3)","[(7, 12), (8, 12), (8, 11), (9, 11), (9, 10), (9, 9), (9, 8), (10, 8), (10, 7), (10, 6), (10, 5), (10, 4), (11, 4), (12, 4), (13, 4), (13, 3), (14, 3), (15, 3), (16, 3), (17, 3), (18, 3), (19, 3), (20, 3)]",285,1336,666,BFS,c2,h1,11
"(7, 12)","(20, 3)","[(7, 12), (7, 11), (8, 11), (9, 11), (9, 10), (10, 10), (10, 9), (10, 8), (11, 8), (11, 7), (12, 7), (13, 7), (13, 6), (14, 6), (14, 5), (15, 5), (16, 5), (16, 4), (16, 3), (17, 3), (18, 3), (19, 3), (20, 3)]",258,1295,644,BFS,c3,h1,11
"(7, 12)","(20, 3)","[(7, 12), (8, 12), (9, 12), (10, 12), (11, 12), (12, 12), (12, 11), (13, 11), (14, 11), (14, 10), (15, 10), (16, 10), (17, 10), (17, 9), (18, 9), (19, 9), (19, 8), (20, 8), (20, 7), (20, 6), (20, 5), (20, 4), (20, 3)]",214,1333,664,BFS,c4,h1,11
"(7, 12)","(20, 3)","[(7, 12), (8, 12), (8, 11), (8, 10), (9, 10), (10, 10), (11, 10), (11, 9), (12, 9), (13, 9), (13, 8), (14, 8), (15, 8), (15, 7), (16, 7), (17, 7), (18, 7), (18, 6), (19, 6), (19, 5), (19, 4), (19, 3), (20, 3)]",220,1298,646,BFS,c1,h1,12
"(7, 12)","(20, 3)","[(7, 12), (8, 12), (9, 12), (10, 12), (10, 11), (10, 10), (10, 9), (10, 8), (11, 8), (12, 8), (12, 7), (12, 6), (12, 5), (13, 5), (14, 5), (14, 4), (14, 3), (15, 3), (16, 3), (17, 3), (18, 3), (19, 3), (20, 3)]",285,1330,662,BFS,c2,h1,12
"(7, 12)","(20, 3)","[(7, 12), (8, 12), (8, 11), (9, 11), (10, 11), (10, 10), (10, 9), (11, 9), (11, 8), (12, 8), (12, 7), (13, 7), (14, 7), (14, 6), (15, 6), (16, 6), (17, 6), (18, 6), (19, 6), (19, 5), (19, 4), (19, 3), (20, 3)]",252,1331,663,BFS,c3,h1,12
"(7, 12)","(20, 3)","[(7, 12), (8, 12), (8, 11), (9, 11), (9, 10), (10, 10), (10, 9), (10, 8), (10, 7), (10, 6), (10, 5), (11, 5), (12, 5), (13, 5), (13, 4), (13, 3), (14, 3), (15, 3), (16, 3), (17, 3), (18, 3), (19, 3), (20, 3)]",223,1336,666,BFS,c4,h1,12
"(7, 12)","(20, 3)","[(7, 12), (7, 11), (7, 10), (8, 10), (8, 9), (8, 8), (9, 8), (10, 8), (10, 7), (11, 7), (12, 7), (13, 7), (14, 7), (15, 7), (16, 7), (16, 6), (16, 5), (17, 5), (17, 4), (17, 3), (18, 3), (19, 3), (20, 3)]",220,1295,644,BFS,c1,h1,13
"(7, 12)","(20, 3)","[(7, 12), (8, 12), (8, 11), (8, 10), (9, 10), (10, 10), (11, 10), (12, 10), (13, 10), (13, 9), (14, 9), (14, 8), (15, 8), (16, 8), (17, 8), (18, 8), (18, 7), (19, 7), (20, 7), (20, 6), (20, 5), (20, 4), (20, 3)]",285,1298,645,BFS,c2,h1,13
"(7, 12)","(20, 3)","[(7, 12), (8, 12), (9, 12), (9, 11), (10, 11), (11, 11), (12, 11), (13, 11), (13, 10), (13, 9), (13, 8), (14, 8), (14, 7), (14, 6), (15, 6), (15, 5), (16, 5), (16, 4), (17, 4), (17, 3), (18, 3), (19, 3), (20, 3)]",252,1292,642,BFS,c3,h1,13
"(7, 12)","(20, 3)","[(7, 12), (7, 11), (8, 11), (9, 11), (10, 11), (11, 11), (12, 11), (13, 11), (13, 10), (14, 10), (14, 9), (14, 8), (14, 7), (14, 6), (14, 5), (14, 4), (15, 4), (15, 3), (16, 3), (17, 3), (18, 3), (19, 3), (20, 3)]",223,1336,666,BFS,c4,h1,13
"(7, 12)","(20, 3)","[(7, 12), (8, 12), (8, 11), (8, 10), (9, 10), (10, 10), (11, 10), (11, 9), (12, 9), (12, 8), (13, 8), (13, 7), (13, 6), (14, 6), (14, 5), (14, 4), (14, 3), (15, 3), (16, 3), (17, 3), (18, 3), (19, 3), (20, 3)]",220,1330,662,BFS,c1,h1,14
"(7, 12)","(20, 3)","[(7, 12), (7, 11), (8, 11), (8, 10), (8, 9), (9, 9), (10, 9), (11, 9), (12, 9), (13, 9), (13, 8), (13, 7), (14, 7), (14, 6), (15, 6), (16, 6), (17, 6), (18, 6), (18, 5), (19, 5), (19, 4), (19, 3), (20, 3)]",285,1333,664,BFS,c2,h1,14
"(7, 12)","(20, 3)","[(7, 12), (7, 11), (8, 11), (8, 10), (8, 9), (9, 9), (9, 8), (10, 8), (10, 7), (11, 7), (12, 7), (12, 6), (12, 5), (13, 5), (13, 4), (13, 3), (14, 3), (15, 3), (16, 3), (17, 3), (18, 3), (19, 3), (20, 3)]",256,1295,644,BFS,c3,h1,14
"(7, 12)","(20, 3)","[(7, 12), (7, 11), (7, 10), (7, 9), (8, 9), (8, 8), (9, 8), (9, 7), (10, 7), (10, 6), (11, 6), (11, 5), (11, 4), (12, 4), (12, 3), (13, 3), (14, 3), (15, 3), (16, 3), (17, 3), (18, 3), (19, 3), (20, 3)]",216,1295,644,BFS,c4,h1,14
"(7, 12)","(20, 3)","[(7, 12), (7, 11), (8, 11), (9, 11), (10, 11), (11, 11), (11, 10), (12, 10), (13, 10), (14, 10), (15, 10), (16, 10), (17, 10), (17, 9), (17, 8), (18, 8), (18, 7), (19, 7), (20, 7), (20, 6), (20, 5), (20, 4), (20, 3)]",220,1298,645,BFS,c1,h1,15
"(7, 12)","(20, 3)","[(7, 12), (7, 11), (7, 10), (8, 10), (9, 10), (9, 9), (10, 9), (10, 8), (11, 8), (12, 8), (12, 7), (12, 6), (13, 6), (14, 6), (14, 5), (15, 5), (15, 4), (15, 3), (16, 3), (17, 3), (18, 3), (19, 3), (20, 3)]",285,1295,644,BFS,c2,h1,15
"(7, 12)","(20, 3)","[(7, 12), (7, 11), (7, 10), (8, 10), (9, 10), (10, 10), (11, 10), (12, 10), (12, 9), (12, 8), (13, 8), (14, 8), (15, 8), (15, 7), (16, 7), (16, 6), (16, 5), (17, 5), (17, 4), (17, 3), (18, 3), (19, 3), (20, 3)]",247,1294,643,BFS,c3,h1,15
"(7, 12)","(20, 3)","[(7, 12), (8, 12), (8, 11), (9, 11), (9, 10), (9, 9), (10, 9), (10, 8), (10, 7), (11, 7), (11, 6), (12, 6), (13, 6), (13, 5), (14, 5), (14, 4), (15, 4), (16, 4), (16, 3), (17, 3), (18, 3), (19, 3), (20, 3)]",216,1336,666,BFS,c4,h1,15
"(7, 12)","(20, 3)","[(7, 12), (8, 12), (8, 11), (8, 10), (8, 9), (9, 9), (10, 9), (10, 8), (10, 7), (11, 7), (11, 6), (12, 6), (12, 5), (13, 5), (13, 4), (14, 4), (15, 4), (16, 4), (16, 3), (17, 3), (18, 3), (19, 3), (20, 3)]",220,1295,644,BFS,c1,h1,16
"(7, 12)","(20, 3)","[(7, 12), (8, 12), (8, 11), (9, 11), (10, 11), (11, 11), (12, 11), (13, 11), (14, 11), (14, 10), (15, 10), (16, 10), (17, 10), (18, 10), (19, 10), (19, 9), (20, 9), (20, 8), (20, 7), (20, 6), (20, 5), (20, 4), (20, 3)]",285,1302,647,BFS,c2,h1,16
"(7, 12)","(20, 3)","[(7, 12), (7, 11), (7, 10), (8, 10), (9, 10), (9, 9), (10, 9), (10, 8), (11, 8), (11, 7), (12, 7), (12, 6), (12, 5), (12, 4), (12, 3), (13, 3), (14, 3), (15, 3), (16, 3), (17, 3), (18, 3), (19, 3), (20, 3)]",256,1295,644,BFS,c3,h1,16
"(7, 12)","(20, 3)","[(7, 12), (7, 11), (8, 11), (9, 11), (10, 11), (11, 11), (12, 11), (13, 11), (13, 10), (13, 9), (14, 9), (15, 9), (15, 8), (15, 7), (16, 7), (16, 6), (16, 5), (17, 5), (17, 4), (18, 4), (18, 3), (19, 3), (20, 3)]",210,1335,665,BFS,c4,h1,16
"(7, 12)","(20, 3)","[(7, 12), (7, 11), (7, 10), (7, 9), (7, 8), (8, 8), (8, 7), (9, 7), (9, 6), (9, 5), (10, 5), (11, 5), (12, 5), (12, 4), (13, 4), (13, 3), (14, 3), (15, 3), (16, 3), (17, 3), (18, 3), (19, 3), (20, 3)]",220,1336,666,BFS,c1,h1,17
"(7, 12)","(20, 3)","[(7, 12), (8, 12), (8, 11), (8, 10), (9, 10), (9, 9), (9, 8), (10, 8), (10, 7), (11, 7), (11, 6), (12, 6), (13, 6), (13, 5), (13, 4), (13, 3), (14, 3), (15, 3), (16, 3), (17, 3), (18, 3), (19, 3), (20, 3)]",285,1336,666,BFS,c2,h1,17
"(7, 12)","(20, 3)","[(7, 12), (8, 12), (8, 11), (8, 10), (9, 10), (9, 9), (10, 9), (11, 9), (12, 9), (12, 8), (12, 7), (13, 7), (13, 6), (13, 5), (14, 5), (14, 4), (14, 3), (15, 3), (16, 3), (17, 3), (18, 3), (19, 3), (20, 3)]",249,1295,644,BFS,c3,h1,17
"(7, 12)","(20, 3)","[(7, 12), (8, 12), (9, 12), (10, 12), (10, 11), (10, 10), (11, 10), (11, 9), (11, 8), (12, 8), (13, 8), (13, 7), (13, 6), (13, 5), (14, 5), (15, 5), (15, 4), (16, 4), (16, 3), (17, 3), (18, 3), (19, 3), (20, 3)]",220,1335,665,BFS,c4,h1,17
"(7, 12)","(20, 3)","[(7, 12), (7, 11), (7, 10), (7, 9), (8, 9), (9, 9), (9, 8), (9, 7), (9, 6), (9, 5), (10, 5), (10, 4), (11, 4), (11, 3), (12, 3), (13, 3), (14, 3), (15, 3), (16, 3), (17, 3), (18, 3), (19, 3), (20, 3)]",220,1336,666,BFS,c1,h1,18
"(7, 12)","(20, 3)","[(7, 12), (7, 11), (7, 10), (7, 9), (7, 8), (8, 8), (8, 7), (9, 7), (9, 6), (10, 6), (10, 5), (11, 5), (12, 5), (13, 5), (14, 5), (14, 4), (15, 4), (15, 3), (16, 3), (17, 3), (18, 3), (19, 3), (20, 3)]",285,1336,666,BFS,c2,h1,18
"(7, 12)","(20, 3)","[(7, 12), (8, 12), (9, 12), (10, 12), (10, 11), (11, 11), (12, 11), (13, 11), (13, 10), (14, 10), (14, 9), (14, 8), (14, 7), (14, 6), (14, 5), (15, 5), (16, 5), (17, 5), (18, 5), (19, 5), (20, 5), (20, 4), (20, 3)]",251,1335,665,BFS,c3,h1,18
"(7, 12)","(20, 3)","[(7, 12), (7, 11), (8, 11), (9, 11), (9, 10), (9, 9), (9, 8), (9, 7), (10, 7), (11, 7), (11, 6), (11, 5), (12, 5), (12, 4), (12, 3), (13, 3), (14, 3), (15, 3), (16, 3), (17, 3), (18, 3), (19, 3), (20, 3)]",221,1295,644,BFS,c4,h1,18
"(7, 12)","(20, 3)","[(7, 12), (8, 12), (9, 12), (10, 12), (11, 12), (12, 12), (13, 12), (13, 11), (13, 10), (13, 9), (13, 8), (14, 8), (14, 7), (15, 7), (16, 7), (16, 6), (16, 5), (17, 5), (18, 5), (18, 4), (18, 3), (19, 3), (20, 3)]",220,1292,642,BFS,c1,h1,19
"(7, 12)","(20, 3)","[(7, 12), (8, 12), (9, 12), (9, 11), (10, 11), (10, 10), (10, 9), (11, 9), (11, 8), (12, 8), (13, 8), (14, 8), (14, 7), (15, 7), (15, 6), (16, 6), (17, 6), (17, 5), (17, 4), (17, 3), (18, 3), (19, 3), (20, 3)]",285,1330,662,BFS,c2,h1,19
"(7, 12)","(20, 3)","[(7, 12), (7, 11), (8, 11), (8, 10), (8, 9), (8, 8), (8, 7), (8, 6), (9, 6), (9, 5), (9, 4), (10, 4), (10, 3), (11, 3), (12, 3), (13, 3), (14, 3), (15, 3), (16, 3), (17, 3), (18, 3), (19, 3), (20, 3)]",255,1295,644,BFS,c3,h1,19
"(7, 12)","(20, 3)","[(7, 12), (8, 12), (9, 12), (10, 12), (11, 12), (11, 11), (12, 11), (12, 10), (12, 9), (13, 9), (14, 9), (15, 9), (15, 8), (15, 7), (16, 7), (16, 6), (17, 6), (17, 5), (18, 5), (19, 5), (20, 5), (20, 4), (20, 3)]",228,1294,643,BFS,c4,h1,19
"(7, 12)","(20, 3)","[(7, 12), (7, 11), (7, 10), (7, 9), (7, 8), (8, 8), (8, 7), (9, 7), (9, 6), (9, 5), (10, 5), (10, 4), (10, 3), (11, 3), (12, 3), (13, 3), (14, 3), (15, 3), (16, 3), (17, 3), (18, 3), (19, 3), (20, 3)]",220,1295,644,BFS,c1,h1,20
"(7, 12)","(20, 3)","[(7, 12), (7, 11), (8, 11), (9, 11), (9, 10), (9, 9), (10, 9), (10, 8), (11, 8), (11, 7), (11, 6), (12, 6), (12, 5), (12, 4), (13, 4), (13, 3), (14, 3), (15, 3), (16, 3), (17, 3), (18, 3), (19, 3), (20, 3)]",285,1295,644,BFS,c2,h1,20
"(7, 12)","(20, 3)","[(7, 12), (7, 11), (8, 11), (9, 11), (10, 11), (11, 11), (12, 11), (13, 11), (14, 11), (14, 10), (14, 9), (14, 8), (14, 7), (15, 7), (15, 6), (16, 6), (17, 6), (17, 5), (18, 5), (18, 4), (18, 3), (19, 3), (20, 3)]",253,1290,641,BFS,c3,h1,20
"(7, 12)","(20, 3)","[(7, 12), (7, 11), (7, 10), (7, 9), (8, 9), (8, 8), (9, 8), (10, 8), (10, 7), (11, 7), (11, 6), (12, 6), (13, 6), (14, 6), (14, 5), (15, 5), (15, 4), (16, 4), (16, 3), (17, 3), (18, 3), (19, 3), (20, 3)]",207,1336,666,BFS,c4,h1,20
"(12, 0)","(10, 29)","[(12, 0), (11, 0), (11, 1), (10, 1), (10, 2), (10, 3), (10, 4), (10, 5), (10, 6), (10, 7), (10, 8), (10, 9), (10, 10), (10, 11), (10, 12), (10, 13), (10, 14), (10, 15), (10, 16), (10, 17), (10, 18), (10, 19), (10, 20), (10, 21), (10, 22), (10, 23), (10, 24), (10, 25), (10, 26), (10, 27), (10, 28), (10, 29)]",310,1442,723,BFS,c1,h1,1
"(12, 0)","(10, 29)","[(12, 0), (12, 1), (12, 2), (12, 3), (12, 4), (12, 5), (11, 5), (10, 5), (10, 6), (10, 7), (10, 8), (10, 9), (10, 10), (10, 11), (10, 12), (10, 13), (10, 14), (10, 15), (10, 16), (10, 17), (10, 18), (10, 19), (10, 20), (10, 21), (10, 22), (10, 23), (10, 24), (10, 25), (10, 26), (10, 27), (10, 28), (10, 29)]",320,1476,741,BFS,c2,h1,1
"(12, 0)","(10, 29)","[(12, 0), (11, 0), (10, 0), (10, 1), (10, 2), (10, 3), (10, 4), (10, 5), (10, 6), (10, 7), (10, 8), (10, 9), (10, 10), (10, 11), (10, 12), (10, 13), (10, 14), (10, 15), (10, 16), (10, 17), (10, 18), (10, 19), (10, 20), (10, 21), (10, 22), (10, 23), (10, 24), (10, 25), (10, 26), (10, 27), (10, 28), (10, 29)]",317,1442,723,BFS,c3,h1,1
"(12, 0)","(10, 29)","[(12, 0), (12, 1), (12, 2), (11, 2), (10, 2), (10, 3), (10, 4), (10, 5), (10, 6), (10, 7), (10, 8), (10, 9), (10, 10), (10, 11), (10, 12), (10, 13), (10, 14), (10, 15), (10, 16), (10, 17), (10, 18), (10, 19), (10, 20), (10, 21), (10, 22), (10, 23), (10, 24), (10, 25), (10, 26), (10, 27), (10, 28), (10, 29)]",313,1476,741,BFS,c4,h1,1
"(12, 0)","(10, 29)","[(12, 0), (12, 1), (11, 1), (11, 2), (10, 2), (10, 3), (10, 4), (10, 5), (10, 6), (10, 7), (10, 8), (10, 9), (10, 10), (10, 11), (10, 12), (10, 13), (10, 14), (10, 15), (10, 16), (10, 17), (10, 18), (10, 19), (10, 20), (10, 21), (10, 22), (10, 23), (10, 24), (10, 25), (10, 26), (10, 27), (10, 28), (10, 29)]",310,1476,741,BFS,c1,h1,2
"(12, 0)","(10, 29)","[(12, 0), (11, 0), (11, 1), (10, 1), (10, 2), (10, 3), (10, 4), (10, 5), (10, 6), (10, 7), (10, 8), (10, 9), (10, 10), (10, 11), (10, 12), (10, 13), (10, 14), (10, 15), (10, 16), (10, 17), (10, 18), (10, 19), (10, 20), (10, 21), (10, 22), (10, 23), (10, 24), (10, 25), (10, 26), (10, 27), (10, 28), (10, 29)]",320,1442,723,BFS,c2,h1,2
"(12, 0)","(10, 29)","[(12, 0), (12, 1), (11, 1), (11, 2), (11, 3), (10, 3), (10, 4), (10, 5), (10, 6), (10, 7), (10, 8), (10, 9), (10, 10), (10, 11), (10, 12), (10, 13), (10, 14), (10, 15), (10, 16), (10, 17), (10, 18), (10, 19), (10, 20), (10, 21), (10, 22), (10, 23), (10, 24), (10, 25), (10, 26), (10, 27), (10, 28), (10, 29)]",313,1476,741,BFS,c3,h1,2
"(12, 0)","(10, 29)","[(12, 0), (11, 0), (10, 0), (10, 1), (10, 2), (10, 3), (10, 4), (10, 5), (10, 6), (10, 7), (10, 8), (10, 9), (10, 10), (10, 11), (10, 12), (10, 13), (10, 14), (10, 15), (10, 16), (10, 17), (10, 18), (10, 19), (10, 20), (10, 21), (10, 22), (10, 23), (10, 24), (10, 25), (10, 26), (10, 27), (10, 28), (10, 29)]",317,1442,723,BFS,c4,h1,2
"(12, 0)","(10, 29)","[(12, 0), (12, 1), (11, 1), (10, 1), (10, 2), (10, 3), (10, 4), (10, 5), (10, 6), (10, 7), (10, 8), (10, 9), (10, 10), (10, 11), (10, 12), (10, 13), (10, 14), (10, 15), (10, 16), (10, 17), (10, 18), (10, 19), (10, 20), (10, 21), (10, 22), (10, 23), (10, 24), (10, 25), (10, 26), (10, 27), (10, 28), (10, 29)]",310,1442,723,BFS,c1,h1,3
"(12, 0)","(10, 29)","[(12, 0), (12, 1), (12, 2), (11, 2), (11, 3), (11, 4), (10, 4), (10, 5), (10, 6), (10, 7), (10, 8), (10, 9), (10, 10), (10, 11), (10, 12), (10, 13), (10, 14), (10, 15), (10, 16), (10, 17), (10, 18), (10, 19), (10, 20), (10, 21), (10, 22), (10, 23), (10, 24), (10, 25), (10, 26), (10, 27), (10, 28), (10, 29)]",320,1476,741,BFS,c2,h1,3
"(12, 0)","(10, 29)","[(12, 0), (11, 0), (11, 1), (10, 1), (10, 2), (10, 3), (10, 4), (10, 5), (10, 6), (10, 7), (10, 8), (10, 9), (10, 10), (10, 11), (10, 12), (10, 13), (10, 14), (10, 15), (10, 16), (10, 17), (10, 18), (10, 19), (10, 20), (10, 21), (10, 22), (10, 23), (10, 24), (10, 25), (10, 26), (10, 27), (10, 28), (10, 29)]",316,1442,723,BFS,c3,h1,3
"(12, 0)","(10, 29)","[(12, 0), (11, 0), (10, 0), (10, 1), (10, 2), (10, 3), (10, 4), (10, 5), (10, 6), (10, 7), (10, 8), (10, 9), (10, 10), (10, 11), (10, 12), (10, 13), (10, 14), (10, 15), (10, 16), (10, 17), (10, 18), (10, 19), (10, 20), (10, 21), (10, 22), (10, 23), (10, 24), (10, 25), (10, 26), (10, 27), (10, 28), (10, 29)]",317,1476,741,BFS,c4,h1,3
"(12, 0)","(10, 29)","[(12, 0), (12, 1), (11, 1), (10, 1), (10, 2), (10, 3), (10, 4), (10, 5), (10, 6), (10, 7), (10, 8), (10, 9), (10, 10), (10, 11), (10, 12), (10, 13), (10, 14), (10, 15), (10, 16), (10, 17), (10, 18), (10, 19), (10, 20), (10, 21), (10, 22), (10, 23), (10, 24), (10, 25), (10, 26), (10, 27), (10, 28), (10, 29)]",310,1442,723,BFS,c1,h1,4
"(12, 0)","(10, 29)","[(12, 0), (12, 1), (11, 1), (11, 2), (11, 3), (11, 4), (10, 4), (10, 5), (10, 6), (10, 7), (10, 8), (10, 9), (10, 10), (10, 11), (10, 12), (10, 13), (10, 14), (10, 15), (10, 16), (10, 17), (10, 18), (10, 19), (10, 20), (10, 21), (10, 22), (10, 23), (10, 24), (10, 25), (10, 26), (10, 27), (10, 28), (10, 29)]",320,1442,723,BFS,c2,h1,4
"(12, 0)","(10, 29)","[(12, 0), (11, 0), (11, 1), (10, 1), (10, 2), (10, 3), (10, 4), (10, 5), (10, 6), (10, 7), (10, 8), (10, 9), (10, 10), (10, 11), (10, 12), (10, 13), (10, 14), (10, 15), (10, 16), (10, 17), (10, 18), (10, 19), (10, 20), (10, 21), (10, 22), (10, 23), (10, 24), (10, 25), (10, 26), (10, 27), (10, 28), (10, 29)]",316,1476,741,BFS,c3,h1,4
"(12, 0)","(10, 29)","[(12, 0), (11, 0), (11, 1), (11, 2), (11, 3), (10, 3), (10, 4), (10, 5), (10, 6), (10, 7), (10, 8), (10, 9), (10, 10), (10, 11), (10, 12), (10, 13), (10, 14), (10, 15), (10, 16), (10, 17), (10, 18), (10, 19), (10, 20), (10, 21), (10, 22), (10, 23), (10, 24), (10, 25), (10, 26), (10, 27), (10, 28), (10, 29)]",314,1442,723,BFS,c4,h1,4
"(12, 0)","(10, 29)","[(12, 0), (12, 1), (11, 1), (10, 1), (10, 2), (10, 3), (10, 4), (10, 5), (10, 6), (10, 7), (10, 8), (10, 9), (10, 10), (10, 11), (10, 12), (10, 13), (10, 14), (10, 15), (10, 16), (10, 17), (10, 18), (10, 19), (10, 20), (10, 21), (10, 22), (10, 23), (10, 24), (10, 25), (10, 26), (10, 27), (10, 28), (10, 29)]",310,1476,741,BFS,c1,h1,5
"(12, 0)","(10, 29)","[(12, 0), (12, 1), (12, 2), (12, 3), (11, 3), (10, 3), (10, 4), (10, 5), (10, 6), (10, 7), (10, 8), (10, 9), (10, 10), (10, 11), (10, 12), (10, 13), (10, 14), (10, 15), (10, 16), (10, 17), (10, 18), (10, 19), (10, 20), (10, 21), (10, 22), (10, 23), (10, 24), (10, 25), (10, 26), (10, 27), (10, 28), (10, 29)]",320,1476,741,BFS,c2,h1,5
"(12, 0)","(10, 29)","[(12, 0), (12, 1), (12, 2), (11, 2), (10, 2), (10, 3), (10, 4), (10, 5), (10, 6), (10, 7), (10, 8), (10, 9), (10, 10), (10, 11), (10, 12), (10, 13), (10, 14), (10, 15), (10, 16), (10, 17), (10, 18), (10, 19), (10, 20), (10, 21), (10, 22), (10, 23), (10, 24), (10, 25), (10, 26), (10, 27), (10, 28), (10, 29)]",313,1442,723,BFS,c3,h1,5
"(12, 0)","(10, 29)","[(12, 0), (12, 1), (11, 1), (11, 2), (11, 3), (10, 3), (10, 4), (10, 5), (10, 6), (10, 7), (10, 8), (10, 9), (10, 10), (10, 11), (10, 12), (10, 13), (10, 14), (10, 15), (10, 16), (10, 17), (10, 18), (10, 19), (10, 20), (10, 21), (10, 22), (10, 23), (10, 24), (10, 25), (10, 26), (10, 27), (10, 28), (10, 29)]",313,1442,723,BFS,c4,h1,5
"(12, 0)","(10, 29)","[(12, 0), (12, 1), (11, 1), (11, 2), (10, 2), (10, 3), (10, 4), (10, 5), (10, 6), (10, 7), (10, 8), (10, 9), (10, 10), (10, 11), (10, 12), (10, 13), (10, 14), (10, 15), (10, 16), (10, 17), (10, 18), (10, 19), (10, 20), (10, 21), (10, 22), (10, 23), (10, 24), (10, 25), (10, 26), (10, 27), (10, 28), (10, 29)]",310,1442,723,BFS,c1,h1,6
"(12, 0)","(10, 29)","[(12, 0), (11, 0), (10, 0), (10, 1), (10, 2), (10, 3), (10, 4), (10, 5), (10, 6), (10, 7), (10, 8), (10, 9), (10, 10), (10, 11), (10, 12), (10, 13), (10, 14), (10, 15), (10, 16), (10, 17), (10, 18), (10, 19), (10, 20), (10, 21), (10, 22), (10, 23), (10, 24), (10, 25), (10, 26), (10, 27), (10, 28), (10, 29)]",320,1442,723,BFS,c2,h1,6
"(12, 0)","(10, 29)","[(12, 0), (12, 1), (12, 2), (12, 3), (11, 3), (11, 4), (10, 4), (10, 5), (10, 6), (10, 7), (10, 8), (10, 9), (10, 10), (10, 11), (10, 12), (10, 13), (10, 14), (10, 15), (10, 16), (10, 17), (10, 18), (10, 19), (10, 20), (10, 21), (10, 22), (10, 23), (10, 24), (10, 25), (10, 26), (10, 27), (10, 28), (10, 29)]",312,1476,741,BFS,c3,h1,6
"(12, 0)","(10, 29)","[(12, 0), (11, 0), (10, 0), (10, 1), (10, 2), (10, 3), (10, 4), (10, 5), (10, 6), (10, 7), (10, 8), (10, 9), (10, 10), (10, 11), (10, 12), (10, 13), (10, 14), (10, 15), (10, 16), (10, 17), (10, 18), (10, 19), (10, 20), (10, 21), (10, 22), (10, 23), (10, 24), (10, 25), (10, 26), (10, 27), (10, 28), (10, 29)]",317,1442,723,BFS,c4,h1,6
"(12, 0)","(10, 29)","[(12, 0), (12, 1), (12, 2), (12, 3), (12, 4), (11, 4), (11, 5), (11, 6), (11, 7), (10, 7), (10, 8), (10, 9), (10, 10), (10, 11), (10, 12), (10, 13), (10, 14), (10, 15), (10, 16), (10, 17), (10, 18), (10, 19), (10, 20), (10, 21), (10, 22), (10, 23), (10, 24), (10, 25), (10, 26), (10, 27), (10, 28), (10, 29)]",310,1476,741,BFS,c1,h1,7
"(12, 0)","(10, 29)","[(12, 0), (11, 0), (11, 1), (10, 1), (10, 2), (10, 3), (10, 4), (10, 5), (10, 6), (10, 7), (10, 8), (10, 9), (10, 10), (10, 11), (10, 12), (10, 13), (10, 14), (10, 15), (10, 16), (10, 17), (10, 18), (10, 19), (10, 20), (10, 21), (10, 22), (10, 23), (10, 24), (10, 25), (10, 26), (10, 27), (10, 28), (10, 29)]",320,1476,741,BFS,c2,h1,7
"(12, 0)","(10, 29)","[(12, 0), (11, 0), (10, 0), (10, 1), (10, 2), (10, 3), (10, 4), (10, 5), (10, 6), (10, 7), (10, 8), (10, 9), (10, 10), (10, 11), (10, 12), (10, 13), (10, 14), (10, 15), (10, 16), (10, 17), (10, 18), (10, 19), (10, 20), (10, 21), (10, 22), (10, 23), (10, 24), (10, 25), (10, 26), (10, 27), (10, 28), (10, 29)]",317,1476,741,BFS,c3,h1,7
"(12, 0)","(10, 29)","[(12, 0), (11, 0), (10, 0), (10, 1), (10, 2), (10, 3), (10, 4), (10, 5), (10, 6), (10, 7), (10, 8), (10, 9), (10, 10), (10, 11), (10, 12), (10, 13), (10, 14), (10, 15), (10, 16), (10, 17), (10, 18), (10, 19), (10, 20), (10, 21), (10, 22), (10, 23), (10, 24), (10, 25), (10, 26), (10, 27), (10, 28), (10, 29)]",317,1442,723,BFS,c4,h1,7
"(12, 0)","(10, 29)","[(12, 0), (12, 1), (11, 1), (10, 1), (10, 2), (10, 3), (10, 4), (10, 5), (10, 6), (10, 7), (10, 8), (10, 9), (10, 10), (10, 11), (10, 12), (10, 13), (10, 14), (10, 15), (10, 16), (10, 17), (10, 18), (10, 19), (10, 20), (10, 21), (10, 22), (10, 23), (10, 24), (10, 25), (10, 26), (10, 27), (10, 28), (10, 29)]",310,1442,723,BFS,c1,h1,8
"(12, 0)","(10, 29)","[(12, 0), (11, 0), (11, 1), (11, 2), (10, 2), (10, 3), (10, 4), (10, 5), (10, 6), (10, 7), (10, 8), (10, 9), (10, 10), (10, 11), (10, 12), (10, 13), (10, 14), (10, 15), (10, 16), (10, 17), (10, 18), (10, 19), (10, 20), (10, 21), (10, 22), (10, 23), (10, 24), (10, 25), (10, 26), (10, 27), (10, 28), (10, 29)]",320,1442,723,BFS,c2,h1,8
"(12, 0)","(10, 29)","[(12, 0), (12, 1), (11, 1), (11, 2), (10, 2), (10, 3), (10, 4), (10, 5), (10, 6), (10, 7), (10, 8), (10, 9), (10, 10), (10, 11), (10, 12), (10, 13), (10, 14), (10, 15), (10, 16), (10, 17), (10, 18), (10, 19), (10, 20), (10, 21), (10, 22), (10, 23), (10, 24), (10, 25), (10, 26), (10, 27), (10, 28), (10, 29)]",314,1442,723,BFS,c3,h1,8
"(12, 0)","(10, 29)","[(12, 0), (12, 1), (11, 1), (11, 2), (11, 3), (10, 3), (10, 4), (10, 5), (10, 6), (10, 7), (10, 8), (10, 9), (10, 10), (10, 11), (10, 12), (10, 13), (10, 14), (10, 15), (10, 16), (10, 17), (10, 18), (10, 19), (10, 20), (10, 21), (10, 22), (10, 23), (10, 24), (10, 25), (10, 26), (10, 27), (10, 28), (10, 29)]",313,1476,741,BFS,c4,h1,8
"(12, 0)","(10, 29)","[(12, 0), (11, 0), (10, 0), (10, 1), (10, 2), (10, 3), (10, 4), (10, 5), (10, 6), (10, 7), (10, 8), (10, 9), (10, 10), (10, 11), (10, 12), (10, 13), (10, 14), (10, 15), (10, 16), (10, 17), (10, 18), (10, 19), (10, 20), (10, 21), (10, 22), (10, 23), (10, 24), (10, 25), (10, 26), (10, 27), (10, 28), (10, 29)]",310,1442,723,BFS,c1,h1,9
"(12, 0)","(10, 29)","[(12, 0), (12, 1), (11, 1), (11, 2), (11, 3), (11, 4), (10, 4), (10, 5), (10, 6), (10, 7), (10, 8), (10, 9), (10, 10), (10, 11), (10, 12), (10, 13), (10, 14), (10, 15), (10, 16), (10, 17), (10, 18), (10, 19), (10, 20), (10, 21), (10, 22), (10, 23), (10, 24), (10, 25), (10, 26), (10, 27), (10, 28), (10, 29)]",320,1442,723,BFS,c2,h1,9
"(12, 0)","(10, 29)","[(12, 0), (11, 0), (10, 0), (10, 1), (10, 2), (10, 3), (10, 4), (10, 5), (10, 6), (10, 7), (10, 8), (10, 9), (10, 10), (10, 11), (10, 12), (10, 13), (10, 14), (10, 15), (10, 16), (10, 17), (10, 18), (10, 19), (10, 20), (10, 21), (10, 22), (10, 23), (10, 24), (10, 25), (10, 26), (10, 27), (10, 28), (10, 29)]",317,1442,723,BFS,c3,h1,9
"(12, 0)","(10, 29)","[(12, 0), (12, 1), (12, 2), (12, 3), (12, 4), (12, 5), (12, 6), (11, 6), (10, 6), (10, 7), (10, 8), (10, 9), (10, 10), (10, 11), (10, 12), (10, 13), (10, 14), (10, 15), (10, 16), (10, 17), (10, 18), (10, 19), (10, 20), (10, 21), (10, 22), (10, 23), (10, 24), (10, 25), (10, 26), (10, 27), (10, 28), (10, 29)]",305,1476,741,BFS,c4,h1,9
"(12, 0)","(10, 29)","[(12, 0), (12, 1), (11, 1), (10, 1), (10, 2), (10, 3), (10, 4), (10, 5), (10, 6), (10, 7), (10, 8), (10, 9), (10, 10), (10, 11), (10, 12), (10, 13), (10, 14), (10, 15), (10, 16), (10, 17), (10, 18), (10, 19), (10, 20), (10, 21), (10, 22), (10, 23), (10, 24), (10, 25), (10, 26), (10, 27), (10, 28), (10, 29)]",310,1442,723,BFS,c1,h1,10
"(12, 0)","(10, 29)","[(12, 0), (11, 0), (10, 0), (10, 1), (10, 2), (10, 3), (10, 4), (10, 5), (10, 6), (10, 7), (10, 8), (10, 9), (10, 10), (10, 11), (10, 12), (10, 13), (10, 14), (10, 15), (10, 16), (10, 17), (10, 18), (10, 19), (10, 20), (10, 21), (10, 22), (10, 23), (10, 24), (10, 25), (10, 26), (10, 27), (10, 28), (10, 29)]",320,1442,723,BFS,c2,h1,10
"(12, 0)","(10, 29)","[(12, 0), (12, 1), (12, 2), (11, 2), (11, 3), (10, 3), (10, 4), (10, 5), (10, 6), (10, 7), (10, 8), (10, 9), (10, 10), (10, 11), (10, 12), (10, 13), (10, 14), (10, 15), (10, 16), (10, 17), (10, 18), (10, 19), (10, 20), (10, 21), (10, 22), (10, 23), (10, 24), (10, 25), (10, 26), (10, 27), (10, 28), (10, 29)]",312,1476,741,BFS,c3,h1,10
"(12, 0)","(10, 29)","[(12, 0), (12, 1), (11, 1), (10, 1), (10, 2), (10, 3), (10, 4), (10, 5), (10, 6), (10, 7), (10, 8), (10, 9), (10, 10), (10, 11), (10, 12), (10, 13), (10, 14), (10, 15), (10, 16), (10, 17), (10, 18), (10, 19), (10, 20), (10, 21), (10, 22), (10, 23), (10, 24), (10, 25), (10, 26), (10, 27), (10, 28), (10, 29)]",315,1476,741,BFS,c4,h1,10
"(12, 0)","(10, 29)","[(12, 0), (11, 0), (11, 1), (10, 1), (10, 2), (10, 3), (10, 4), (10, 5), (10, 6), (10, 7), (10, 8), (10, 9), (10, 10), (10, 11), (10, 12), (10, 13), (10, 14), (10, 15), (10, 16), (10, 17), (10, 18), (10, 19), (10, 20), (10, 21), (10, 22), (10, 23), (10, 24), (10, 25), (10, 26), (10, 27), (10, 28), (10, 29)]",310,1442,723,BFS,c1,h1,11
"(12, 0)","(10, 29)","[(12, 0), (12, 1), (11, 1), (11, 2), (10, 2), (10, 3), (10, 4), (10, 5), (10, 6), (10, 7), (10, 8), (10, 9), (10, 10), (10, 11), (10, 12), (10, 13), (10, 14), (10, 15), (10, 16), (10, 17), (10, 18), (10, 19), (10, 20), (10, 21), (10, 22), (10, 23), (10, 24), (10, 25), (10, 26), (10, 27), (10, 28), (10, 29)]",320,1476,741,BFS,c2,h1,11
"(12, 0)","(10, 29)","[(12, 0), (11, 0), (10, 0), (10, 1), (10, 2), (10, 3), (10, 4), (10, 5), (10, 6), (10, 7), (10, 8), (10, 9), (10, 10), (10, 11), (10, 12), (10, 13), (10, 14), (10, 15), (10, 16), (10, 17), (10, 18), (10, 19), (10, 20), (10, 21), (10, 22), (10, 23), (10, 24), (10, 25), (10, 26), (10, 27), (10, 28), (10, 29)]",317,1442,723,BFS,c3,h1,11
"(12, 0)","(10, 29)","[(12, 0), (12, 1), (11, 1), (10, 1), (10, 2), (10, 3), (10, 4), (10, 5), (10, 6), (10, 7), (10, 8), (10, 9), (10, 10), (10, 11), (10, 12), (10, 13), (10, 14), (10, 15), (10, 16), (10, 17), (10, 18), (10, 19), (10, 20), (10, 21), (10, 22), (10, 23), (10, 24), (10, 25), (10, 26), (10, 27), (10, 28), (10, 29)]",315,1476,741,BFS,c4,h1,11
"(12, 0)","(10, 29)","[(12, 0), (11, 0), (11, 1), (11, 2), (10, 2), (10, 3), (10, 4), (10, 5), (10, 6), (10, 7), (10, 8), (10, 9), (10, 10), (10, 11), (10, 12), (10, 13), (10, 14), (10, 15), (10, 16), (10, 17), (10, 18), (10, 19), (10, 20), (10, 21), (10, 22), (10, 23), (10, 24), (10, 25), (10, 26), (10, 27), (10, 28), (10, 29)]",310,1442,723,BFS,c1,h1,12
"(12, 0)","(10, 29)","[(12, 0), (12, 1), (11, 1), (11, 2), (10, 2), (10, 3), (10, 4), (10, 5), (10, 6), (10, 7), (10, 8), (10, 9), (10, 10), (10, 11), (10, 12), (10, 13), (10, 14), (10, 15), (10, 16), (10, 17), (10, 18), (10, 19), (10, 20), (10, 21), (10, 22), (10, 23), (10, 24), (10, 25), (10, 26), (10, 27), (10, 28), (10, 29)]",320,1476,741,BFS,c2,h1,12
"(12, 0)","(10, 29)","[(12, 0), (12, 1), (11, 1), (10, 1), (10, 2), (10, 3), (10, 4), (10, 5), (10, 6), (10, 7), (10, 8), (10, 9), (10, 10), (10, 11), (10, 12), (10, 13), (10, 14), (10, 15), (10, 16), (10, 17), (10, 18), (10, 19), (10, 20), (10, 21), (10, 22), (10, 23), (10, 24), (10, 25), (10, 26), (10, 27), (10, 28), (10, 29)]",315,1442,723,BFS,c3,h1,12
"(12, 0)","(10, 29)","[(12, 0), (12, 1), (11, 1), (11, 2), (10, 2), (10, 3), (10, 4), (10, 5), (10, 6), (10, 7), (10, 8), (10, 9), (10, 10), (10, 11), (10, 12), (10, 13), (10, 14), (10, 15), (10, 16), (10, 17), (10, 18), (10, 19), (10, 20), (10, 21), (10, 22), (10, 23), (10, 24), (10, 25), (10, 26), (10, 27), (10, 28), (10, 29)]",314,1476,741,BFS,c4,h1,12
"(12, 0)","(10, 29)","[(12, 0), (11, 0), (11, 1), (10, 1), (10, 2), (10, 3), (10, 4), (10, 5), (10, 6), (10, 7), (10, 8), (10, 9), (10, 10), (10, 11), (10, 12), (10, 13), (10, 14), (10, 15), (10, 16), (10, 17), (10, 18), (10, 19), (10, 20), (10, 21), (10, 22), (10, 23), (10, 24), (10, 25), (10, 26), (10, 27), (10, 28), (10, 29)]",310,1442,723,BFS,c1,h1,13
"(12, 0)","(10, 29)","[(12, 0), (11, 0), (11, 1), (11, 2), (11, 3), (11, 4), (11, 5), (10, 5), (10, 6), (10, 7), (10, 8), (10, 9), (10, 10), (10, 11), (10, 12), (10, 13), (10, 14), (10, 15), (10, 16), (10, 17), (10, 18), (10, 19), (10, 20), (10, 21), (10, 22), (10, 23), (10, 24), (10, 25), (10, 26), (10, 27), (10, 28), (10, 29)]",320,1476,741,BFS,c2,h1,13
"(12, 0)","(10, 29)","[(12, 0), (11, 0), (11, 1), (11, 2), (11, 3), (10, 3), (10, 4), (10, 5), (10, 6), (10, 7), (10, 8), (10, 9), (10, 10), (10, 11), (10, 12), (10, 13), (10, 14), (10, 15), (10, 16), (10, 17), (10, 18), (10, 19), (10, 20), (10, 21), (10, 22), (10, 23), (10, 24), (10, 25), (10, 26), (10, 27), (10, 28), (10, 29)]",314,1442,723,BFS,c3,h1,13
"(12, 0)","(10, 29)","[(12, 0), (11, 0), (10, 0), (10, 1), (10, 2), (10, 3), (10, 4), (10, 5), (10, 6), (10, 7), (10, 8), (10, 9), (10, 10), (10, 11), (10, 12), (10, 13), (10, 14), (10, 15), (10, 16), (10, 17), (10, 18), (10, 19), (10, 20), (10, 21), (10, 22), (10, 23), (10, 24), (10, 25), (10, 26), (10, 27), (10, 28), (10, 29)]",317,1442,723,BFS,c4,h1,13
"(12, 0)","(10, 29)","[(12, 0), (12, 1), (12, 2), (11, 2), (11, 3), (11, 4), (11, 5), (10, 5), (10, 6), (10, 7), (10, 8), (10, 9), (10, 10), (10, 11), (10, 12), (10, 13), (10, 14), (10, 15), (10, 16), (10, 17), (10, 18), (10, 19), (10, 20), (10, 21), (10, 22), (10, 23), (10, 24), (10, 25), (10, 26), (10, 27), (10, 28), (10, 29)]",310,1442,723,BFS,c1,h1,14
"(12, 0)","(10, 29)","[(12, 0), (12, 1), (11, 1), (10, 1), (10, 2), (10, 3), (10, 4), (10, 5), (10, 6), (10, 7), (10, 8), (10, 9), (10, 10), (10, 11), (10, 12), (10, 13), (10, 14), (10, 15), (10, 16), (10, 17), (10, 18), (10, 19), (10, 20), (10, 21), (10, 22), (10, 23), (10, 24), (10, 25), (10, 26), (10, 27), (10, 28), (10, 29)]",320,1442,723,BFS,c2,h1,14
"(12, 0)","(10, 29)","[(12, 0), (12, 1), (11, 1), (11, 2), (10, 2), (10, 3), (10, 4), (10, 5), (10, 6), (10, 7), (10, 8), (10, 9), (10, 10), (10, 11), (10, 12), (10, 13), (10, 14), (10, 15), (10, 16), (10, 17), (10, 18), (10, 19), (10, 20), (10, 21), (10, 22), (10, 23), (10, 24), (10, 25), (10, 26), (10, 27), (10, 28), (10, 29)]",314,1442,723,BFS,c3,h1,14
"(12, 0)","(10, 29)","[(12, 0), (11, 0), (11, 1), (11, 2), (11, 3), (10, 3), (10, 4), (10, 5), (10, 6), (10, 7), (10, 8), (10, 9), (10, 10), (10, 11), (10, 12), (10, 13), (10, 14), (10, 15), (10, 16), (10, 17), (10, 18), (10, 19), (10, 20), (10, 21), (10, 22), (10, 23), (10, 24), (10, 25), (10, 26), (10, 27), (10, 28), (10, 29)]",314,1442,723,BFS,c4,h1,14
"(12, 0)","(10, 29)","[(12, 0), (11, 0), (11, 1), (10, 1), (10, 2), (10, 3), (10, 4), (10, 5), (10, 6), (10, 7), (10, 8), (10, 9), (10, 10), (10, 11), (10, 12), (10, 13), (10, 14), (10, 15), (10, 16), (10, 17), (10, 18), (10, 19), (10, 20), (10, 21), (10, 22), (10, 23), (10, 24), (10, 25), (10, 26), (10, 27), (10, 28), (10, 29)]",310,1442,723,BFS,c1,h1,15
"(12, 0)","(10, 29)","[(12, 0), (11, 0), (10, 0), (10, 1), (10, 2), (10, 3), (10, 4), (10, 5), (10, 6), (10, 7), (10, 8), (10, 9), (10, 10), (10, 11), (10, 12), (10, 13), (10, 14), (10, 15), (10, 16), (10, 17), (10, 18), (10, 19), (10, 20), (10, 21), (10, 22), (10, 23), (10, 24), (10, 25), (10, 26), (10, 27), (10, 28), (10, 29)]",320,1442,723,BFS,c2,h1,15
"(12, 0)","(10, 29)","[(12, 0), (12, 1), (11, 1), (11, 2), (10, 2), (10, 3), (10, 4), (10, 5), (10, 6), (10, 7), (10, 8), (10, 9), (10, 10), (10, 11), (10, 12), (10, 13), (10, 14), (10, 15), (10, 16), (10, 17), (10, 18), (10, 19), (10, 20), (10, 21), (10, 22), (10, 23), (10, 24), (10, 25), (10, 26), (10, 27), (10, 28), (10, 29)]",314,1442,723,BFS,c3,h1,15
"(12, 0)","(10, 29)","[(12, 0), (11, 0), (11, 1), (11, 2), (10, 2), (10, 3), (10, 4), (10, 5), (10, 6), (10, 7), (10, 8), (10, 9), (10, 10), (10, 11), (10, 12), (10, 13), (10, 14), (10, 15), (10, 16), (10, 17), (10, 18), (10, 19), (10, 20), (10, 21), (10, 22), (10, 23), (10, 24), (10, 25), (10, 26), (10, 27), (10, 28), (10, 29)]",315,1442,723,BFS,c4,h1,15
"(12, 0)","(10, 29)","[(12, 0), (12, 1), (12, 2), (11, 2), (10, 2), (10, 3), (10, 4), (10, 5), (10, 6), (10, 7), (10, 8), (10, 9), (10, 10), (10, 11), (10, 12), (10, 13), (10, 14), (10, 15), (10, 16), (10, 17), (10, 18), (10, 19), (10, 20), (10, 21), (10, 22), (10, 23), (10, 24), (10, 25), (10, 26), (10, 27), (10, 28), (10, 29)]",310,1442,723,BFS,c1,h1,16
"(12, 0)","(10, 29)","[(12, 0), (12, 1), (11, 1), (11, 2), (11, 3), (10, 3), (10, 4), (10, 5), (10, 6), (10, 7), (10, 8), (10, 9), (10, 10), (10, 11), (10, 12), (10, 13), (10, 14), (10, 15), (10, 16), (10, 17), (10, 18), (10, 19), (10, 20), (10, 21), (10, 22), (10, 23), (10, 24), (10, 25), (10, 26), (10, 27), (10, 28), (10, 29)]",320,1476,741,BFS,c2,h1,16
"(12, 0)","(10, 29)","[(12, 0), (12, 1), (12, 2), (11, 2), (10, 2), (10, 3), (10, 4), (10, 5), (10, 6), (10, 7), (10, 8), (10, 9), (10, 10), (10, 11), (10, 12), (10, 13), (10, 14), (10, 15), (10, 16), (10, 17), (10, 18), (10, 19), (10, 20), (10, 21), (10, 22), (10, 23), (10, 24), (10, 25), (10, 26), (10, 27), (10, 28), (10, 29)]",313,1476,741,BFS,c3,h1,16
"(12, 0)","(10, 29)","[(12, 0), (11, 0), (11, 1), (10, 1), (10, 2), (10, 3), (10, 4), (10, 5), (10, 6), (10, 7), (10, 8), (10, 9), (10, 10), (10, 11), (10, 12), (10, 13), (10, 14), (10, 15), (10, 16), (10, 17), (10, 18), (10, 19), (10, 20), (10, 21), (10, 22), (10, 23), (10, 24), (10, 25), (10, 26), (10, 27), (10, 28), (10, 29)]",316,1442,723,BFS,c4,h1,16
"(12, 0)","(10, 29)","[(12, 0), (11, 0), (10, 0), (10, 1), (10, 2), (10, 3), (10, 4), (10, 5), (10, 6), (10, 7), (10, 8), (10, 9), (10, 10), (10, 11), (10, 12), (10, 13), (10, 14), (10, 15), (10, 16), (10, 17), (10, 18), (10, 19), (10, 20), (10, 21), (10, 22), (10, 23), (10, 24), (10, 25), (10, 26), (10, 27), (10, 28), (10, 29)]",310,1442,723,BFS,c1,h1,17
"(12, 0)","(10, 29)","[(12, 0), (11, 0), (11, 1), (10, 1), (10, 2), (10, 3), (10, 4), (10, 5), (10, 6), (10, 7), (10, 8), (10, 9), (10, 10), (10, 11), (10, 12), (10, 13), (10, 14), (10, 15), (10, 16), (10, 17), (10, 18), (10, 19), (10, 20), (10, 21), (10, 22), (10, 23), (10, 24), (10, 25), (10, 26), (10, 27), (10, 28), (10, 29)]",320,1442,723,BFS,c2,h1,17
"(12, 0)","(10, 29)","[(12, 0), (12, 1), (12, 2), (11, 2), (11, 3), (11, 4), (10, 4), (10, 5), (10, 6), (10, 7), (10, 8), (10, 9), (10, 10), (10, 11), (10, 12), (10, 13), (10, 14), (10, 15), (10, 16), (10, 17), (10, 18), (10, 19), (10, 20), (10, 21), (10, 22), (10, 23), (10, 24), (10, 25), (10, 26), (10, 27), (10, 28), (10, 29)]",313,1442,723,BFS,c3,h1,17
"(12, 0)","(10, 29)","[(12, 0), (12, 1), (12, 2), (11, 2), (11, 3), (10, 3), (10, 4), (10, 5), (10, 6), (10, 7), (10, 8), (10, 9), (10, 10), (10, 11), (10, 12), (10, 13), (10, 14), (10, 15), (10, 16), (10, 17), (10, 18), (10, 19), (10, 20), (10, 21), (10, 22), (10, 23), (10, 24), (10, 25), (10, 26), (10, 27), (10, 28), (10, 29)]",312,1476,741,BFS,c4,h1,17
"(12, 0)","(10, 29)","[(12, 0), (11, 0), (11, 1), (11, 2), (10, 2), (10, 3), (10, 4), (10, 5), (10, 6), (10, 7), (10, 8), (10, 9), (10, 10), (10, 11), (10, 12), (10, 13), (10, 14), (10, 15), (10, 16), (10, 17), (10, 18), (10, 19), (10, 20), (10, 21), (10, 22), (10, 23), (10, 24), (10, 25), (10, 26), (10, 27), (10, 28), (10, 29)]",310,1442,723,BFS,c1,h1,18
"(12, 0)","(10, 29)","[(12, 0), (12, 1), (11, 1), (11, 2), (11, 3), (10, 3), (10, 4), (10, 5), (10, 6), (10, 7), (10, 8), (10, 9), (10, 10), (10, 11), (10, 12), (10, 13), (10, 14), (10, 15), (10, 16), (10, 17), (10, 18), (10, 19), (10, 20), (10, 21), (10, 22), (10, 23), (10, 24), (10, 25), (10, 26), (10, 27), (10, 28), (10, 29)]",320,1476,741,BFS,c2,h1,18
"(12, 0)","(10, 29)","[(12, 0), (12, 1), (12, 2), (12, 3), (12, 4), (11, 4), (11, 5), (10, 5), (10, 6), (10, 7), (10, 8), (10, 9), (10, 10), (10, 11), (10, 12), (10, 13), (10, 14), (10, 15), (10, 16), (10, 17), (10, 18), (10, 19), (10, 20), (10, 21), (10, 22), (10, 23), (10, 24), (10, 25), (10, 26), (10, 27), (10, 28), (10, 29)]",312,1442,723,BFS,c3,h1,18
"(12, 0)","(10, 29)","[(12, 0), (12, 1), (11, 1), (10, 1), (10, 2), (10, 3), (10, 4), (10, 5), (10, 6), (10, 7), (10, 8), (10, 9), (10, 10), (10, 11), (10, 12), (10, 13), (10, 14), (10, 15), (10, 16), (10, 17), (10, 18), (10, 19), (10, 20), (10, 21), (10, 22), (10, 23), (10, 24), (10, 25), (10, 26), (10, 27), (10, 28), (10, 29)]",315,1442,723,BFS,c4,h1,18
"(12, 0)","(10, 29)","[(12, 0), (11, 0), (10, 0), (10, 1), (10, 2), (10, 3), (10, 4), (10, 5), (10, 6), (10, 7), (10, 8), (10, 9), (10, 10), (10, 11), (10, 12), (10, 13), (10, 14), (10, 15), (10, 16), (10, 17), (10, 18), (10, 19), (10, 20), (10, 21), (10, 22), (10, 23), (10, 24), (10, 25), (10, 26), (10, 27), (10, 28), (10, 29)]",310,1442,723,BFS,c1,h1,19
"(12, 0)","(10, 29)","[(12, 0), (11, 0), (10, 0), (10, 1), (10, 2), (10, 3), (10, 4), (10, 5), (10, 6), (10, 7), (10, 8), (10, 9), (10, 10), (10, 11), (10, 12), (10, 13), (10, 14), (10, 15), (10, 16), (10, 17), (10, 18), (10, 19), (10, 20), (10, 21), (10, 22), (10, 23), (10, 24), (10, 25), (10, 26), (10, 27), (10, 28), (10, 29)]",320,1476,741,BFS,c2,h1,19
"(12, 0)","(10, 29)","[(12, 0), (12, 1), (11, 1), (11, 2), (10, 2), (10, 3), (10, 4), (10, 5), (10, 6), (10, 7), (10, 8), (10, 9), (10, 10), (10, 11), (10, 12), (10, 13), (10, 14), (10, 15), (10, 16), (10, 17), (10, 18), (10, 19), (10, 20), (10, 21), (10, 22), (10, 23), (10, 24), (10, 25), (10, 26), (10, 27), (10, 28), (10, 29)]",314,1476,741,BFS,c3,h1,19
"(12, 0)","(10, 29)","[(12, 0), (12, 1), (12, 2), (12, 3), (12, 4), (12, 5), (12, 6), (11, 6), (10, 6), (10, 7), (10, 8), (10, 9), (10, 10), (10, 11), (10, 12), (10, 13), (10, 14), (10, 15), (10, 16), (10, 17), (10, 18), (10, 19), (10, 20), (10, 21), (10, 22), (10, 23), (10, 24), (10, 25), (10, 26), (10, 27), (10, 28), (10, 29)]",305,1476,741,BFS,c4,h1,19
"(12, 0)","(10, 29)","[(12, 0), (12, 1), (11, 1), (10, 1), (10, 2), (10, 3), (10, 4), (10, 5), (10, 6), (10, 7), (10, 8), (10, 9), (10, 10), (10, 11), (10, 12), (10, 13), (10, 14), (10, 15), (10, 16), (10, 17), (10, 18), (10, 19), (10, 20), (10, 21), (10, 22), (10, 23), (10, 24), (10, 25), (10, 26), (10, 27), (10, 28), (10, 29)]",310,1442,723,BFS,c1,h1,20
"(12, 0)","(10, 29)","[(12, 0), (12, 1), (11, 1), (11, 2), (10, 2), (10, 3), (10, 4), (10, 5), (10, 6), (10, 7), (10, 8), (10, 9), (10, 10), (10, 11), (10, 12), (10, 13), (10, 14), (10, 15), (10, 16), (10, 17), (10, 18), (10, 19), (10, 20), (10, 21), (10, 22), (10, 23), (10, 24), (10, 25), (10, 26), (10, 27), (10, 28), (10, 29)]",320,1476,741,BFS,c2,h1,20
"(12, 0)","(10, 29)","[(12, 0), (12, 1), (12, 2), (11, 2), (10, 2), (10, 3), (10, 4), (10, 5), (10, 6), (10, 7), (10, 8), (10, 9), (10, 10), (10, 11), (10, 12), (10, 13), (10, 14), (10, 15), (10, 16), (10, 17), (10, 18), (10, 19), (10, 20), (10, 21), (10, 22), (10, 23), (10, 24), (10, 25), (10, 26), (10, 27), (10, 28), (10, 29)]",313,1442,723,BFS,c3,h1,20
"(12, 0)","(10, 29)","[(12, 0), (12, 1), (12, 2), (11, 2), (10, 2), (10, 3), (10, 4), (10, 5), (10, 6), (10, 7), (10, 8), (10, 9), (10, 10), (10, 11), (10, 12), (10, 13), (10, 14), (10, 15), (10, 16), (10, 17), (10, 18), (10, 19), (10, 20), (10, 21), (10, 22), (10, 23), (10, 24), (10, 25), (10, 26), (10, 27), (10, 28), (10, 29)]",313,1476,741,BFS,c4,h1,20
"(23, 21)","(19, 15)","[(23, 21), (22, 21), (22, 20), (22, 19), (22, 18), (22, 17), (22, 16), (21, 16), (21, 15), (20, 15), (19, 15)]",100,402,187,BFS,c1,h1,1
"(23, 21)","(19, 15)","[(23, 21), (23, 20), (22, 20), (21, 20), (20, 20), (19, 20), (19, 19), (19, 18), (19, 17), (19, 16), (19, 15)]",120,414,194,BFS,c2,h1,1
"(23, 21)","(19, 15)","[(23, 21), (22, 21), (22, 20), (22, 19), (22, 18), (22, 17), (22, 16), (21, 16), (20, 16), (20, 15), (19, 15)]",114,404,188,BFS,c3,h1,1
"(23, 21)","(19, 15)","[(23, 21), (22, 21), (22, 20), (22, 19), (22, 18), (21, 18), (20, 18), (19, 18), (19, 17), (19, 16), (19, 15)]",101,433,204,BFS,c4,h1,1
"(23, 21)","(19, 15)","[(23, 21), (23, 20), (22, 20), (21, 20), (20, 20), (20, 19), (20, 18), (20, 17), (19, 17), (19, 16), (19, 15)]",100,427,201,BFS,c1,h1,2
"(23, 21)","(19, 15)","[(23, 21), (23, 20), (23, 19), (23, 18), (23, 17), (22, 17), (22, 16), (22, 15), (21, 15), (20, 15), (19, 15)]",120,402,187,BFS,c2,h1,2
"(23, 21)","(19, 15)","[(23, 21), (23, 20), (22, 20), (22, 19), (21, 19), (21, 18), (21, 17), (20, 17), (19, 17), (19, 16), (19, 15)]",109,410,192,BFS,c3,h1,2
"(23, 21)","(19, 15)","[(23, 21), (22, 21), (21, 21), (20, 21), (19, 21), (19, 20), (19, 19), (19, 18), (19, 17), (19, 16), (19, 15)]",110,408,189,BFS,c4,h1,2
"(23, 21)","(19, 15)","[(23, 21), (23, 20), (23, 19), (23, 18), (22, 18), (22, 17), (22, 16), (22, 15), (21, 15), (20, 15), (19, 15)]",100,402,187,BFS,c1,h1,3
"(23, 21)","(19, 15)","[(23, 21), (23, 20), (23, 19), (23, 18), (22, 18), (22, 17), (22, 16), (21, 16), (20, 16), (19, 16), (19, 15)]",120,410,192,BFS,c2,h1,3
"(23, 21)","(19, 15)","[(23, 21), (23, 20), (23, 19), (22, 19), (21, 19), (20, 19), (20, 18), (20, 17), (20, 16), (20, 15), (19, 15)]",108,398,185,BFS,c3,h1,3
"(23, 21)","(19, 15)","[(23, 21), (23, 20), (23, 19), (23, 18), (22, 18), (22, 17), (22, 16), (22, 15), (21, 15), (20, 15), (19, 15)]",89,416,195,BFS,c4,h1,3
"(23, 21)","(19, 15)","[(23, 21), (23, 20), (22, 20), (22, 19), (22, 18), (22, 17), (22, 16), (21, 16), (20, 16), (20, 15), (19, 15)]",100,387,179,BFS,c1,h1,4
"(23, 21)","(19, 15)","[(23, 21), (22, 21), (21, 21), (21, 20), (21, 19), (21, 18), (21, 17), (20, 17), (19, 17), (19, 16), (19, 15)]",120,418,196,BFS,c2,h1,4
"(23, 21)","(19, 15)","[(23, 21), (22, 21), (22, 20), (22, 19), (21, 19), (21, 18), (20, 18), (20, 17), (19, 17), (19, 16), (19, 15)]",109,389,180,BFS,c3,h1,4
"(23, 21)","(19, 15)","[(23, 21), (23, 20), (23, 19), (22, 19), (22, 18), (21, 18), (21, 17), (21, 16), (20, 16), (20, 15), (19, 15)]",94,429,202,BFS,c4,h1,4
"(23, 21)","(19, 15)","[(23, 21), (22, 21), (22, 20), (22, 19), (22, 18), (21, 18), (21, 17), (21, 16), (21, 15), (20, 15), (19, 15)]",100,414,194,BFS,c1,h1,5
"(23, 21)","(19, 15)","[(23, 21), (22, 21), (21, 21), (21, 20), (20, 20), (20, 19), (19, 19), (19, 18), (19, 17), (19, 16), (19, 15)]",120,409,190,BFS,c2,h1,5
"(23, 21)","(19, 15)","[(23, 21), (23, 20), (23, 19), (23, 18), (22, 18), (21, 18), (20, 18), (19, 18), (19, 17), (19, 16), (19, 15)]",104,433,204,BFS,c3,h1,5
"(23, 21)","(19, 15)","[(23, 21), (23, 20), (22, 20), (22, 19), (22, 18), (22, 17), (22, 16), (21, 16), (20, 16), (20, 15), (19, 15)]",93,400,186,BFS,c4,h1,5
"(23, 21)","(19, 15)","[(23, 21), (23, 20), (22, 20), (22, 19), (22, 18), (22, 17), (22, 16), (22, 15), (21, 15), (20, 15), (19, 15)]",100,416,195,BFS,c1,h1,6
"(23, 21)","(19, 15)","[(23, 21), (22, 21), (21, 21), (21, 20), (20, 20), (19, 20), (19, 19), (19, 18), (19, 17), (19, 16), (19, 15)]",120,432,203,BFS,c2,h1,6
"(23, 21)","(19, 15)","[(23, 21), (23, 20), (23, 19), (23, 18), (22, 18), (21, 18), (21, 17), (20, 17), (19, 17), (19, 16), (19, 15)]",106,427,201,BFS,c3,h1,6
"(23, 21)","(19, 15)","[(23, 21), (22, 21), (22, 20), (21, 20), (21, 19), (20, 19), (19, 19), (19, 18), (19, 17), (19, 16), (19, 15)]",105,416,195,BFS,c4,h1,6
"(23, 21)","(19, 15)","[(23, 21), (23, 20), (22, 20), (21, 20), (21, 19), (20, 19), (19, 19), (19, 18), (19, 17), (19, 16), (19, 15)]",100,435,205,BFS,c1,h1,7
"(23, 21)","(19, 15)","[(23, 21), (22, 21), (22, 20), (22, 19), (22, 18), (21, 18), (21, 17), (21, 16), (20, 16), (20, 15), (19, 15)]",120,414,194,BFS,c2,h1,7
"(23, 21)","(19, 15)","[(23, 21), (22, 21), (21, 21), (21, 20), (21, 19), (21, 18), (20, 18), (19, 18), (19, 17), (19, 16), (19, 15)]",110,431,203,BFS,c3,h1,7
"(23, 21)","(19, 15)","[(23, 21), (22, 21), (22, 20), (22, 19), (21, 19), (20, 19), (20, 18), (19, 18), (19, 17), (19, 16), (19, 15)]",103,420,197,BFS,c4,h1,7
"(23, 21)","(19, 15)","[(23, 21), (23, 20), (22, 20), (22, 19), (21, 19), (21, 18), (21, 17), (21, 16), (20, 16), (20, 15), (19, 15)]",100,414,194,BFS,c1,h1,8
"(23, 21)","(19, 15)","[(23, 21), (22, 21), (22, 20), (21, 20), (21, 19), (20, 19), (20, 18), (20, 17), (19, 17), (19, 16), (19, 15)]",120,427,201,BFS,c2,h1,8
"(23, 21)","(19, 15)","[(23, 21), (22, 21), (21, 21), (20, 21), (20, 20), (20, 19), (19, 19), (19, 18), (19, 17), (19, 16), (19, 15)]",110,420,197,BFS,c3,h1,8
"(23, 21)","(19, 15)","[(23, 21), (23, 20), (22, 20), (22, 19), (22, 18), (22, 17), (21, 17), (21, 16), (20, 16), (19, 16), (19, 15)]",95,387,179,BFS,c4,h1,8
"(23, 21)","(19, 15)","[(23, 21), (23, 20), (22, 20), (21, 20), (21, 19), (21, 18), (20, 18), (20, 17), (20, 16), (20, 15), (19, 15)]",100,410,192,BFS,c1,h1,9
"(23, 21)","(19, 15)","[(23, 21), (23, 20), (22, 20), (21, 20), (21, 19), (21, 18), (21, 17), (20, 17), (20, 16), (20, 15), (19, 15)]",120,387,179,BFS,c2,h1,9
"(23, 21)","(19, 15)","[(23, 21), (23, 20), (22, 20), (22, 19), (22, 18), (22, 17), (21, 17), (21, 16), (21, 15), (20, 15), (19, 15)]",113,431,203,BFS,c3,h1,9
"(23, 21)","(19, 15)","[(23, 21), (23, 20), (23, 19), (22, 19), (22, 18), (21, 18), (20, 18), (19, 18), (19, 17), (19, 16), (19, 15)]",99,391,181,BFS,c4,h1,9
"(23, 21)","(19, 15)","[(23, 21), (22, 21), (21, 21), (20, 21), (20, 20), (20, 19), (20, 18), (19, 18), (19, 17), (19, 16), (19, 15)]",100,431,203,BFS,c1,h1,10
"(23, 21)","(19, 15)","[(23, 21), (22, 21), (21, 21), (21, 20), (21, 19), (21, 18), (20, 18), (19, 18), (19, 17), (19, 16), (19, 15)]",120,416,195,BFS,c2,h1,10
"(23, 21)","(19, 15)","[(23, 21), (23, 20), (22, 20), (22, 19), (22, 18), (22, 17), (21, 17), (21, 16), (20, 16), (19, 16), (19, 15)]",111,416,195,BFS,c3,h1,10
"(23, 21)","(19, 15)","[(23, 21), (22, 21), (21, 21), (20, 21), (20, 20), (19, 20), (19, 19), (19, 18), (19, 17), (19, 16), (19, 15)]",109,434,204,BFS,c4,h1,10
"(23, 21)","(19, 15)","[(23, 21), (23, 20), (23, 19), (23, 18), (23, 17), (23, 16), (22, 16), (21, 16), (21, 15), (20, 15), (19, 15)]",100,429,202,BFS,c1,h1,11
"(23, 21)","(19, 15)","[(23, 21), (22, 21), (22, 20), (22, 19), (22, 18), (21, 18), (21, 17), (21, 16), (20, 16), (19, 16), (19, 15)]",120,402,187,BFS,c2,h1,11
"(23, 21)","(19, 15)","[(23, 21), (23, 20), (22, 20), (22, 19), (22, 18), (22, 17), (21, 17), (20, 17), (20, 16), (20, 15), (19, 15)]",111,429,202,BFS,c3,h1,11
"(23, 21)","(19, 15)","[(23, 21), (23, 20), (23, 19), (23, 18), (22, 18), (21, 18), (20, 18), (19, 18), (19, 17), (19, 16), (19, 15)]",98,433,204,BFS,c4,h1,11
"(23, 21)","(19, 15)","[(23, 21), (22, 21), (21, 21), (21, 20), (21, 19), (21, 18), (21, 17), (20, 17), (20, 16), (20, 15), (19, 15)]",100,387,179,BFS,c1,h1,12
"(23, 21)","(19, 15)","[(23, 21), (23, 20), (23, 19), (23, 18), (23, 17), (22, 17), (21, 17), (20, 17), (19, 17), (19, 16), (19, 15)]",120,427,201,BFS,c2,h1,12
"(23, 21)","(19, 15)","[(23, 21), (22, 21), (22, 20), (21, 20), (20, 20), (20, 19), (19, 19), (19, 18), (19, 17), (19, 16), (19, 15)]",108,435,205,BFS,c3,h1,12
"(23, 21)","(19, 15)","[(23, 21), (23, 20), (23, 19), (23, 18), (23, 17), (23, 16), (22, 16), (21, 16), (21, 15), (20, 15), (19, 15)]",88,414,194,BFS,c4,h1,12
"(23, 21)","(19, 15)","[(23, 21), (22, 21), (21, 21), (20, 21), (19, 21), (19, 20), (19, 19), (19, 18), (19, 17), (19, 16), (19, 15)]",100,408,189,BFS,c1,h1,13
"(23, 21)","(19, 15)","[(23, 21), (22, 21), (21, 21), (20, 21), (19, 21), (19, 20), (19, 19), (19, 18), (19, 17), (19, 16), (19, 15)]",120,424,199,BFS,c2,h1,13
"(23, 21)","(19, 15)","[(23, 21), (23, 20), (22, 20), (21, 20), (21, 19), (21, 18), (21, 17), (21, 16), (20, 16), (20, 15), (19, 15)]",113,412,193,BFS,c3,h1,13
"(23, 21)","(19, 15)","[(23, 21), (22, 21), (22, 20), (21, 20), (20, 20), (19, 20), (19, 19), (19, 18), (19, 17), (19, 16), (19, 15)]",107,437,206,BFS,c4,h1,13
"(23, 21)","(19, 15)","[(23, 21), (22, 21), (22, 20), (22, 19), (21, 19), (20, 19), (19, 19), (19, 18), (19, 17), (19, 16), (19, 15)]",100,418,196,BFS,c1,h1,14
"(23, 21)","(19, 15)","[(23, 21), (23, 20), (23, 19), (23, 18), (23, 17), (23, 16), (23, 15), (22, 15), (21, 15), (20, 15), (19, 15)]",120,433,204,BFS,c2,h1,14
"(23, 21)","(19, 15)","[(23, 21), (23, 20), (23, 19), (22, 19), (22, 18), (22, 17), (22, 16), (21, 16), (20, 16), (19, 16), (19, 15)]",111,398,185,BFS,c3,h1,14
"(23, 21)","(19, 15)","[(23, 21), (22, 21), (21, 21), (21, 20), (20, 20), (19, 20), (19, 19), (19, 18), (19, 17), (19, 16), (19, 15)]",108,435,205,BFS,c4,h1,14
"(23, 21)","(19, 15)","[(23, 21), (23, 20), (22, 20), (22, 19), (22, 18), (21, 18), (21, 17), (21, 16), (21, 15), (20, 15), (19, 15)]",100,431,203,BFS,c1,h1,15
"(23, 21)","(19, 15)","[(23, 21), (23, 20), (23, 19), (22, 19), (22, 18), (22, 17), (21, 17), (20, 17), (20, 16), (19, 16), (19, 15)]",120,398,185,BFS,c2,h1,15
"(23, 21)","(19, 15)","[(23, 21), (23, 20), (22, 20), (22, 19), (22, 18), (22, 17), (22, 16), (21, 16), (20, 16), (20, 15), (19, 15)]",113,429,202,BFS,c3,h1,15
"(23, 21)","(19, 15)","[(23, 21), (22, 21), (21, 21), (21, 20), (20, 20), (19, 20), (19, 19), (19, 18), (19, 17), (19, 16), (19, 15)]",108,410,191,BFS,c4,h1,15
"(23, 21)","(19, 15)","[(23, 21), (22, 21), (22, 20), (21, 20), (20, 20), (20, 19), (19, 19), (19, 18), (19, 17), (19, 16), (19, 15)]",100,420,197,BFS,c1,h1,16
"(23, 21)","(19, 15)","[(23, 21), (22, 21), (22, 20), (22, 19), (21, 19), (21, 18), (20, 18), (19, 18), (19, 17), (19, 16), (19, 15)]",120,387,179,BFS,c2,h1,16
"(23, 21)","(19, 15)","[(23, 21), (23, 20), (22, 20), (22, 19), (22, 18), (21, 18), (21, 17), (21, 16), (21, 15), (20, 15), (19, 15)]",112,431,203,BFS,c3,h1,16
"(23, 21)","(19, 15)","[(23, 21), (22, 21), (22, 20), (21, 20), (21, 19), (21, 18), (20, 18), (20, 17), (19, 17), (19, 16), (19, 15)]",102,385,178,BFS,c4,h1,16
"(23, 21)","(19, 15)","[(23, 21), (23, 20), (22, 20), (22, 19), (21, 19), (20, 19), (19, 19), (19, 18), (19, 17), (19, 16), (19, 15)]",100,418,196,BFS,c1,h1,17
"(23, 21)","(19, 15)","[(23, 21), (22, 21), (22, 20), (22, 19), (22, 18), (22, 17), (22, 16), (21, 16), (21, 15), (20, 15), (19, 15)]",120,389,180,BFS,c2,h1,17
"(23, 21)","(19, 15)","[(23, 21), (23, 20), (23, 19), (23, 18), (23, 17), (23, 16), (22, 16), (21, 16), (20, 16), (20, 15), (19, 15)]",111,400,186,BFS,c3,h1,17
"(23, 21)","(19, 15)","[(23, 21), (22, 21), (22, 20), (21, 20), (20, 20), (19, 20), (19, 19), (19, 18), (19, 17), (19, 16), (19, 15)]",107,437,206,BFS,c4,h1,17
"(23, 21)","(19, 15)","[(23, 21), (23, 20), (23, 19), (22, 19), (22, 18), (21, 18), (21, 17), (21, 16), (21, 15), (20, 15), (19, 15)]",100,431,203,BFS,c1,h1,18
"(23, 21)","(19, 15)","[(23, 21), (23, 20), (22, 20), (21, 20), (20, 20), (19, 20), (19, 19), (19, 18), (19, 17), (19, 16), (19, 15)]",120,408,190,BFS,c2,h1,18
"(23, 21)","(19, 15)","[(23, 21), (23, 20), (23, 19), (23, 18), (22, 18), (21, 18), (20, 18), (20, 17), (20, 16), (19, 16), (19, 15)]",106,429,202,BFS,c3,h1,18
"(23, 21)","(19, 15)","[(23, 21), (22, 21), (21, 21), (21, 20), (21, 19), (20, 19), (19, 19), (19, 18), (19, 17), (19, 16), (19, 15)]",106,389,180,BFS,c4,h1,18
"(23, 21)","(19, 15)","[(23, 21), (23, 20), (22, 20), (21, 20), (20, 20), (19, 20), (19, 19), (19, 18), (19, 17), (19, 16), (19, 15)]",100,385,178,BFS,c1,h1,19
"(23, 21)","(19, 15)","[(23, 21), (22, 21), (21, 21), (21, 20), (20, 20), (20, 19), (20, 18), (19, 18), (19, 17), (19, 16), (19, 15)]",120,420,197,BFS,c2,h1,19
"(23, 21)","(19, 15)","[(23, 21), (22, 21), (21, 21), (21, 20), (20, 20), (19, 20), (19, 19), (19, 18), (19, 17), (19, 16), (19, 15)]",108,393,182,BFS,c3,h1,19
"(23, 21)","(19, 15)","[(23, 21), (23, 20), (23, 19), (22, 19), (22, 18), (22, 17), (22, 16), (22, 15), (21, 15), (20, 15), (19, 15)]",90,416,195,BFS,c4,h1,19
"(23, 21)","(19, 15)","[(23, 21), (22, 21), (22, 20), (21, 20), (21, 19), (20, 19), (20, 18), (19, 18), (19, 17), (19, 16), (19, 15)]",100,420,197,BFS,c1,h1,20
"(23, 21)","(19, 15)","[(23, 21), (23, 20), (23, 19), (23, 18), (22, 18), (21, 18), (20, 18), (19, 18), (19, 17), (19, 16), (19, 15)]",120,416,195,BFS,c2,h1,20
"(23, 21)","(19, 15)","[(23, 21), (22, 21), (22, 20), (22, 19), (22, 18), (22, 17), (21, 17), (21, 16), (20, 16), (19, 16), (19, 15)]",112,429,202,BFS,c3,h1,20
"(23, 21)","(19, 15)","[(23, 21), (22, 21), (21, 21), (20, 21), (19, 21), (19, 20), (19, 19), (19, 18), (19, 17), (19, 16), (19, 15)]",110,415,193,BFS,c4,h1,20
"(19, 11)","(0, 21)","[(19, 11), (19, 12), (19, 13), (18, 13), (17, 13), (17, 14), (17, 15), (17, 16), (16, 16), (15, 16), (14, 16), (13, 16), (12, 16), (12, 17), (12, 18), (11, 18), (10, 18), (9, 18), (9, 19), (8, 19), (8, 20), (8, 21), (7, 21), (6, 21), (5, 21), (4, 21), (3, 21), (2, 21), (1, 21), (0, 21)]",290,1783,910,BFS,c1,h1,1
"(19, 11)","(0, 21)","[(19, 11), (18, 11), (18, 12), (18, 13), (17, 13), (17, 14), (17, 15), (16, 15), (15, 15), (15, 16), (14, 16), (13, 16), (12, 16), (11, 16), (11, 17), (11, 18), (11, 19), (10, 19), (10, 20), (10, 21), (9, 21), (8, 21), (7, 21), (6, 21), (5, 21), (4, 21), (3, 21), (2, 21), (1, 21), (0, 21)]",385,1786,912,BFS,c2,h1,1
"(19, 11)","(0, 21)","[(19, 11), (18, 11), (18, 12), (18, 13), (18, 14), (18, 15), (18, 16), (18, 17), (18, 18), (18, 19), (17, 19), (16, 19), (15, 19), (15, 20), (14, 20), (14, 21), (13, 21), (12, 21), (11, 21), (10, 21), (9, 21), (8, 21), (7, 21), (6, 21), (5, 21), (4, 21), (3, 21), (2, 21), (1, 21), (0, 21)]",338,1788,914,BFS,c3,h1,1
"(19, 11)","(0, 21)","[(19, 11), (19, 12), (19, 13), (18, 13), (17, 13), (16, 13), (15, 13), (15, 14), (14, 14), (13, 14), (13, 15), (13, 16), (12, 16), (11, 16), (10, 16), (10, 17), (10, 18), (10, 19), (9, 19), (8, 19), (7, 19), (6, 19), (6, 20), (6, 21), (5, 21), (4, 21), (3, 21), (2, 21), (1, 21), (0, 21)]",289,1779,907,BFS,c4,h1,1
"(19, 11)","(0, 21)","[(19, 11), (18, 11), (18, 12), (17, 12), (17, 13), (17, 14), (16, 14), (15, 14), (15, 15), (14, 15), (14, 16), (13, 16), (12, 16), (11, 16), (11, 17), (10, 17), (10, 18), (9, 18), (8, 18), (7, 18), (7, 19), (6, 19), (6, 20), (6, 21), (5, 21), (4, 21), (3, 21), (2, 21), (1, 21), (0, 21)]",290,1775,906,BFS,c1,h1,2
"(19, 11)","(0, 21)","[(19, 11), (18, 11), (18, 12), (17, 12), (17, 13), (16, 13), (16, 14), (15, 14), (15, 15), (14, 15), (14, 16), (13, 16), (12, 16), (12, 17), (11, 17), (10, 17), (10, 18), (9, 18), (9, 19), (9, 20), (9, 21), (8, 21), (7, 21), (6, 21), (5, 21), (4, 21), (3, 21), (2, 21), (1, 21), (0, 21)]",385,1785,911,BFS,c2,h1,2
"(19, 11)","(0, 21)","[(19, 11), (18, 11), (18, 12), (17, 12), (17, 13), (16, 13), (15, 13), (14, 13), (13, 13), (13, 14), (12, 14), (11, 14), (10, 14), (9, 14), (9, 15), (9, 16), (9, 17), (9, 18), (9, 19), (9, 20), (8, 20), (8, 21), (7, 21), (6, 21), (5, 21), (4, 21), (3, 21), (2, 21), (1, 21), (0, 21)]",333,1783,909,BFS,c3,h1,2
"(19, 11)","(0, 21)","[(19, 11), (19, 12), (19, 13), (18, 13), (17, 13), (16, 13), (15, 13), (15, 14), (14, 14), (14, 15), (13, 15), (13, 16), (13, 17), (13, 18), (12, 18), (12, 19), (12, 20), (12, 21), (11, 21), (10, 21), (9, 21), (8, 21), (7, 21), (6, 21), (5, 21), (4, 21), (3, 21), (2, 21), (1, 21), (0, 21)]",286,1786,912,BFS,c4,h1,2
"(19, 11)","(0, 21)","[(19, 11), (19, 12), (19, 13), (19, 14), (18, 14), (17, 14), (16, 14), (16, 15), (16, 16), (16, 17), (15, 17), (15, 18), (14, 18), (14, 19), (14, 20), (14, 21), (13, 21), (12, 21), (11, 21), (10, 21), (9, 21), (8, 21), (7, 21), (6, 21), (5, 21), (4, 21), (3, 21), (2, 21), (1, 21), (0, 21)]",290,1784,910,BFS,c1,h1,3
"(19, 11)","(0, 21)","[(19, 11), (19, 12), (18, 12), (18, 13), (17, 13), (17, 14), (16, 14), (15, 14), (14, 14), (14, 15), (13, 15), (12, 15), (12, 16), (12, 17), (12, 18), (12, 19), (12, 20), (11, 20), (11, 21), (10, 21), (9, 21), (8, 21), (7, 21), (6, 21), (5, 21), (4, 21), (3, 21), (2, 21), (1, 21), (0, 21)]",385,1784,910,BFS,c2,h1,3
"(19, 11)","(0, 21)","[(19, 11), (18, 11), (18, 12), (18, 13), (18, 14), (18, 15), (17, 15), (16, 15), (16, 16), (15, 16), (14, 16), (13, 16), (12, 16), (12, 17), (12, 18), (11, 18), (11, 19), (10, 19), (10, 20), (10, 21), (9, 21), (8, 21), (7, 21), (6, 21), (5, 21), (4, 21), (3, 21), (2, 21), (1, 21), (0, 21)]",338,1786,912,BFS,c3,h1,3
"(19, 11)","(0, 21)","[(19, 11), (19, 12), (19, 13), (19, 14), (19, 15), (18, 15), (17, 15), (17, 16), (16, 16), (15, 16), (15, 17), (14, 17), (14, 18), (13, 18), (12, 18), (11, 18), (11, 19), (10, 19), (10, 20), (10, 21), (9, 21), (8, 21), (7, 21), (6, 21), (5, 21), (4, 21), (3, 21), (2, 21), (1, 21), (0, 21)]",273,1786,912,BFS,c4,h1,3
"(19, 11)","(0, 21)","[(19, 11), (18, 11), (17, 11), (16, 11), (16, 12), (16, 13), (15, 13), (14, 13), (14, 14), (14, 15), (14, 16), (14, 17), (13, 17), (12, 17), (12, 18), (12, 19), (11, 19), (10, 19), (10, 20), (9, 20), (9, 21), (8, 21), (7, 21), (6, 21), (5, 21), (4, 21), (3, 21), (2, 21), (1, 21), (0, 21)]",290,1786,912,BFS,c1,h1,4
"(19, 11)","(0, 21)","[(19, 11), (19, 12), (19, 13), (19, 14), (19, 15), (18, 15), (17, 15), (16, 15), (15, 15), (15, 16), (15, 17), (15, 18), (15, 19), (14, 19), (13, 19), (13, 20), (13, 21), (12, 21), (11, 21), (10, 21), (9, 21), (8, 21), (7, 21), (6, 21), (5, 21), (4, 21), (3, 21), (2, 21), (1, 21), (0, 21)]",385,1788,914,BFS,c2,h1,4
"(19, 11)","(0, 21)","[(19, 11), (18, 11), (18, 12), (17, 12), (16, 12), (15, 12), (14, 12), (13, 12), (12, 12), (12, 13), (12, 14), (11, 14), (11, 15), (11, 16), (10, 16), (9, 16), (9, 17), (8, 17), (7, 17), (6, 17), (6, 18), (5, 18), (5, 19), (5, 20), (4, 20), (4, 21), (3, 21), (2, 21), (1, 21), (0, 21)]",330,1771,903,BFS,c3,h1,4
"(19, 11)","(0, 21)","[(19, 11), (19, 12), (18, 12), (18, 13), (18, 14), (17, 14), (16, 14), (15, 14), (15, 15), (14, 15), (13, 15), (13, 16), (12, 16), (11, 16), (10, 16), (9, 16), (9, 17), (8, 17), (8, 18), (8, 19), (7, 19), (7, 20), (6, 20), (5, 20), (5, 21), (4, 21), (3, 21), (2, 21), (1, 21), (0, 21)]",280,1777,906,BFS,c4,h1,4
"(19, 11)","(0, 21)","[(19, 11), (18, 11), (18, 12), (17, 12), (16, 12), (15, 12), (15, 13), (14, 13), (13, 13), (12, 13), (11, 13), (11, 14), (10, 14), (9, 14), (8, 14), (8, 15), (8, 16), (7, 16), (7, 17), (7, 18), (7, 19), (6, 19), (5, 19), (5, 20), (5, 21), (4, 21), (3, 21), (2, 21), (1, 21), (0, 21)]",290,1777,907,BFS,c1,h1,5
"(19, 11)","(0, 21)","[(19, 11), (19, 12), (19, 13), (18, 13), (17, 13), (17, 14), (17, 15), (17, 16), (16, 16), (15, 16), (14, 16), (14, 17), (14, 18), (14, 19), (13, 19), (13, 20), (12, 20), (11, 20), (10, 20), (10, 21), (9, 21), (8, 21), (7, 21), (6, 21), (5, 21), (4, 21), (3, 21), (2, 21), (1, 21), (0, 21)]",385,1786,912,BFS,c2,h1,5
"(19, 11)","(0, 21)","[(19, 11), (18, 11), (17, 11), (16, 11), (15, 11), (15, 12), (15, 13), (15, 14), (14, 14), (13, 14), (13, 15), (12, 15), (11, 15), (10, 15), (9, 15), (9, 16), (8, 16), (7, 16), (6, 16), (6, 17), (5, 17), (4, 17), (3, 17), (3, 18), (2, 18), (1, 18), (0, 18), (0, 19), (0, 20), (0, 21)]",337,1769,903,BFS,c3,h1,5
"(19, 11)","(0, 21)","[(19, 11), (19, 12), (19, 13), (19, 14), (19, 15), (18, 15), (18, 16), (17, 16), (17, 17), (16, 17), (16, 18), (16, 19), (15, 19), (15, 20), (15, 21), (14, 21), (13, 21), (12, 21), (11, 21), (10, 21), (9, 21), (8, 21), (7, 21), (6, 21), (5, 21), (4, 21), (3, 21), (2, 21), (1, 21), (0, 21)]",287,1784,910,BFS,c4,h1,5
"(19, 11)","(0, 21)","[(19, 11), (18, 11), (18, 12), (18, 13), (18, 14), (17, 14), (17, 15), (16, 15), (16, 16), (15, 16), (15, 17), (15, 18), (15, 19), (14, 19), (14, 20), (14, 21), (13, 21), (12, 21), (11, 21), (10, 21), (9, 21), (8, 21), (7, 21), (6, 21), (5, 21), (4, 21), (3, 21), (2, 21), (1, 21), (0, 21)]",290,1784,910,BFS,c1,h1,6
"(19, 11)","(0, 21)","[(19, 11), (19, 12), (19, 13), (18, 13), (17, 13), (17, 14), (17, 15), (16, 15), (16, 16), (16, 17), (15, 17), (14, 17), (13, 17), (13, 18), (13, 19), (13, 20), (13, 21), (12, 21), (11, 21), (10, 21), (9, 21), (8, 21), (7, 21), (6, 21), (5, 21), (4, 21), (3, 21), (2, 21), (1, 21), (0, 21)]",385,1784,910,BFS,c2,h1,6
"(19, 11)","(0, 21)","[(19, 11), (18, 11), (18, 12), (17, 12), (17, 13), (17, 14), (16, 14), (15, 14), (14, 14), (14, 15), (14, 16), (14, 17), (13, 17), (12, 17), (12, 18), (11, 18), (10, 18), (9, 18), (8, 18), (7, 18), (7, 19), (7, 20), (6, 20), (5, 20), (4, 20), (3, 20), (3, 21), (2, 21), (1, 21), (0, 21)]",334,1771,905,BFS,c3,h1,6
"(19, 11)","(0, 21)","[(19, 11), (19, 12), (18, 12), (17, 12), (17, 13), (17, 14), (16, 14), (15, 14), (14, 14), (14, 15), (14, 16), (14, 17), (13, 17), (12, 17), (12, 18), (12, 19), (12, 20), (12, 21), (11, 21), (10, 21), (9, 21), (8, 21), (7, 21), (6, 21), (5, 21), (4, 21), (3, 21), (2, 21), (1, 21), (0, 21)]",287,1786,912,BFS,c4,h1,6
"(19, 11)","(0, 21)","[(19, 11), (18, 11), (18, 12), (17, 12), (17, 13), (17, 14), (17, 15), (16, 15), (16, 16), (16, 17), (15, 17), (15, 18), (15, 19), (14, 19), (14, 20), (14, 21), (13, 21), (12, 21), (11, 21), (10, 21), (9, 21), (8, 21), (7, 21), (6, 21), (5, 21), (4, 21), (3, 21), (2, 21), (1, 21), (0, 21)]",290,1784,910,BFS,c1,h1,7
"(19, 11)","(0, 21)","[(19, 11), (18, 11), (17, 11), (16, 11), (15, 11), (14, 11), (14, 12), (14, 13), (13, 13), (12, 13), (11, 13), (11, 14), (10, 14), (9, 14), (9, 15), (9, 16), (8, 16), (7, 16), (6, 16), (5, 16), (4, 16), (4, 17), (4, 18), (3, 18), (3, 19), (2, 19), (2, 20), (1, 20), (1, 21), (0, 21)]",385,1771,905,BFS,c2,h1,7
"(19, 11)","(0, 21)","[(19, 11), (18, 11), (17, 11), (17, 12), (17, 13), (17, 14), (16, 14), (15, 14), (15, 15), (14, 15), (14, 16), (14, 17), (14, 18), (14, 19), (13, 19), (12, 19), (11, 19), (10, 19), (9, 19), (9, 20), (8, 20), (7, 20), (7, 21), (6, 21), (5, 21), (4, 21), (3, 21), (2, 21), (1, 21), (0, 21)]",339,1785,912,BFS,c3,h1,7
"(19, 11)","(0, 21)","[(19, 11), (19, 12), (18, 12), (17, 12), (16, 12), (16, 13), (15, 13), (15, 14), (15, 15), (14, 15), (13, 15), (12, 15), (11, 15), (10, 15), (10, 16), (10, 17), (10, 18), (9, 18), (8, 18), (7, 18), (7, 19), (7, 20), (6, 20), (5, 20), (4, 20), (4, 21), (3, 21), (2, 21), (1, 21), (0, 21)]",283,1767,901,BFS,c4,h1,7
"(19, 11)","(0, 21)","[(19, 11), (19, 12), (19, 13), (19, 14), (19, 15), (19, 16), (19, 17), (19, 18), (18, 18), (18, 19), (17, 19), (17, 20), (17, 21), (16, 21), (15, 21), (14, 21), (13, 21), (12, 21), (11, 21), (10, 21), (9, 21), (8, 21), (7, 21), (6, 21), (5, 21), (4, 21), (3, 21), (2, 21), (1, 21), (0, 21)]",290,1786,912,BFS,c1,h1,8
"(19, 11)","(0, 21)","[(19, 11), (18, 11), (17, 11), (16, 11), (15, 11), (15, 12), (15, 13), (15, 14), (15, 15), (14, 15), (13, 15), (12, 15), (11, 15), (10, 15), (9, 15), (8, 15), (8, 16), (7, 16), (7, 17), (6, 17), (5, 17), (5, 18), (5, 19), (5, 20), (5, 21), (4, 21), (3, 21), (2, 21), (1, 21), (0, 21)]",385,1777,907,BFS,c2,h1,8
"(19, 11)","(0, 21)","[(19, 11), (18, 11), (18, 12), (17, 12), (16, 12), (16, 13), (15, 13), (15, 14), (14, 14), (13, 14), (13, 15), (12, 15), (12, 16), (11, 16), (10, 16), (10, 17), (10, 18), (10, 19), (10, 20), (9, 20), (8, 20), (7, 20), (7, 21), (6, 21), (5, 21), (4, 21), (3, 21), (2, 21), (1, 21), (0, 21)]",334,1775,906,BFS,c3,h1,8
"(19, 11)","(0, 21)","[(19, 11), (19, 12), (18, 12), (18, 13), (17, 13), (16, 13), (15, 13), (14, 13), (13, 13), (12, 13), (12, 14), (11, 14), (10, 14), (9, 14), (9, 15), (9, 16), (8, 16), (8, 17), (7, 17), (6, 17), (5, 17), (4, 17), (4, 18), (4, 19), (3, 19), (3, 20), (2, 20), (1, 20), (1, 21), (0, 21)]",285,1769,902,BFS,c4,h1,8
"(19, 11)","(0, 21)","[(19, 11), (19, 12), (18, 12), (17, 12), (16, 12), (15, 12), (15, 13), (15, 14), (14, 14), (14, 15), (14, 16), (14, 17), (13, 17), (12, 17), (11, 17), (11, 18), (10, 18), (10, 19), (10, 20), (10, 21), (9, 21), (8, 21), (7, 21), (6, 21), (5, 21), (4, 21), (3, 21), (2, 21), (1, 21), (0, 21)]",290,1786,912,BFS,c1,h1,9
"(19, 11)","(0, 21)","[(19, 11), (19, 12), (18, 12), (17, 12), (16, 12), (15, 12), (15, 13), (15, 14), (14, 14), (13, 14), (12, 14), (12, 15), (11, 15), (11, 16), (11, 17), (11, 18), (10, 18), (10, 19), (9, 19), (8, 19), (7, 19), (7, 20), (7, 21), (6, 21), (5, 21), (4, 21), (3, 21), (2, 21), (1, 21), (0, 21)]",385,1783,910,BFS,c2,h1,9
"(19, 11)","(0, 21)","[(19, 11), (19, 12), (18, 12), (18, 13), (18, 14), (17, 14), (17, 15), (16, 15), (16, 16), (16, 17), (16, 18), (16, 19), (16, 20), (15, 20), (14, 20), (13, 20), (12, 20), (11, 20), (11, 21), (10, 21), (9, 21), (8, 21), (7, 21), (6, 21), (5, 21), (4, 21), (3, 21), (2, 21), (1, 21), (0, 21)]",338,1786,912,BFS,c3,h1,9
"(19, 11)","(0, 21)","[(19, 11), (19, 12), (19, 13), (18, 13), (17, 13), (17, 14), (17, 15), (17, 16), (16, 16), (15, 16), (14, 16), (13, 16), (12, 16), (11, 16), (10, 16), (9, 16), (9, 17), (9, 18), (9, 19), (8, 19), (8, 20), (8, 21), (7, 21), (6, 21), (5, 21), (4, 21), (3, 21), (2, 21), (1, 21), (0, 21)]",271,1783,910,BFS,c4,h1,9
"(19, 11)","(0, 21)","[(19, 11), (19, 12), (19, 13), (19, 14), (18, 14), (18, 15), (18, 16), (17, 16), (17, 17), (17, 18), (16, 18), (15, 18), (15, 19), (15, 20), (15, 21), (14, 21), (13, 21), (12, 21), (11, 21), (10, 21), (9, 21), (8, 21), (7, 21), (6, 21), (5, 21), (4, 21), (3, 21), (2, 21), (1, 21), (0, 21)]",290,1784,910,BFS,c1,h1,10
"(19, 11)","(0, 21)","[(19, 11), (19, 12), (18, 12), (18, 13), (17, 13), (17, 14), (17, 15), (17, 16), (16, 16), (16, 17), (15, 17), (15, 18), (15, 19), (14, 19), (13, 19), (13, 20), (12, 20), (11, 20), (11, 21), (10, 21), (9, 21), (8, 21), (7, 21), (6, 21), (5, 21), (4, 21), (3, 21), (2, 21), (1, 21), (0, 21)]",385,1786,912,BFS,c2,h1,10
"(19, 11)","(0, 21)","[(19, 11), (19, 12), (18, 12), (18, 13), (18, 14), (17, 14), (16, 14), (15, 14), (15, 15), (14, 15), (13, 15), (12, 15), (11, 15), (11, 16), (10, 16), (9, 16), (9, 17), (8, 17), (8, 18), (8, 19), (7, 19), (6, 19), (6, 20), (5, 20), (5, 21), (4, 21), (3, 21), (2, 21), (1, 21), (0, 21)]",334,1773,905,BFS,c3,h1,10
"(19, 11)","(0, 21)","[(19, 11), (18, 11), (18, 12), (17, 12), (16, 12), (15, 12), (14, 12), (13, 12), (12, 12), (11, 12), (11, 13), (11, 14), (11, 15), (11, 16), (10, 16), (10, 17), (10, 18), (9, 18), (9, 19), (9, 20), (8, 20), (7, 20), (7, 21), (6, 21), (5, 21), (4, 21), (3, 21), (2, 21), (1, 21), (0, 21)]",288,1777,906,BFS,c4,h1,10
"(19, 11)","(0, 21)","[(19, 11), (19, 12), (18, 12), (17, 12), (17, 13), (16, 13), (16, 14), (16, 15), (16, 16), (15, 16), (15, 17), (15, 18), (14, 18), (13, 18), (12, 18), (12, 19), (12, 20), (11, 20), (11, 21), (10, 21), (9, 21), (8, 21), (7, 21), (6, 21), (5, 21), (4, 21), (3, 21), (2, 21), (1, 21), (0, 21)]",290,1788,914,BFS,c1,h1,11
"(19, 11)","(0, 21)","[(19, 11), (19, 12), (18, 12), (17, 12), (16, 12), (16, 13), (16, 14), (16, 15), (15, 15), (14, 15), (14, 16), (13, 16), (12, 16), (11, 16), (10, 16), (10, 17), (10, 18), (9, 18), (9, 19), (9, 20), (8, 20), (7, 20), (7, 21), (6, 21), (5, 21), (4, 21), (3, 21), (2, 21), (1, 21), (0, 21)]",385,1781,909,BFS,c2,h1,11
"(19, 11)","(0, 21)","[(19, 11), (19, 12), (19, 13), (18, 13), (18, 14), (17, 14), (17, 15), (16, 15), (15, 15), (14, 15), (13, 15), (13, 16), (13, 17), (13, 18), (12, 18), (12, 19), (11, 19), (10, 19), (9, 19), (8, 19), (8, 20), (7, 20), (6, 20), (6, 21), (5, 21), (4, 21), (3, 21), (2, 21), (1, 21), (0, 21)]",341,1777,907,BFS,c3,h1,11
"(19, 11)","(0, 21)","[(19, 11), (19, 12), (19, 13), (19, 14), (19, 15), (19, 16), (19, 17), (18, 17), (18, 18), (18, 19), (17, 19), (17, 20), (17, 21), (16, 21), (15, 21), (14, 21), (13, 21), (12, 21), (11, 21), (10, 21), (9, 21), (8, 21), (7, 21), (6, 21), (5, 21), (4, 21), (3, 21), (2, 21), (1, 21), (0, 21)]",286,1786,912,BFS,c4,h1,11
"(19, 11)","(0, 21)","[(19, 11), (18, 11), (17, 11), (17, 12), (16, 12), (16, 13), (16, 14), (15, 14), (14, 14), (13, 14), (13, 15), (12, 15), (11, 15), (11, 16), (11, 17), (10, 17), (9, 17), (8, 17), (8, 18), (7, 18), (7, 19), (7, 20), (6, 20), (6, 21), (5, 21), (4, 21), (3, 21), (2, 21), (1, 21), (0, 21)]",290,1783,911,BFS,c1,h1,12
"(19, 11)","(0, 21)","[(19, 11), (19, 12), (19, 13), (19, 14), (18, 14), (18, 15), (18, 16), (17, 16), (17, 17), (16, 17), (16, 18), (15, 18), (15, 19), (15, 20), (15, 21), (14, 21), (13, 21), (12, 21), (11, 21), (10, 21), (9, 21), (8, 21), (7, 21), (6, 21), (5, 21), (4, 21), (3, 21), (2, 21), (1, 21), (0, 21)]",385,1784,910,BFS,c2,h1,12
"(19, 11)","(0, 21)","[(19, 11), (18, 11), (18, 12), (17, 12), (17, 13), (16, 13), (16, 14), (15, 14), (15, 15), (15, 16), (14, 16), (13, 16), (13, 17), (13, 18), (12, 18), (12, 19), (11, 19), (11, 20), (10, 20), (9, 20), (8, 20), (8, 21), (7, 21), (6, 21), (5, 21), (4, 21), (3, 21), (2, 21), (1, 21), (0, 21)]",337,1787,913,BFS,c3,h1,12
"(19, 11)","(0, 21)","[(19, 11), (19, 12), (18, 12), (17, 12), (17, 13), (16, 13), (15, 13), (14, 13), (13, 13), (12, 13), (12, 14), (12, 15), (12, 16), (11, 16), (11, 17), (10, 17), (10, 18), (9, 18), (8, 18), (7, 18), (6, 18), (5, 18), (5, 19), (4, 19), (3, 19), (3, 20), (3, 21), (2, 21), (1, 21), (0, 21)]",293,1775,906,BFS,c4,h1,12
"(19, 11)","(0, 21)","[(19, 11), (19, 12), (19, 13), (18, 13), (18, 14), (17, 14), (16, 14), (16, 15), (16, 16), (16, 17), (16, 18), (15, 18), (14, 18), (13, 18), (12, 18), (12, 19), (12, 20), (11, 20), (11, 21), (10, 21), (9, 21), (8, 21), (7, 21), (6, 21), (5, 21), (4, 21), (3, 21), (2, 21), (1, 21), (0, 21)]",290,1784,910,BFS,c1,h1,13
"(19, 11)","(0, 21)","[(19, 11), (18, 11), (18, 12), (17, 12), (16, 12), (16, 13), (16, 14), (16, 15), (15, 15), (14, 15), (13, 15), (12, 15), (11, 15), (11, 16), (10, 16), (10, 17), (10, 18), (9, 18), (8, 18), (8, 19), (8, 20), (8, 21), (7, 21), (6, 21), (5, 21), (4, 21), (3, 21), (2, 21), (1, 21), (0, 21)]",385,1785,911,BFS,c2,h1,13
"(19, 11)","(0, 21)","[(19, 11), (19, 12), (19, 13), (19, 14), (18, 14), (18, 15), (17, 15), (16, 15), (15, 15), (15, 16), (15, 17), (15, 18), (15, 19), (14, 19), (14, 20), (13, 20), (12, 20), (12, 21), (11, 21), (10, 21), (9, 21), (8, 21), (7, 21), (6, 21), (5, 21), (4, 21), (3, 21), (2, 21), (1, 21), (0, 21)]",338,1786,912,BFS,c3,h1,13
"(19, 11)","(0, 21)","[(19, 11), (18, 11), (18, 12), (17, 12), (16, 12), (16, 13), (15, 13), (14, 13), (13, 13), (13, 14), (12, 14), (11, 14), (10, 14), (9, 14), (9, 15), (9, 16), (8, 16), (8, 17), (7, 17), (6, 17), (6, 18), (6, 19), (5, 19), (4, 19), (3, 19), (3, 20), (3, 21), (2, 21), (1, 21), (0, 21)]",282,1775,906,BFS,c4,h1,13
"(19, 11)","(0, 21)","[(19, 11), (19, 12), (18, 12), (17, 12), (17, 13), (16, 13), (15, 13), (15, 14), (14, 14), (13, 14), (13, 15), (13, 16), (13, 17), (12, 17), (11, 17), (11, 18), (10, 18), (9, 18), (9, 19), (8, 19), (8, 20), (7, 20), (7, 21), (6, 21), (5, 21), (4, 21), (3, 21), (2, 21), (1, 21), (0, 21)]",290,1785,912,BFS,c1,h1,14
"(19, 11)","(0, 21)","[(19, 11), (19, 12), (18, 12), (18, 13), (18, 14), (18, 15), (17, 15), (17, 16), (17, 17), (17, 18), (16, 18), (15, 18), (15, 19), (15, 20), (14, 20), (13, 20), (12, 20), (12, 21), (11, 21), (10, 21), (9, 21), (8, 21), (7, 21), (6, 21), (5, 21), (4, 21), (3, 21), (2, 21), (1, 21), (0, 21)]",385,1784,910,BFS,c2,h1,14
"(19, 11)","(0, 21)","[(19, 11), (19, 12), (19, 13), (18, 13), (17, 13), (17, 14), (16, 14), (16, 15), (16, 16), (15, 16), (14, 16), (13, 16), (12, 16), (11, 16), (10, 16), (9, 16), (9, 17), (9, 18), (9, 19), (9, 20), (9, 21), (8, 21), (7, 21), (6, 21), (5, 21), (4, 21), (3, 21), (2, 21), (1, 21), (0, 21)]",337,1786,912,BFS,c3,h1,14
"(19, 11)","(0, 21)","[(19, 11), (19, 12), (19, 13), (18, 13), (17, 13), (16, 13), (16, 14), (16, 15), (15, 15), (15, 16), (14, 16), (14, 17), (13, 17), (13, 18), (13, 19), (12, 19), (11, 19), (11, 20), (11, 21), (10, 21), (9, 21), (8, 21), (7, 21), (6, 21), (5, 21), (4, 21), (3, 21), (2, 21), (1, 21), (0, 21)]",283,1788,914,BFS,c4,h1,14
"(19, 11)","(0, 21)","[(19, 11), (18, 11), (18, 12), (18, 13), (18, 14), (17, 14), (16, 14), (16, 15), (16, 16), (16, 17), (15, 17), (14, 17), (13, 17), (13, 18), (12, 18), (12, 19), (12, 20), (11, 20), (11, 21), (10, 21), (9, 21), (8, 21), (7, 21), (6, 21), (5, 21), (4, 21), (3, 21), (2, 21), (1, 21), (0, 21)]",290,1786,912,BFS,c1,h1,15
"(19, 11)","(0, 21)","[(19, 11), (19, 12), (19, 13), (19, 14), (19, 15), (19, 16), (18, 16), (18, 17), (17, 17), (16, 17), (15, 17), (14, 17), (14, 18), (13, 18), (13, 19), (12, 19), (12, 20), (11, 20), (10, 20), (9, 20), (9, 21), (8, 21), (7, 21), (6, 21), (5, 21), (4, 21), (3, 21), (2, 21), (1, 21), (0, 21)]",385,1788,914,BFS,c2,h1,15
"(19, 11)","(0, 21)","[(19, 11), (19, 12), (18, 12), (18, 13), (17, 13), (17, 14), (17, 15), (16, 15), (16, 16), (15, 16), (15, 17), (14, 17), (14, 18), (13, 18), (13, 19), (12, 19), (12, 20), (12, 21), (11, 21), (10, 21), (9, 21), (8, 21), (7, 21), (6, 21), (5, 21), (4, 21), (3, 21), (2, 21), (1, 21), (0, 21)]",336,1788,914,BFS,c3,h1,15
"(19, 11)","(0, 21)","[(19, 11), (19, 12), (18, 12), (17, 12), (17, 13), (16, 13), (15, 13), (15, 14), (14, 14), (13, 14), (12, 14), (11, 14), (11, 15), (11, 16), (10, 16), (9, 16), (8, 16), (8, 17), (8, 18), (7, 18), (7, 19), (6, 19), (6, 20), (5, 20), (4, 20), (4, 21), (3, 21), (2, 21), (1, 21), (0, 21)]",278,1773,904,BFS,c4,h1,15
"(19, 11)","(0, 21)","[(19, 11), (18, 11), (18, 12), (18, 13), (17, 13), (17, 14), (17, 15), (16, 15), (15, 15), (15, 16), (14, 16), (14, 17), (13, 17), (13, 18), (12, 18), (11, 18), (10, 18), (9, 18), (8, 18), (7, 18), (7, 19), (6, 19), (5, 19), (4, 19), (3, 19), (2, 19), (2, 20), (1, 20), (1, 21), (0, 21)]",290,1767,901,BFS,c1,h1,16
"(19, 11)","(0, 21)","[(19, 11), (18, 11), (17, 11), (16, 11), (16, 12), (16, 13), (15, 13), (14, 13), (13, 13), (13, 14), (13, 15), (13, 16), (12, 16), (11, 16), (11, 17), (11, 18), (11, 19), (11, 20), (10, 20), (10, 21), (9, 21), (8, 21), (7, 21), (6, 21), (5, 21), (4, 21), (3, 21), (2, 21), (1, 21), (0, 21)]",385,1786,912,BFS,c2,h1,16
"(19, 11)","(0, 21)","[(19, 11), (18, 11), (18, 12), (17, 12), (17, 13), (17, 14), (16, 14), (15, 14), (14, 14), (13, 14), (12, 14), (12, 15), (11, 15), (10, 15), (9, 15), (9, 16), (8, 16), (8, 17), (7, 17), (6, 17), (6, 18), (6, 19), (6, 20), (6, 21), (5, 21), (4, 21), (3, 21), (2, 21), (1, 21), (0, 21)]",340,1775,905,BFS,c3,h1,16
"(19, 11)","(0, 21)","[(19, 11), (19, 12), (19, 13), (19, 14), (18, 14), (18, 15), (18, 16), (17, 16), (17, 17), (17, 18), (16, 18), (15, 18), (14, 18), (13, 18), (13, 19), (12, 19), (12, 20), (11, 20), (10, 20), (9, 20), (8, 20), (7, 20), (6, 20), (6, 21), (5, 21), (4, 21), (3, 21), (2, 21), (1, 21), (0, 21)]",283,1781,909,BFS,c4,h1,16
"(19, 11)","(0, 21)","[(19, 11), (19, 12), (18, 12), (18, 13), (17, 13), (17, 14), (17, 15), (17, 16), (17, 17), (16, 17), (16, 18), (15, 18), (15, 19), (15, 20), (14, 20), (14, 21), (13, 21), (12, 21), (11, 21), (10, 21), (9, 21), (8, 21), (7, 21), (6, 21), (5, 21), (4, 21), (3, 21), (2, 21), (1, 21), (0, 21)]",290,1784,910,BFS,c1,h1,17
"(19, 11)","(0, 21)","[(19, 11), (19, 12), (19, 13), (18, 13), (18, 14), (17, 14), (17, 15), (16, 15), (16, 16), (15, 16), (15, 17), (14, 17), (14, 18), (13, 18), (12, 18), (11, 18), (10, 18), (10, 19), (9, 19), (9, 20), (8, 20), (7, 20), (6, 20), (5, 20), (5, 21), (4, 21), (3, 21), (2, 21), (1, 21), (0, 21)]",385,1779,908,BFS,c2,h1,17
"(19, 11)","(0, 21)","[(19, 11), (19, 12), (18, 12), (18, 13), (17, 13), (16, 13), (16, 14), (15, 14), (15, 15), (14, 15), (14, 16), (14, 17), (14, 18), (13, 18), (12, 18), (11, 18), (10, 18), (10, 19), (9, 19), (8, 19), (7, 19), (6, 19), (6, 20), (6, 21), (5, 21), (4, 21), (3, 21), (2, 21), (1, 21), (0, 21)]",339,1779,907,BFS,c3,h1,17
"(19, 11)","(0, 21)","[(19, 11), (19, 12), (19, 13), (19, 14), (19, 15), (18, 15), (18, 16), (17, 16), (17, 17), (16, 17), (15, 17), (14, 17), (13, 17), (12, 17), (12, 18), (11, 18), (10, 18), (9, 18), (8, 18), (7, 18), (6, 18), (5, 18), (4, 18), (3, 18), (2, 18), (2, 19), (2, 20), (2, 21), (1, 21), (0, 21)]",276,1775,907,BFS,c4,h1,17
"(19, 11)","(0, 21)","[(19, 11), (18, 11), (17, 11), (17, 12), (17, 13), (16, 13), (15, 13), (14, 13), (13, 13), (13, 14), (12, 14), (12, 15), (12, 16), (12, 17), (12, 18), (11, 18), (10, 18), (10, 19), (10, 20), (9, 20), (9, 21), (8, 21), (7, 21), (6, 21), (5, 21), (4, 21), (3, 21), (2, 21), (1, 21), (0, 21)]",290,1786,912,BFS,c1,h1,18
"(19, 11)","(0, 21)","[(19, 11), (19, 12), (19, 13), (19, 14), (18, 14), (18, 15), (17, 15), (16, 15), (16, 16), (16, 17), (15, 17), (15, 18), (14, 18), (13, 18), (13, 19), (13, 20), (13, 21), (12, 21), (11, 21), (10, 21), (9, 21), (8, 21), (7, 21), (6, 21), (5, 21), (4, 21), (3, 21), (2, 21), (1, 21), (0, 21)]",385,1784,910,BFS,c2,h1,18
"(19, 11)","(0, 21)","[(19, 11), (19, 12), (19, 13), (19, 14), (19, 15), (18, 15), (18, 16), (18, 17), (18, 18), (17, 18), (17, 19), (17, 20), (17, 21), (16, 21), (15, 21), (14, 21), (13, 21), (12, 21), (11, 21), (10, 21), (9, 21), (8, 21), (7, 21), (6, 21), (5, 21), (4, 21), (3, 21), (2, 21), (1, 21), (0, 21)]",338,1786,912,BFS,c3,h1,18
"(19, 11)","(0, 21)","[(19, 11), (18, 11), (18, 12), (17, 12), (16, 12), (15, 12), (15, 13), (14, 13), (13, 13), (13, 14), (13, 15), (13, 16), (13, 17), (12, 17), (11, 17), (10, 17), (9, 17), (8, 17), (7, 17), (7, 18), (7, 19), (6, 19), (6, 20), (6, 21), (5, 21), (4, 21), (3, 21), (2, 21), (1, 21), (0, 21)]",293,1779,907,BFS,c4,h1,18
"(19, 11)","(0, 21)","[(19, 11), (19, 12), (18, 12), (18, 13), (18, 14), (18, 15), (18, 16), (17, 16), (17, 17), (16, 17), (15, 17), (14, 17), (13, 17), (13, 18), (13, 19), (13, 20), (13, 21), (12, 21), (11, 21), (10, 21), (9, 21), (8, 21), (7, 21), (6, 21), (5, 21), (4, 21), (3, 21), (2, 21), (1, 21), (0, 21)]",290,1784,910,BFS,c1,h1,19
"(19, 11)","(0, 21)","[(19, 11), (19, 12), (19, 13), (19, 14), (18, 14), (17, 14), (16, 14), (15, 14), (15, 15), (15, 16), (14, 16), (14, 17), (14, 18), (14, 19), (13, 19), (12, 19), (12, 20), (12, 21), (11, 21), (10, 21), (9, 21), (8, 21), (7, 21), (6, 21), (5, 21), (4, 21), (3, 21), (2, 21), (1, 21), (0, 21)]",385,1786,912,BFS,c2,h1,19
"(19, 11)","(0, 21)","[(19, 11), (18, 11), (18, 12), (17, 12), (16, 12), (16, 13), (15, 13), (15, 14), (14, 14), (13, 14), (12, 14), (12, 15), (11, 15), (11, 16), (11, 17), (10, 17), (10, 18), (9, 18), (8, 18), (7, 18), (6, 18), (6, 19), (5, 19), (5, 20), (5, 21), (4, 21), (3, 21), (2, 21), (1, 21), (0, 21)]",340,1777,906,BFS,c3,h1,19
"(19, 11)","(0, 21)","[(19, 11), (19, 12), (19, 13), (18, 13), (18, 14), (18, 15), (17, 15), (16, 15), (16, 16), (15, 16), (14, 16), (13, 16), (12, 16), (11, 16), (11, 17), (11, 18), (10, 18), (9, 18), (8, 18), (7, 18), (7, 19), (7, 20), (6, 20), (5, 20), (5, 21), (4, 21), (3, 21), (2, 21), (1, 21), (0, 21)]",279,1777,907,BFS,c4,h1,19
"(19, 11)","(0, 21)","[(19, 11), (19, 12), (18, 12), (18, 13), (17, 13), (16, 13), (16, 14), (15, 14), (14, 14), (13, 14), (12, 14), (12, 15), (11, 15), (11, 16), (11, 17), (10, 17), (10, 18), (9, 18), (9, 19), (8, 19), (8, 20), (8, 21), (7, 21), (6, 21), (5, 21), (4, 21), (3, 21), (2, 21), (1, 21), (0, 21)]",290,1783,909,BFS,c1,h1,20
"(19, 11)","(0, 21)","[(19, 11), (19, 12), (18, 12), (18, 13), (18, 14), (17, 14), (16, 14), (16, 15), (15, 15), (14, 15), (14, 16), (13, 16), (13, 17), (13, 18), (13, 19), (13, 20), (13, 21), (12, 21), (11, 21), (10, 21), (9, 21), (8, 21), (7, 21), (6, 21), (5, 21), (4, 21), (3, 21), (2, 21), (1, 21), (0, 21)]",385,1781,908,BFS,c2,h1,20
"(19, 11)","(0, 21)","[(19, 11), (18, 11), (17, 11), (17, 12), (16, 12), (16, 13), (15, 13), (15, 14), (14, 14), (13, 14), (13, 15), (12, 15), (11, 15), (10, 15), (9, 15), (9, 16), (9, 17), (9, 18), (9, 19), (9, 20), (9, 21), (8, 21), (7, 21), (6, 21), (5, 21), (4, 21), (3, 21), (2, 21), (1, 21), (0, 21)]",336,1786,912,BFS,c3,h1,20
"(19, 11)","(0, 21)","[(19, 11), (18, 11), (17, 11), (17, 12), (16, 12), (15, 12), (14, 12), (14, 13), (14, 14), (13, 14), (13, 15), (13, 16), (12, 16), (12, 17), (12, 18), (11, 18), (11, 19), (10, 19), (10, 20), (9, 20), (9, 21), (8, 21), (7, 21), (6, 21), (5, 21), (4, 21), (3, 21), (2, 21), (1, 21), (0, 21)]",287,1785,911,BFS,c4,h1,20
"(30, 22)","(30, 23)","[(30, 22), (30, 23)]",10,9,4,BFS,c1,h1,1
"(30, 22)","(30, 23)","[(30, 22), (30, 23)]",10,9,4,BFS,c2,h1,1
"(30, 22)","(30, 23)","[(30, 22), (30, 23)]",10,9,4,BFS,c3,h1,1
"(30, 22)","(30, 23)","[(30, 22), (30, 23)]",10,9,4,BFS,c4,h1,1
"(30, 22)","(30, 23)","[(30, 22), (30, 23)]",10,4,2,BFS,c1,h1,2
"(30, 22)","(30, 23)","[(30, 22), (30, 23)]",10,4,2,BFS,c2,h1,2
"(30, 22)","(30, 23)","[(30, 22), (30, 23)]",10,9,4,BFS,c3,h1,2
"(30, 22)","(30, 23)","[(30, 22), (30, 23)]",10,4,2,BFS,c4,h1,2
"(30, 22)","(30, 23)","[(30, 22), (30, 23)]",10,6,3,BFS,c1,h1,3
"(30, 22)","(30, 23)","[(30, 22), (30, 23)]",10,7,3,BFS,c2,h1,3
"(30, 22)","(30, 23)","[(30, 22), (30, 23)]",10,7,3,BFS,c3,h1,3
"(30, 22)","(30, 23)","[(30, 22), (30, 23)]",10,9,4,BFS,c4,h1,3
"(30, 22)","(30, 23)","[(30, 22), (30, 23)]",10,6,3,BFS,c1,h1,4
"(30, 22)","(30, 23)","[(30, 22), (30, 23)]",10,7,3,BFS,c2,h1,4
"(30, 22)","(30, 23)","[(30, 22), (30, 23)]",10,4,2,BFS,c3,h1,4
"(30, 22)","(30, 23)","[(30, 22), (30, 23)]",10,9,4,BFS,c4,h1,4
"(30, 22)","(30, 23)","[(30, 22), (30, 23)]",10,4,2,BFS,c1,h1,5
"(30, 22)","(30, 23)","[(30, 22), (30, 23)]",10,4,2,BFS,c2,h1,5
"(30, 22)","(30, 23)","[(30, 22), (30, 23)]",10,4,2,BFS,c3,h1,5
"(30, 22)","(30, 23)","[(30, 22), (30, 23)]",10,7,3,BFS,c4,h1,5
"(30, 22)","(30, 23)","[(30, 22), (30, 23)]",10,4,2,BFS,c1,h1,6
"(30, 22)","(30, 23)","[(30, 22), (30, 23)]",10,9,4,BFS,c2,h1,6
"(30, 22)","(30, 23)","[(30, 22), (30, 23)]",10,6,3,BFS,c3,h1,6
"(30, 22)","(30, 23)","[(30, 22), (30, 23)]",10,9,4,BFS,c4,h1,6
"(30, 22)","(30, 23)","[(30, 22), (30, 23)]",10,9,4,BFS,c1,h1,7
"(30, 22)","(30, 23)","[(30, 22), (30, 23)]",10,7,3,BFS,c2,h1,7
"(30, 22)","(30, 23)","[(30, 22), (30, 23)]",10,9,4,BFS,c3,h1,7
"(30, 22)","(30, 23)","[(30, 22), (30, 23)]",10,4,2,BFS,c4,h1,7
"(30, 22)","(30, 23)","[(30, 22), (30, 23)]",10,7,3,BFS,c1,h1,8
"(30, 22)","(30, 23)","[(30, 22), (30, 23)]",10,6,3,BFS,c2,h1,8
"(30, 22)","(30, 23)","[(30, 22), (30, 23)]",10,9,4,BFS,c3,h1,8
"(30, 22)","(30, 23)","[(30, 22), (30, 23)]",10,6,3,BFS,c4,h1,8
"(30, 22)","(30, 23)","[(30, 22), (30, 23)]",10,7,3,BFS,c1,h1,9
"(30, 22)","(30, 23)","[(30, 22), (30, 23)]",10,6,3,BFS,c2,h1,9
"(30, 22)","(30, 23)","[(30, 22), (30, 23)]",10,9,4,BFS,c3,h1,9
"(30, 22)","(30, 23)","[(30, 22), (30, 23)]",10,6,3,BFS,c4,h1,9
"(30, 22)","(30, 23)","[(30, 22), (30, 23)]",10,7,3,BFS,c1,h1,10
"(30, 22)","(30, 23)","[(30, 22), (30, 23)]",10,6,3,BFS,c2,h1,10
"(30, 22)","(30, 23)","[(30, 22), (30, 23)]",10,9,4,BFS,c3,h1,10
"(30, 22)","(30, 23)","[(30, 22), (30, 23)]",10,9,4,BFS,c4,h1,10
"(30, 22)","(30, 23)","[(30, 22), (30, 23)]",10,6,3,BFS,c1,h1,11
"(30, 22)","(30, 23)","[(30, 22), (30, 23)]",10,9,4,BFS,c2,h1,11
"(30, 22)","(30, 23)","[(30, 22), (30, 23)]",10,9,4,BFS,c3,h1,11
"(30, 22)","(30, 23)","[(30, 22), (30, 23)]",10,6,3,BFS,c4,h1,11
"(30, 22)","(30, 23)","[(30, 22), (30, 23)]",10,9,4,BFS,c1,h1,12
"(30, 22)","(30, 23)","[(30, 22), (30, 23)]",10,4,2,BFS,c2,h1,12
"(30, 22)","(30, 23)","[(30, 22), (30, 23)]",10,7,3,BFS,c3,h1,12
"(30, 22)","(30, 23)","[(30, 22), (30, 23)]",10,9,4,BFS,c4,h1,12
"(30, 22)","(30, 23)","[(30, 22), (30, 23)]",10,4,2,BFS,c1,h1,13
"(30, 22)","(30, 23)","[(30, 22), (30, 23)]",10,9,4,BFS,c2,h1,13
"(30, 22)","(30, 23)","[(30, 22), (30, 23)]",10,6,3,BFS,c3,h1,13
"(30, 22)","(30, 23)","[(30, 22), (30, 23)]",10,9,4,BFS,c4,h1,13
"(30, 22)","(30, 23)","[(30, 22), (30, 23)]",10,7,3,BFS,c1,h1,14
"(30, 22)","(30, 23)","[(30, 22), (30, 23)]",10,9,4,BFS,c2,h1,14
"(30, 22)","(30, 23)","[(30, 22), (30, 23)]",10,4,2,BFS,c3,h1,14
"(30, 22)","(30, 23)","[(30, 22), (30, 23)]",10,9,4,BFS,c4,h1,14
"(30, 22)","(30, 23)","[(30, 22), (30, 23)]",10,6,3,BFS,c1,h1,15
"(30, 22)","(30, 23)","[(30, 22), (30, 23)]",10,6,3,BFS,c2,h1,15
"(30, 22)","(30, 23)","[(30, 22), (30, 23)]",10,7,3,BFS,c3,h1,15
"(30, 22)","(30, 23)","[(30, 22), (30, 23)]",10,7,3,BFS,c4,h1,15
"(30, 22)","(30, 23)","[(30, 22), (30, 23)]",10,4,2,BFS,c1,h1,16
"(30, 22)","(30, 23)","[(30, 22), (30, 23)]",10,9,4,BFS,c2,h1,16
"(30, 22)","(30, 23)","[(30, 22), (30, 23)]",10,6,3,BFS,c3,h1,16
"(30, 22)","(30, 23)","[(30, 22), (30, 23)]",10,4,2,BFS,c4,h1,16
"(30, 22)","(30, 23)","[(30, 22), (30, 23)]",10,7,3,BFS,c1,h1,17
"(30, 22)","(30, 23)","[(30, 22), (30, 23)]",10,6,3,BFS,c2,h1,17
"(30, 22)","(30, 23)","[(30, 22), (30, 23)]",10,9,4,BFS,c3,h1,17
"(30, 22)","(30, 23)","[(30, 22), (30, 23)]",10,7,3,BFS,c4,h1,17
"(30, 22)","(30, 23)","[(30, 22), (30, 23)]",10,4,2,BFS,c1,h1,18
"(30, 22)","(30, 23)","[(30, 22), (30, 23)]",10,9,4,BFS,c2,h1,18
"(30, 22)","(30, 23)","[(30, 22), (30, 23)]",10,6,3,BFS,c3,h1,18
"(30, 22)","(30, 23)","[(30, 22), (30, 23)]",10,7,3,BFS,c4,h1,18
"(30, 22)","(30, 23)","[(30, 22), (30, 23)]",10,7,3,BFS,c1,h1,19
"(30, 22)","(30, 23)","[(30, 22), (30, 23)]",10,6,3,BFS,c2,h1,19
"(30, 22)","(30, 23)","[(30, 22), (30, 23)]",10,7,3,BFS,c3,h1,19
"(30, 22)","(30, 23)","[(30, 22), (30, 23)]",10,4,2,BFS,c4,h1,19
"(30, 22)","(30, 23)","[(30, 22), (30, 23)]",10,9,4,BFS,c1,h1,20
"(30, 22)","(30, 23)","[(30, 22), (30, 23)]",10,6,3,BFS,c2,h1,20
"(30, 22)","(30, 23)","[(30, 22), (30, 23)]",10,6,3,BFS,c3,h1,20
"(30, 22)","(30, 23)","[(30, 22), (30, 23)]",10,9,4,BFS,c4,h1,20
"(27, 20)","(3, 14)","[(27, 20), (26, 20), (25, 20), (25, 19), (24, 19), (24, 18), (24, 17), (24, 16), (23, 16), (22, 16), (22, 15), (22, 14), (21, 14), (20, 14), (19, 14), (18, 14), (17, 14), (16, 14), (15, 14), (14, 14), (13, 14), (12, 14), (11, 14), (10, 14), (9, 14), (8, 14), (7, 14), (6, 14), (5, 14), (4, 14), (3, 14)]",300,1540,777,BFS,c1,h1,1
"(27, 20)","(3, 14)","[(27, 20), (26, 20), (26, 19), (26, 18), (26, 17), (26, 16), (25, 16), (24, 16), (24, 15), (24, 14), (23, 14), (22, 14), (21, 14), (20, 14), (19, 14), (18, 14), (17, 14), (16, 14), (15, 14), (14, 14), (13, 14), (12, 14), (11, 14), (10, 14), (9, 14), (8, 14), (7, 14), (6, 14), (5, 14), (4, 14), (3, 14)]",420,1540,777,BFS,c2,h1,1
"(27, 20)","(3, 14)","[(27, 20), (26, 20), (25, 20), (25, 19), (24, 19), (24, 18), (24, 17), (23, 17), (23, 16), (23, 15), (22, 15), (22, 14), (21, 14), (20, 14), (19, 14), (18, 14), (17, 14), (16, 14), (15, 14), (14, 14), (13, 14), (12, 14), (11, 14), (10, 14), (9, 14), (8, 14), (7, 14), (6, 14), (5, 14), (4, 14), (3, 14)]",361,1540,777,BFS,c3,h1,1
"(27, 20)","(3, 14)","[(27, 20), (26, 20), (25, 20), (24, 20), (24, 19), (23, 19), (22, 19), (21, 19), (20, 19), (19, 19), (18, 19), (17, 19), (16, 19), (15, 19), (14, 19), (13, 19), (13, 18), (13, 17), (13, 16), (13, 15), (13, 14), (12, 14), (11, 14), (10, 14), (9, 14), (8, 14), (7, 14), (6, 14), (5, 14), (4, 14), (3, 14)]",279,1519,765,BFS,c4,h1,1
"(27, 20)","(3, 14)","[(27, 20), (27, 19), (27, 18), (27, 17), (27, 16), (26, 16), (25, 16), (24, 16), (23, 16), (22, 16), (21, 16), (21, 15), (20, 15), (19, 15), (19, 14), (18, 14), (17, 14), (16, 14), (15, 14), (14, 14), (13, 14), (12, 14), (11, 14), (10, 14), (9, 14), (8, 14), (7, 14), (6, 14), (5, 14), (4, 14), (3, 14)]",300,1525,768,BFS,c1,h1,2
"(27, 20)","(3, 14)","[(27, 20), (26, 20), (26, 19), (25, 19), (24, 19), (23, 19), (23, 18), (23, 17), (22, 17), (21, 17), (20, 17), (19, 17), (19, 16), (19, 15), (19, 14), (18, 14), (17, 14), (16, 14), (15, 14), (14, 14), (13, 14), (12, 14), (11, 14), (10, 14), (9, 14), (8, 14), (7, 14), (6, 14), (5, 14), (4, 14), (3, 14)]",420,1540,777,BFS,c2,h1,2
"(27, 20)","(3, 14)","[(27, 20), (27, 19), (26, 19), (25, 19), (25, 18), (25, 17), (25, 16), (25, 15), (24, 15), (24, 14), (23, 14), (22, 14), (21, 14), (20, 14), (19, 14), (18, 14), (17, 14), (16, 14), (15, 14), (14, 14), (13, 14), (12, 14), (11, 14), (10, 14), (9, 14), (8, 14), (7, 14), (6, 14), (5, 14), (4, 14), (3, 14)]",359,1540,777,BFS,c3,h1,2
"(27, 20)","(3, 14)","[(27, 20), (26, 20), (25, 20), (24, 20), (23, 20), (23, 19), (22, 19), (21, 19), (21, 18), (21, 17), (21, 16), (20, 16), (19, 16), (19, 15), (18, 15), (18, 14), (17, 14), (16, 14), (15, 14), (14, 14), (13, 14), (12, 14), (11, 14), (10, 14), (9, 14), (8, 14), (7, 14), (6, 14), (5, 14), (4, 14), (3, 14)]",309,1537,775,BFS,c4,h1,2
"(27, 20)","(3, 14)","[(27, 20), (27, 19), (26, 19), (25, 19), (25, 18), (25, 17), (25, 16), (25, 15), (24, 15), (23, 15), (22, 15), (22, 14), (21, 14), (20, 14), (19, 14), (18, 14), (17, 14), (16, 14), (15, 14), (14, 14), (13, 14), (12, 14), (11, 14), (10, 14), (9, 14), (8, 14), (7, 14), (6, 14), (5, 14), (4, 14), (3, 14)]",300,1540,777,BFS,c1,h1,3
"(27, 20)","(3, 14)","[(27, 20), (26, 20), (26, 19), (26, 18), (26, 17), (26, 16), (25, 16), (25, 15), (25, 14), (24, 14), (23, 14), (22, 14), (21, 14), (20, 14), (19, 14), (18, 14), (17, 14), (16, 14), (15, 14), (14, 14), (13, 14), (12, 14), (11, 14), (10, 14), (9, 14), (8, 14), (7, 14), (6, 14), (5, 14), (4, 14), (3, 14)]",420,1526,769,BFS,c2,h1,3
"(27, 20)","(3, 14)","[(27, 20), (26, 20), (26, 19), (25, 19), (25, 18), (25, 17), (25, 16), (25, 15), (24, 15), (24, 14), (23, 14), (22, 14), (21, 14), (20, 14), (19, 14), (18, 14), (17, 14), (16, 14), (15, 14), (14, 14), (13, 14), (12, 14), (11, 14), (10, 14), (9, 14), (8, 14), (7, 14), (6, 14), (5, 14), (4, 14), (3, 14)]",360,1540,777,BFS,c3,h1,3
"(27, 20)","(3, 14)","[(27, 20), (27, 19), (27, 18), (26, 18), (26, 17), (25, 17), (24, 17), (24, 16), (24, 15), (24, 14), (23, 14), (22, 14), (21, 14), (20, 14), (19, 14), (18, 14), (17, 14), (16, 14), (15, 14), (14, 14), (13, 14), (12, 14), (11, 14), (10, 14), (9, 14), (8, 14), (7, 14), (6, 14), (5, 14), (4, 14), (3, 14)]",296,1526,769,BFS,c4,h1,3
"(27, 20)","(3, 14)","[(27, 20), (26, 20), (25, 20), (24, 20), (23, 20), (22, 20), (21, 20), (21, 19), (20, 19), (19, 19), (19, 18), (18, 18), (17, 18), (17, 17), (16, 17), (16, 16), (16, 15), (15, 15), (15, 14), (14, 14), (13, 14), (12, 14), (11, 14), (10, 14), (9, 14), (8, 14), (7, 14), (6, 14), (5, 14), (4, 14), (3, 14)]",300,1533,773,BFS,c1,h1,4
"(27, 20)","(3, 14)","[(27, 20), (27, 19), (26, 19), (26, 18), (25, 18), (24, 18), (23, 18), (22, 18), (22, 17), (21, 17), (20, 17), (20, 16), (19, 16), (19, 15), (19, 14), (18, 14), (17, 14), (16, 14), (15, 14), (14, 14), (13, 14), (12, 14), (11, 14), (10, 14), (9, 14), (8, 14), (7, 14), (6, 14), (5, 14), (4, 14), (3, 14)]",420,1526,769,BFS,c2,h1,4
"(27, 20)","(3, 14)","[(27, 20), (26, 20), (25, 20), (25, 19), (25, 18), (25, 17), (25, 16), (24, 16), (24, 15), (23, 15), (23, 14), (22, 14), (21, 14), (20, 14), (19, 14), (18, 14), (17, 14), (16, 14), (15, 14), (14, 14), (13, 14), (12, 14), (11, 14), (10, 14), (9, 14), (8, 14), (7, 14), (6, 14), (5, 14), (4, 14), (3, 14)]",359,1526,769,BFS,c3,h1,4
"(27, 20)","(3, 14)","[(27, 20), (27, 19), (26, 19), (25, 19), (25, 18), (24, 18), (23, 18), (23, 17), (23, 16), (22, 16), (21, 16), (21, 15), (20, 15), (20, 14), (19, 14), (18, 14), (17, 14), (16, 14), (15, 14), (14, 14), (13, 14), (12, 14), (11, 14), (10, 14), (9, 14), (8, 14), (7, 14), (6, 14), (5, 14), (4, 14), (3, 14)]",301,1526,769,BFS,c4,h1,4
"(27, 20)","(3, 14)","[(27, 20), (27, 19), (26, 19), (26, 18), (25, 18), (25, 17), (24, 17), (24, 16), (24, 15), (23, 15), (22, 15), (21, 15), (20, 15), (19, 15), (18, 15), (17, 15), (16, 15), (15, 15), (15, 14), (14, 14), (13, 14), (12, 14), (11, 14), (10, 14), (9, 14), (8, 14), (7, 14), (6, 14), (5, 14), (4, 14), (3, 14)]",300,1523,767,BFS,c1,h1,5
"(27, 20)","(3, 14)","[(27, 20), (27, 19), (27, 18), (27, 17), (26, 17), (26, 16), (25, 16), (25, 15), (24, 15), (24, 14), (23, 14), (22, 14), (21, 14), (20, 14), (19, 14), (18, 14), (17, 14), (16, 14), (15, 14), (14, 14), (13, 14), (12, 14), (11, 14), (10, 14), (9, 14), (8, 14), (7, 14), (6, 14), (5, 14), (4, 14), (3, 14)]",420,1540,777,BFS,c2,h1,5
"(27, 20)","(3, 14)","[(27, 20), (27, 19), (26, 19), (25, 19), (25, 18), (24, 18), (23, 18), (22, 18), (21, 18), (21, 17), (20, 17), (19, 17), (19, 16), (19, 15), (19, 14), (18, 14), (17, 14), (16, 14), (15, 14), (14, 14), (13, 14), (12, 14), (11, 14), (10, 14), (9, 14), (8, 14), (7, 14), (6, 14), (5, 14), (4, 14), (3, 14)]",356,1526,769,BFS,c3,h1,5
"(27, 20)","(3, 14)","[(27, 20), (27, 19), (27, 18), (27, 17), (26, 17), (26, 16), (25, 16), (24, 16), (24, 15), (24, 14), (23, 14), (22, 14), (21, 14), (20, 14), (19, 14), (18, 14), (17, 14), (16, 14), (15, 14), (14, 14), (13, 14), (12, 14), (11, 14), (10, 14), (9, 14), (8, 14), (7, 14), (6, 14), (5, 14), (4, 14), (3, 14)]",293,1540,777,BFS,c4,h1,5
"(27, 20)","(3, 14)","[(27, 20), (27, 19), (27, 18), (26, 18), (25, 18), (25, 17), (25, 16), (24, 16), (24, 15), (24, 14), (23, 14), (22, 14), (21, 14), (20, 14), (19, 14), (18, 14), (17, 14), (16, 14), (15, 14), (14, 14), (13, 14), (12, 14), (11, 14), (10, 14), (9, 14), (8, 14), (7, 14), (6, 14), (5, 14), (4, 14), (3, 14)]",300,1526,769,BFS,c1,h1,6
"(27, 20)","(3, 14)","[(27, 20), (27, 19), (26, 19), (25, 19), (25, 18), (24, 18), (23, 18), (22, 18), (22, 17), (21, 17), (20, 17), (19, 17), (18, 17), (17, 17), (17, 16), (16, 16), (16, 15), (15, 15), (14, 15), (13, 15), (12, 15), (12, 14), (11, 14), (10, 14), (9, 14), (8, 14), (7, 14), (6, 14), (5, 14), (4, 14), (3, 14)]",420,1515,763,BFS,c2,h1,6
"(27, 20)","(3, 14)","[(27, 20), (27, 19), (27, 18), (26, 18), (26, 17), (26, 16), (25, 16), (24, 16), (24, 15), (24, 14), (23, 14), (22, 14), (21, 14), (20, 14), (19, 14), (18, 14), (17, 14), (16, 14), (15, 14), (14, 14), (13, 14), (12, 14), (11, 14), (10, 14), (9, 14), (8, 14), (7, 14), (6, 14), (5, 14), (4, 14), (3, 14)]",356,1526,769,BFS,c3,h1,6
"(27, 20)","(3, 14)","[(27, 20), (27, 19), (26, 19), (26, 18), (26, 17), (25, 17), (24, 17), (24, 16), (23, 16), (22, 16), (22, 15), (21, 15), (21, 14), (20, 14), (19, 14), (18, 14), (17, 14), (16, 14), (15, 14), (14, 14), (13, 14), (12, 14), (11, 14), (10, 14), (9, 14), (8, 14), (7, 14), (6, 14), (5, 14), (4, 14), (3, 14)]",298,1540,777,BFS,c4,h1,6
"(27, 20)","(3, 14)","[(27, 20), (26, 20), (25, 20), (24, 20), (23, 20), (23, 19), (22, 19), (22, 18), (21, 18), (20, 18), (19, 18), (18, 18), (18, 17), (17, 17), (16, 17), (15, 17), (14, 17), (13, 17), (12, 17), (12, 16), (11, 16), (10, 16), (9, 16), (9, 15), (9, 14), (8, 14), (7, 14), (6, 14), (5, 14), (4, 14), (3, 14)]",300,1523,768,BFS,c1,h1,7
"(27, 20)","(3, 14)","[(27, 20), (27, 19), (26, 19), (26, 18), (25, 18), (24, 18), (23, 18), (22, 18), (22, 17), (22, 16), (22, 15), (22, 14), (21, 14), (20, 14), (19, 14), (18, 14), (17, 14), (16, 14), (15, 14), (14, 14), (13, 14), (12, 14), (11, 14), (10, 14), (9, 14), (8, 14), (7, 14), (6, 14), (5, 14), (4, 14), (3, 14)]",420,1540,777,BFS,c2,h1,7
"(27, 20)","(3, 14)","[(27, 20), (27, 19), (27, 18), (27, 17), (27, 16), (27, 15), (27, 14), (26, 14), (25, 14), (24, 14), (23, 14), (22, 14), (21, 14), (20, 14), (19, 14), (18, 14), (17, 14), (16, 14), (15, 14), (14, 14), (13, 14), (12, 14), (11, 14), (10, 14), (9, 14), (8, 14), (7, 14), (6, 14), (5, 14), (4, 14), (3, 14)]",360,1540,777,BFS,c3,h1,7
"(27, 20)","(3, 14)","[(27, 20), (27, 19), (26, 19), (26, 18), (25, 18), (25, 17), (25, 16), (24, 16), (23, 16), (23, 15), (22, 15), (21, 15), (21, 14), (20, 14), (19, 14), (18, 14), (17, 14), (16, 14), (15, 14), (14, 14), (13, 14), (12, 14), (11, 14), (10, 14), (9, 14), (8, 14), (7, 14), (6, 14), (5, 14), (4, 14), (3, 14)]",297,1526,769,BFS,c4,h1,7
"(27, 20)","(3, 14)","[(27, 20), (26, 20), (26, 19), (26, 18), (26, 17), (25, 17), (25, 16), (24, 16), (24, 15), (24, 14), (23, 14), (22, 14), (21, 14), (20, 14), (19, 14), (18, 14), (17, 14), (16, 14), (15, 14), (14, 14), (13, 14), (12, 14), (11, 14), (10, 14), (9, 14), (8, 14), (7, 14), (6, 14), (5, 14), (4, 14), (3, 14)]",300,1526,769,BFS,c1,h1,8
"(27, 20)","(3, 14)","[(27, 20), (27, 19), (26, 19), (26, 18), (26, 17), (26, 16), (25, 16), (24, 16), (24, 15), (24, 14), (23, 14), (22, 14), (21, 14), (20, 14), (19, 14), (18, 14), (17, 14), (16, 14), (15, 14), (14, 14), (13, 14), (12, 14), (11, 14), (10, 14), (9, 14), (8, 14), (7, 14), (6, 14), (5, 14), (4, 14), (3, 14)]",420,1540,777,BFS,c2,h1,8
"(27, 20)","(3, 14)","[(27, 20), (26, 20), (26, 19), (25, 19), (24, 19), (23, 19), (22, 19), (21, 19), (21, 18), (21, 17), (21, 16), (20, 16), (20, 15), (20, 14), (19, 14), (18, 14), (17, 14), (16, 14), (15, 14), (14, 14), (13, 14), (12, 14), (11, 14), (10, 14), (9, 14), (8, 14), (7, 14), (6, 14), (5, 14), (4, 14), (3, 14)]",353,1540,777,BFS,c3,h1,8
"(27, 20)","(3, 14)","[(27, 20), (27, 19), (27, 18), (27, 17), (27, 16), (27, 15), (27, 14), (26, 14), (25, 14), (24, 14), (23, 14), (22, 14), (21, 14), (20, 14), (19, 14), (18, 14), (17, 14), (16, 14), (15, 14), (14, 14), (13, 14), (12, 14), (11, 14), (10, 14), (9, 14), (8, 14), (7, 14), (6, 14), (5, 14), (4, 14), (3, 14)]",286,1526,769,BFS,c4,h1,8
"(27, 20)","(3, 14)","[(27, 20), (26, 20), (26, 19), (26, 18), (26, 17), (25, 17), (25, 16), (25, 15), (25, 14), (24, 14), (23, 14), (22, 14), (21, 14), (20, 14), (19, 14), (18, 14), (17, 14), (16, 14), (15, 14), (14, 14), (13, 14), (12, 14), (11, 14), (10, 14), (9, 14), (8, 14), (7, 14), (6, 14), (5, 14), (4, 14), (3, 14)]",300,1540,777,BFS,c1,h1,9
"(27, 20)","(3, 14)","[(27, 20), (26, 20), (26, 19), (25, 19), (25, 18), (24, 18), (23, 18), (23, 17), (23, 16), (22, 16), (22, 15), (21, 15), (20, 15), (19, 15), (19, 14), (18, 14), (17, 14), (16, 14), (15, 14), (14, 14), (13, 14), (12, 14), (11, 14), (10, 14), (9, 14), (8, 14), (7, 14), (6, 14), (5, 14), (4, 14), (3, 14)]",420,1540,777,BFS,c2,h1,9
"(27, 20)","(3, 14)","[(27, 20), (27, 19), (27, 18), (26, 18), (25, 18), (24, 18), (23, 18), (22, 18), (21, 18), (20, 18), (19, 18), (18, 18), (17, 18), (16, 18), (16, 17), (15, 17), (14, 17), (13, 17), (13, 16), (12, 16), (12, 15), (11, 15), (11, 14), (10, 14), (9, 14), (8, 14), (7, 14), (6, 14), (5, 14), (4, 14), (3, 14)]",352,1515,763,BFS,c3,h1,9
"(27, 20)","(3, 14)","[(27, 20), (26, 20), (26, 19), (26, 18), (25, 18), (25, 17), (25, 16), (24, 16), (24, 15), (24, 14), (23, 14), (22, 14), (21, 14), (20, 14), (19, 14), (18, 14), (17, 14), (16, 14), (15, 14), (14, 14), (13, 14), (12, 14), (11, 14), (10, 14), (9, 14), (8, 14), (7, 14), (6, 14), (5, 14), (4, 14), (3, 14)]",298,1540,777,BFS,c4,h1,9
"(27, 20)","(3, 14)","[(27, 20), (26, 20), (25, 20), (25, 19), (24, 19), (24, 18), (23, 18), (22, 18), (22, 17), (22, 16), (22, 15), (21, 15), (20, 15), (19, 15), (18, 15), (17, 15), (17, 14), (16, 14), (15, 14), (14, 14), (13, 14), (12, 14), (11, 14), (10, 14), (9, 14), (8, 14), (7, 14), (6, 14), (5, 14), (4, 14), (3, 14)]",300,1533,773,BFS,c1,h1,10
"(27, 20)","(3, 14)","[(27, 20), (26, 20), (26, 19), (25, 19), (25, 18), (24, 18), (24, 17), (23, 17), (22, 17), (22, 16), (21, 16), (21, 15), (21, 14), (20, 14), (19, 14), (18, 14), (17, 14), (16, 14), (15, 14), (14, 14), (13, 14), (12, 14), (11, 14), (10, 14), (9, 14), (8, 14), (7, 14), (6, 14), (5, 14), (4, 14), (3, 14)]",420,1540,777,BFS,c2,h1,10
"(27, 20)","(3, 14)","[(27, 20), (26, 20), (25, 20), (24, 20), (23, 20), (22, 20), (21, 20), (20, 20), (19, 20), (19, 19), (18, 19), (17, 19), (17, 18), (17, 17), (16, 17), (16, 16), (16, 15), (16, 14), (15, 14), (14, 14), (13, 14), (12, 14), (11, 14), (10, 14), (9, 14), (8, 14), (7, 14), (6, 14), (5, 14), (4, 14), (3, 14)]",355,1537,775,BFS,c3,h1,10
"(27, 20)","(3, 14)","[(27, 20), (26, 20), (25, 20), (25, 19), (24, 19), (23, 19), (23, 18), (23, 17), (22, 17), (22, 16), (21, 16), (21, 15), (21, 14), (20, 14), (19, 14), (18, 14), (17, 14), (16, 14), (15, 14), (14, 14), (13, 14), (12, 14), (11, 14), (10, 14), (9, 14), (8, 14), (7, 14), (6, 14), (5, 14), (4, 14), (3, 14)]",307,1540,777,BFS,c4,h1,10
"(27, 20)","(3, 14)","[(27, 20), (27, 19), (27, 18), (27, 17), (27, 16), (27, 15), (27, 14), (26, 14), (25, 14), (24, 14), (23, 14), (22, 14), (21, 14), (20, 14), (19, 14), (18, 14), (17, 14), (16, 14), (15, 14), (14, 14), (13, 14), (12, 14), (11, 14), (10, 14), (9, 14), (8, 14), (7, 14), (6, 14), (5, 14), (4, 14), (3, 14)]",300,1526,769,BFS,c1,h1,11
"(27, 20)","(3, 14)","[(27, 20), (26, 20), (25, 20), (25, 19), (25, 18), (25, 17), (24, 17), (23, 17), (23, 16), (23, 15), (22, 15), (22, 14), (21, 14), (20, 14), (19, 14), (18, 14), (17, 14), (16, 14), (15, 14), (14, 14), (13, 14), (12, 14), (11, 14), (10, 14), (9, 14), (8, 14), (7, 14), (6, 14), (5, 14), (4, 14), (3, 14)]",420,1540,777,BFS,c2,h1,11
"(27, 20)","(3, 14)","[(27, 20), (27, 19), (27, 18), (27, 17), (27, 16), (26, 16), (26, 15), (25, 15), (24, 15), (23, 15), (22, 15), (21, 15), (21, 14), (20, 14), (19, 14), (18, 14), (17, 14), (16, 14), (15, 14), (14, 14), (13, 14), (12, 14), (11, 14), (10, 14), (9, 14), (8, 14), (7, 14), (6, 14), (5, 14), (4, 14), (3, 14)]",359,1526,769,BFS,c3,h1,11
"(27, 20)","(3, 14)","[(27, 20), (27, 19), (27, 18), (27, 17), (26, 17), (25, 17), (25, 16), (25, 15), (25, 14), (24, 14), (23, 14), (22, 14), (21, 14), (20, 14), (19, 14), (18, 14), (17, 14), (16, 14), (15, 14), (14, 14), (13, 14), (12, 14), (11, 14), (10, 14), (9, 14), (8, 14), (7, 14), (6, 14), (5, 14), (4, 14), (3, 14)]",292,1526,769,BFS,c4,h1,11
"(27, 20)","(3, 14)","[(27, 20), (27, 19), (27, 18), (27, 17), (26, 17), (25, 17), (24, 17), (24, 16), (23, 16), (23, 15), (23, 14), (22, 14), (21, 14), (20, 14), (19, 14), (18, 14), (17, 14), (16, 14), (15, 14), (14, 14), (13, 14), (12, 14), (11, 14), (10, 14), (9, 14), (8, 14), (7, 14), (6, 14), (5, 14), (4, 14), (3, 14)]",300,1540,777,BFS,c1,h1,12
"(27, 20)","(3, 14)","[(27, 20), (26, 20), (25, 20), (24, 20), (23, 20), (22, 20), (22, 19), (21, 19), (20, 19), (19, 19), (18, 19), (17, 19), (16, 19), (15, 19), (15, 18), (14, 18), (13, 18), (12, 18), (11, 18), (10, 18), (10, 17), (10, 16), (10, 15), (9, 15), (9, 14), (8, 14), (7, 14), (6, 14), (5, 14), (4, 14), (3, 14)]",420,1525,769,BFS,c2,h1,12
"(27, 20)","(3, 14)","[(27, 20), (26, 20), (26, 19), (25, 19), (24, 19), (23, 19), (22, 19), (21, 19), (20, 19), (20, 18), (19, 18), (18, 18), (17, 18), (16, 18), (16, 17), (15, 17), (15, 16), (15, 15), (15, 14), (14, 14), (13, 14), (12, 14), (11, 14), (10, 14), (9, 14), (8, 14), (7, 14), (6, 14), (5, 14), (4, 14), (3, 14)]",355,1521,766,BFS,c3,h1,12
"(27, 20)","(3, 14)","[(27, 20), (27, 19), (26, 19), (26, 18), (26, 17), (25, 17), (24, 17), (24, 16), (23, 16), (22, 16), (22, 15), (22, 14), (21, 14), (20, 14), (19, 14), (18, 14), (17, 14), (16, 14), (15, 14), (14, 14), (13, 14), (12, 14), (11, 14), (10, 14), (9, 14), (8, 14), (7, 14), (6, 14), (5, 14), (4, 14), (3, 14)]",299,1526,769,BFS,c4,h1,12
"(27, 20)","(3, 14)","[(27, 20), (26, 20), (25, 20), (24, 20), (23, 20), (22, 20), (22, 19), (21, 19), (20, 19), (19, 19), (18, 19), (17, 19), (16, 19), (16, 18), (15, 18), (14, 18), (13, 18), (12, 18), (11, 18), (10, 18), (10, 17), (9, 17), (9, 16), (9, 15), (8, 15), (8, 14), (7, 14), (6, 14), (5, 14), (4, 14), (3, 14)]",300,1515,764,BFS,c1,h1,13
"(27, 20)","(3, 14)","[(27, 20), (26, 20), (25, 20), (24, 20), (24, 19), (24, 18), (24, 17), (23, 17), (22, 17), (22, 16), (21, 16), (21, 15), (20, 15), (19, 15), (19, 14), (18, 14), (17, 14), (16, 14), (15, 14), (14, 14), (13, 14), (12, 14), (11, 14), (10, 14), (9, 14), (8, 14), (7, 14), (6, 14), (5, 14), (4, 14), (3, 14)]",420,1540,777,BFS,c2,h1,13
"(27, 20)","(3, 14)","[(27, 20), (27, 19), (27, 18), (27, 17), (27, 16), (27, 15), (26, 15), (26, 14), (25, 14), (24, 14), (23, 14), (22, 14), (21, 14), (20, 14), (19, 14), (18, 14), (17, 14), (16, 14), (15, 14), (14, 14), (13, 14), (12, 14), (11, 14), (10, 14), (9, 14), (8, 14), (7, 14), (6, 14), (5, 14), (4, 14), (3, 14)]",359,1526,769,BFS,c3,h1,13
"(27, 20)","(3, 14)","[(27, 20), (27, 19), (27, 18), (27, 17), (27, 16), (26, 16), (25, 16), (24, 16), (24, 15), (23, 15), (23, 14), (22, 14), (21, 14), (20, 14), (19, 14), (18, 14), (17, 14), (16, 14), (15, 14), (14, 14), (13, 14), (12, 14), (11, 14), (10, 14), (9, 14), (8, 14), (7, 14), (6, 14), (5, 14), (4, 14), (3, 14)]",293,1540,777,BFS,c4,h1,13
"(27, 20)","(3, 14)","[(27, 20), (26, 20), (26, 19), (25, 19), (25, 18), (24, 18), (24, 17), (24, 16), (24, 15), (24, 14), (23, 14), (22, 14), (21, 14), (20, 14), (19, 14), (18, 14), (17, 14), (16, 14), (15, 14), (14, 14), (13, 14), (12, 14), (11, 14), (10, 14), (9, 14), (8, 14), (7, 14), (6, 14), (5, 14), (4, 14), (3, 14)]",300,1540,777,BFS,c1,h1,14
"(27, 20)","(3, 14)","[(27, 20), (27, 19), (27, 18), (26, 18), (25, 18), (24, 18), (24, 17), (23, 17), (23, 16), (22, 16), (22, 15), (22, 14), (21, 14), (20, 14), (19, 14), (18, 14), (17, 14), (16, 14), (15, 14), (14, 14), (13, 14), (12, 14), (11, 14), (10, 14), (9, 14), (8, 14), (7, 14), (6, 14), (5, 14), (4, 14), (3, 14)]",420,1540,777,BFS,c2,h1,14
"(27, 20)","(3, 14)","[(27, 20), (26, 20), (25, 20), (25, 19), (25, 18), (25, 17), (25, 16), (24, 16), (24, 15), (24, 14), (23, 14), (22, 14), (21, 14), (20, 14), (19, 14), (18, 14), (17, 14), (16, 14), (15, 14), (14, 14), (13, 14), (12, 14), (11, 14), (10, 14), (9, 14), (8, 14), (7, 14), (6, 14), (5, 14), (4, 14), (3, 14)]",360,1540,777,BFS,c3,h1,14
"(27, 20)","(3, 14)","[(27, 20), (26, 20), (25, 20), (25, 19), (24, 19), (23, 19), (23, 18), (23, 17), (22, 17), (21, 17), (21, 16), (20, 16), (19, 16), (18, 16), (18, 15), (18, 14), (17, 14), (16, 14), (15, 14), (14, 14), (13, 14), (12, 14), (11, 14), (10, 14), (9, 14), (8, 14), (7, 14), (6, 14), (5, 14), (4, 14), (3, 14)]",302,1537,775,BFS,c4,h1,14
"(27, 20)","(3, 14)","[(27, 20), (26, 20), (26, 19), (25, 19), (24, 19), (24, 18), (24, 17), (23, 17), (22, 17), (21, 17), (21, 16), (20, 16), (19, 16), (18, 16), (17, 16), (16, 16), (15, 16), (14, 16), (14, 15), (13, 15), (12, 15), (11, 15), (11, 14), (10, 14), (9, 14), (8, 14), (7, 14), (6, 14), (5, 14), (4, 14), (3, 14)]",300,1509,760,BFS,c1,h1,15
"(27, 20)","(3, 14)","[(27, 20), (26, 20), (26, 19), (26, 18), (26, 17), (26, 16), (26, 15), (26, 14), (25, 14), (24, 14), (23, 14), (22, 14), (21, 14), (20, 14), (19, 14), (18, 14), (17, 14), (16, 14), (15, 14), (14, 14), (13, 14), (12, 14), (11, 14), (10, 14), (9, 14), (8, 14), (7, 14), (6, 14), (5, 14), (4, 14), (3, 14)]",420,1540,777,BFS,c2,h1,15
"(27, 20)","(3, 14)","[(27, 20), (27, 19), (27, 18), (27, 17), (27, 16), (27, 15), (27, 14), (26, 14), (25, 14), (24, 14), (23, 14), (22, 14), (21, 14), (20, 14), (19, 14), (18, 14), (17, 14), (16, 14), (15, 14), (14, 14), (13, 14), (12, 14), (11, 14), (10, 14), (9, 14), (8, 14), (7, 14), (6, 14), (5, 14), (4, 14), (3, 14)]",360,1540,777,BFS,c3,h1,15
"(27, 20)","(3, 14)","[(27, 20), (26, 20), (25, 20), (25, 19), (25, 18), (25, 17), (25, 16), (24, 16), (24, 15), (24, 14), (23, 14), (22, 14), (21, 14), (20, 14), (19, 14), (18, 14), (17, 14), (16, 14), (15, 14), (14, 14), (13, 14), (12, 14), (11, 14), (10, 14), (9, 14), (8, 14), (7, 14), (6, 14), (5, 14), (4, 14), (3, 14)]",300,1540,777,BFS,c4,h1,15
"(27, 20)","(3, 14)","[(27, 20), (27, 19), (26, 19), (25, 19), (24, 19), (23, 19), (22, 19), (21, 19), (21, 18), (20, 18), (20, 17), (19, 17), (18, 17), (18, 16), (18, 15), (18, 14), (17, 14), (16, 14), (15, 14), (14, 14), (13, 14), (12, 14), (11, 14), (10, 14), (9, 14), (8, 14), (7, 14), (6, 14), (5, 14), (4, 14), (3, 14)]",300,1526,769,BFS,c1,h1,16
"(27, 20)","(3, 14)","[(27, 20), (27, 19), (27, 18), (27, 17), (27, 16), (27, 15), (27, 14), (26, 14), (25, 14), (24, 14), (23, 14), (22, 14), (21, 14), (20, 14), (19, 14), (18, 14), (17, 14), (16, 14), (15, 14), (14, 14), (13, 14), (12, 14), (11, 14), (10, 14), (9, 14), (8, 14), (7, 14), (6, 14), (5, 14), (4, 14), (3, 14)]",420,1526,769,BFS,c2,h1,16
"(27, 20)","(3, 14)","[(27, 20), (27, 19), (26, 19), (25, 19), (25, 18), (24, 18), (24, 17), (23, 17), (22, 17), (22, 16), (21, 16), (20, 16), (20, 15), (20, 14), (19, 14), (18, 14), (17, 14), (16, 14), (15, 14), (14, 14), (13, 14), (12, 14), (11, 14), (10, 14), (9, 14), (8, 14), (7, 14), (6, 14), (5, 14), (4, 14), (3, 14)]",358,1526,769,BFS,c3,h1,16
"(27, 20)","(3, 14)","[(27, 20), (26, 20), (26, 19), (26, 18), (25, 18), (25, 17), (24, 17), (23, 17), (22, 17), (21, 17), (21, 16), (21, 15), (21, 14), (20, 14), (19, 14), (18, 14), (17, 14), (16, 14), (15, 14), (14, 14), (13, 14), (12, 14), (11, 14), (10, 14), (9, 14), (8, 14), (7, 14), (6, 14), (5, 14), (4, 14), (3, 14)]",302,1540,777,BFS,c4,h1,16
"(27, 20)","(3, 14)","[(27, 20), (26, 20), (25, 20), (25, 19), (24, 19), (23, 19), (22, 19), (22, 18), (22, 17), (22, 16), (21, 16), (20, 16), (19, 16), (19, 15), (19, 14), (18, 14), (17, 14), (16, 14), (15, 14), (14, 14), (13, 14), (12, 14), (11, 14), (10, 14), (9, 14), (8, 14), (7, 14), (6, 14), (5, 14), (4, 14), (3, 14)]",300,1540,777,BFS,c1,h1,17
"(27, 20)","(3, 14)","[(27, 20), (27, 19), (26, 19), (25, 19), (25, 18), (24, 18), (24, 17), (23, 17), (23, 16), (23, 15), (22, 15), (22, 14), (21, 14), (20, 14), (19, 14), (18, 14), (17, 14), (16, 14), (15, 14), (14, 14), (13, 14), (12, 14), (11, 14), (10, 14), (9, 14), (8, 14), (7, 14), (6, 14), (5, 14), (4, 14), (3, 14)]",420,1526,769,BFS,c2,h1,17
"(27, 20)","(3, 14)","[(27, 20), (26, 20), (25, 20), (24, 20), (23, 20), (23, 19), (23, 18), (22, 18), (21, 18), (21, 17), (20, 17), (20, 16), (19, 16), (19, 15), (18, 15), (18, 14), (17, 14), (16, 14), (15, 14), (14, 14), (13, 14), (12, 14), (11, 14), (10, 14), (9, 14), (8, 14), (7, 14), (6, 14), (5, 14), (4, 14), (3, 14)]",360,1539,776,BFS,c3,h1,17
"(27, 20)","(3, 14)","[(27, 20), (27, 19), (26, 19), (26, 18), (26, 17), (25, 17), (25, 16), (24, 16), (23, 16), (23, 15), (22, 15), (21, 15), (20, 15), (20, 14), (19, 14), (18, 14), (17, 14), (16, 14), (15, 14), (14, 14), (13, 14), (12, 14), (11, 14), (10, 14), (9, 14), (8, 14), (7, 14), (6, 14), (5, 14), (4, 14), (3, 14)]",295,1525,768,BFS,c4,h1,17
"(27, 20)","(3, 14)","[(27, 20), (26, 20), (25, 20), (24, 20), (23, 20), (22, 20), (22, 19), (21, 19), (21, 18), (21, 17), (21, 16), (20, 16), (20, 15), (19, 15), (19, 14), (18, 14), (17, 14), (16, 14), (15, 14), (14, 14), (13, 14), (12, 14), (11, 14), (10, 14), (9, 14), (8, 14), (7, 14), (6, 14), (5, 14), (4, 14), (3, 14)]",300,1540,777,BFS,c1,h1,18
"(27, 20)","(3, 14)","[(27, 20), (27, 19), (26, 19), (25, 19), (24, 19), (23, 19), (22, 19), (21, 19), (20, 19), (20, 18), (20, 17), (19, 17), (19, 16), (19, 15), (19, 14), (18, 14), (17, 14), (16, 14), (15, 14), (14, 14), (13, 14), (12, 14), (11, 14), (10, 14), (9, 14), (8, 14), (7, 14), (6, 14), (5, 14), (4, 14), (3, 14)]",420,1526,769,BFS,c2,h1,18
"(27, 20)","(3, 14)","[(27, 20), (27, 19), (27, 18), (26, 18), (26, 17), (25, 17), (24, 17), (24, 16), (23, 16), (23, 15), (23, 14), (22, 14), (21, 14), (20, 14), (19, 14), (18, 14), (17, 14), (16, 14), (15, 14), (14, 14), (13, 14), (12, 14), (11, 14), (10, 14), (9, 14), (8, 14), (7, 14), (6, 14), (5, 14), (4, 14), (3, 14)]",352,1540,777,BFS,c3,h1,18
"(27, 20)","(3, 14)","[(27, 20), (27, 19), (27, 18), (27, 17), (26, 17), (26, 16), (25, 16), (25, 15), (25, 14), (24, 14), (23, 14), (22, 14), (21, 14), (20, 14), (19, 14), (18, 14), (17, 14), (16, 14), (15, 14), (14, 14), (13, 14), (12, 14), (11, 14), (10, 14), (9, 14), (8, 14), (7, 14), (6, 14), (5, 14), (4, 14), (3, 14)]",291,1540,777,BFS,c4,h1,18
"(27, 20)","(3, 14)","[(27, 20), (26, 20), (26, 19), (26, 18), (26, 17), (26, 16), (25, 16), (24, 16), (24, 15), (23, 15), (23, 14), (22, 14), (21, 14), (20, 14), (19, 14), (18, 14), (17, 14), (16, 14), (15, 14), (14, 14), (13, 14), (12, 14), (11, 14), (10, 14), (9, 14), (8, 14), (7, 14), (6, 14), (5, 14), (4, 14), (3, 14)]",300,1526,769,BFS,c1,h1,19
"(27, 20)","(3, 14)","[(27, 20), (27, 19), (27, 18), (27, 17), (27, 16), (26, 16), (25, 16), (24, 16), (24, 15), (24, 14), (23, 14), (22, 14), (21, 14), (20, 14), (19, 14), (18, 14), (17, 14), (16, 14), (15, 14), (14, 14), (13, 14), (12, 14), (11, 14), (10, 14), (9, 14), (8, 14), (7, 14), (6, 14), (5, 14), (4, 14), (3, 14)]",420,1526,769,BFS,c2,h1,19
"(27, 20)","(3, 14)","[(27, 20), (27, 19), (26, 19), (25, 19), (25, 18), (25, 17), (24, 17), (23, 17), (23, 16), (22, 16), (21, 16), (21, 15), (21, 14), (20, 14), (19, 14), (18, 14), (17, 14), (16, 14), (15, 14), (14, 14), (13, 14), (12, 14), (11, 14), (10, 14), (9, 14), (8, 14), (7, 14), (6, 14), (5, 14), (4, 14), (3, 14)]",362,1533,773,BFS,c3,h1,19
"(27, 20)","(3, 14)","[(27, 20), (26, 20), (25, 20), (24, 20), (23, 20), (23, 19), (22, 19), (22, 18), (22, 17), (21, 17), (20, 17), (20, 16), (19, 16), (18, 16), (17, 16), (17, 15), (16, 15), (15, 15), (15, 14), (14, 14), (13, 14), (12, 14), (11, 14), (10, 14), (9, 14), (8, 14), (7, 14), (6, 14), (5, 14), (4, 14), (3, 14)]",301,1537,775,BFS,c4,h1,19
"(27, 20)","(3, 14)","[(27, 20), (26, 20), (25, 20), (24, 20), (23, 20), (22, 20), (21, 20), (20, 20), (19, 20), (19, 19), (19, 18), (18, 18), (17, 18), (17, 17), (17, 16), (16, 16), (15, 16), (14, 16), (14, 15), (14, 14), (13, 14), (12, 14), (11, 14), (10, 14), (9, 14), (8, 14), (7, 14), (6, 14), (5, 14), (4, 14), (3, 14)]",300,1535,774,BFS,c1,h1,20
"(27, 20)","(3, 14)","[(27, 20), (27, 19), (27, 18), (26, 18), (26, 17), (25, 17), (25, 16), (25, 15), (25, 14), (24, 14), (23, 14), (22, 14), (21, 14), (20, 14), (19, 14), (18, 14), (17, 14), (16, 14), (15, 14), (14, 14), (13, 14), (12, 14), (11, 14), (10, 14), (9, 14), (8, 14), (7, 14), (6, 14), (5, 14), (4, 14), (3, 14)]",420,1540,777,BFS,c2,h1,20
"(27, 20)","(3, 14)","[(27, 20), (26, 20), (26, 19), (25, 19), (25, 18), (24, 18), (23, 18), (23, 17), (22, 17), (22, 16), (22, 15), (21, 15), (21, 14), (20, 14), (19, 14), (18, 14), (17, 14), (16, 14), (15, 14), (14, 14), (13, 14), (12, 14), (11, 14), (10, 14), (9, 14), (8, 14), (7, 14), (6, 14), (5, 14), (4, 14), (3, 14)]",355,1540,777,BFS,c3,h1,20
"(27, 20)","(3, 14)","[(27, 20), (26, 20), (26, 19), (25, 19), (25, 18), (25, 17), (24, 17), (23, 17), (23, 16), (22, 16), (21, 16), (20, 16), (20, 15), (20, 14), (19, 14), (18, 14), (17, 14), (16, 14), (15, 14), (14, 14), (13, 14), (12, 14), (11, 14), (10, 14), (9, 14), (8, 14), (7, 14), (6, 14), (5, 14), (4, 14), (3, 14)]",299,1540,777,BFS,c4,h1,20
"(16, 28)","(8, 19)","[(16, 28), (16, 27), (15, 27), (14, 27), (13, 27), (12, 27), (12, 26), (11, 26), (11, 25), (11, 24), (11, 23), (11, 22), (10, 22), (9, 22), (9, 21), (9, 20), (8, 20), (8, 19)]",170,706,346,BFS,c1,h1,1
"(16, 28)","(8, 19)","[(16, 28), (16, 27), (15, 27), (15, 26), (14, 26), (13, 26), (13, 25), (12, 25), (12, 24), (11, 24), (11, 23), (10, 23), (10, 22), (10, 21), (9, 21), (9, 20), (9, 19), (8, 19)]",210,733,360,BFS,c2,h1,1
"(16, 28)","(8, 19)","[(16, 28), (15, 28), (14, 28), (14, 27), (13, 27), (12, 27), (12, 26), (12, 25), (11, 25), (11, 24), (10, 24), (9, 24), (8, 24), (8, 23), (8, 22), (8, 21), (8, 20), (8, 19)]",187,743,366,BFS,c3,h1,1
"(16, 28)","(8, 19)","[(16, 28), (16, 27), (16, 26), (16, 25), (16, 24), (16, 23), (15, 23), (15, 22), (14, 22), (14, 21), (14, 20), (14, 19), (13, 19), (12, 19), (11, 19), (10, 19), (9, 19), (8, 19)]",163,745,366,BFS,c4,h1,1
"(16, 28)","(8, 19)","[(16, 28), (16, 27), (15, 27), (15, 26), (14, 26), (13, 26), (12, 26), (12, 25), (12, 24), (12, 23), (12, 22), (12, 21), (11, 21), (11, 20), (10, 20), (9, 20), (9, 19), (8, 19)]",170,735,361,BFS,c1,h1,2
"(16, 28)","(8, 19)","[(16, 28), (16, 27), (16, 26), (16, 25), (15, 25), (15, 24), (15, 23), (14, 23), (13, 23), (13, 22), (12, 22), (11, 22), (11, 21), (10, 21), (9, 21), (8, 21), (8, 20), (8, 19)]",210,737,363,BFS,c2,h1,2
"(16, 28)","(8, 19)","[(16, 28), (16, 27), (15, 27), (14, 27), (14, 26), (14, 25), (13, 25), (12, 25), (12, 24), (12, 23), (12, 22), (12, 21), (11, 21), (10, 21), (9, 21), (9, 20), (8, 20), (8, 19)]",189,710,349,BFS,c3,h1,2
"(16, 28)","(8, 19)","[(16, 28), (15, 28), (14, 28), (13, 28), (12, 28), (11, 28), (11, 27), (10, 27), (10, 26), (10, 25), (9, 25), (9, 24), (9, 23), (8, 23), (8, 22), (8, 21), (8, 20), (8, 19)]",171,714,351,BFS,c4,h1,2
"(16, 28)","(8, 19)","[(16, 28), (15, 28), (14, 28), (13, 28), (12, 28), (11, 28), (10, 28), (9, 28), (9, 27), (9, 26), (8, 26), (8, 25), (8, 24), (8, 23), (8, 22), (8, 21), (8, 20), (8, 19)]",170,722,355,BFS,c1,h1,3
"(16, 28)","(8, 19)","[(16, 28), (15, 28), (14, 28), (14, 27), (14, 26), (13, 26), (13, 25), (13, 24), (12, 24), (12, 23), (12, 22), (12, 21), (11, 21), (10, 21), (10, 20), (10, 19), (9, 19), (8, 19)]",210,708,348,BFS,c2,h1,3
"(16, 28)","(8, 19)","[(16, 28), (16, 27), (15, 27), (14, 27), (14, 26), (14, 25), (14, 24), (13, 24), (13, 23), (12, 23), (11, 23), (10, 23), (10, 22), (9, 22), (9, 21), (8, 21), (8, 20), (8, 19)]",192,708,348,BFS,c3,h1,3
"(16, 28)","(8, 19)","[(16, 28), (16, 27), (15, 27), (14, 27), (14, 26), (14, 25), (14, 24), (13, 24), (12, 24), (11, 24), (10, 24), (10, 23), (9, 23), (8, 23), (8, 22), (8, 21), (8, 20), (8, 19)]",156,743,366,BFS,c4,h1,3
"(16, 28)","(8, 19)","[(16, 28), (15, 28), (15, 27), (15, 26), (15, 25), (15, 24), (14, 24), (13, 24), (12, 24), (11, 24), (10, 24), (9, 24), (8, 24), (8, 23), (8, 22), (8, 21), (8, 20), (8, 19)]",170,718,353,BFS,c1,h1,4
"(16, 28)","(8, 19)","[(16, 28), (16, 27), (15, 27), (15, 26), (15, 25), (14, 25), (14, 24), (13, 24), (13, 23), (12, 23), (12, 22), (12, 21), (12, 20), (12, 19), (11, 19), (10, 19), (9, 19), (8, 19)]",210,735,362,BFS,c2,h1,4
"(16, 28)","(8, 19)","[(16, 28), (16, 27), (15, 27), (14, 27), (13, 27), (12, 27), (11, 27), (11, 26), (10, 26), (10, 25), (10, 24), (9, 24), (9, 23), (8, 23), (8, 22), (8, 21), (8, 20), (8, 19)]",182,714,350,BFS,c3,h1,4
"(16, 28)","(8, 19)","[(16, 28), (15, 28), (15, 27), (14, 27), (13, 27), (12, 27), (12, 26), (11, 26), (11, 25), (10, 25), (10, 24), (9, 24), (9, 23), (8, 23), (8, 22), (8, 21), (8, 20), (8, 19)]",165,737,362,BFS,c4,h1,4
"(16, 28)","(8, 19)","[(16, 28), (16, 27), (15, 27), (14, 27), (13, 27), (12, 27), (11, 27), (10, 27), (9, 27), (8, 27), (8, 26), (8, 25), (8, 24), (8, 23), (8, 22), (8, 21), (8, 20), (8, 19)]",170,745,366,BFS,c1,h1,5
"(16, 28)","(8, 19)","[(16, 28), (15, 28), (14, 28), (13, 28), (12, 28), (11, 28), (11, 27), (11, 26), (10, 26), (9, 26), (9, 25), (9, 24), (8, 24), (8, 23), (8, 22), (8, 21), (8, 20), (8, 19)]",210,712,350,BFS,c2,h1,5
"(16, 28)","(8, 19)","[(16, 28), (16, 27), (15, 27), (15, 26), (15, 25), (14, 25), (14, 24), (14, 23), (14, 22), (13, 22), (13, 21), (12, 21), (11, 21), (11, 20), (10, 20), (9, 20), (8, 20), (8, 19)]",190,708,347,BFS,c3,h1,5
"(16, 28)","(8, 19)","[(16, 28), (16, 27), (15, 27), (15, 26), (14, 26), (14, 25), (14, 24), (14, 23), (13, 23), (13, 22), (13, 21), (13, 20), (13, 19), (12, 19), (11, 19), (10, 19), (9, 19), (8, 19)]",171,716,351,BFS,c4,h1,5
"(16, 28)","(8, 19)","[(16, 28), (16, 27), (16, 26), (15, 26), (15, 25), (15, 24), (15, 23), (15, 22), (15, 21), (14, 21), (14, 20), (14, 19), (13, 19), (12, 19), (11, 19), (10, 19), (9, 19), (8, 19)]",170,745,367,BFS,c1,h1,6
"(16, 28)","(8, 19)","[(16, 28), (16, 27), (16, 26), (15, 26), (15, 25), (14, 25), (14, 24), (14, 23), (13, 23), (12, 23), (12, 22), (12, 21), (11, 21), (11, 20), (11, 19), (10, 19), (9, 19), (8, 19)]",210,714,351,BFS,c2,h1,6
"(16, 28)","(8, 19)","[(16, 28), (16, 27), (16, 26), (16, 25), (16, 24), (15, 24), (15, 23), (14, 23), (13, 23), (13, 22), (12, 22), (12, 21), (11, 21), (11, 20), (10, 20), (9, 20), (9, 19), (8, 19)]",188,737,363,BFS,c3,h1,6
"(16, 28)","(8, 19)","[(16, 28), (16, 27), (16, 26), (16, 25), (16, 24), (16, 23), (15, 23), (15, 22), (15, 21), (15, 20), (15, 19), (14, 19), (13, 19), (12, 19), (11, 19), (10, 19), (9, 19), (8, 19)]",162,747,368,BFS,c4,h1,6
"(16, 28)","(8, 19)","[(16, 28), (15, 28), (14, 28), (14, 27), (14, 26), (13, 26), (12, 26), (11, 26), (11, 25), (10, 25), (9, 25), (9, 24), (8, 24), (8, 23), (8, 22), (8, 21), (8, 20), (8, 19)]",170,712,349,BFS,c1,h1,7
"(16, 28)","(8, 19)","[(16, 28), (15, 28), (14, 28), (14, 27), (13, 27), (12, 27), (11, 27), (10, 27), (10, 26), (9, 26), (9, 25), (8, 25), (8, 24), (8, 23), (8, 22), (8, 21), (8, 20), (8, 19)]",210,745,367,BFS,c2,h1,7
"(16, 28)","(8, 19)","[(16, 28), (15, 28), (14, 28), (13, 28), (12, 28), (12, 27), (12, 26), (11, 26), (11, 25), (11, 24), (10, 24), (9, 24), (9, 23), (8, 23), (8, 22), (8, 21), (8, 20), (8, 19)]",189,710,348,BFS,c3,h1,7
"(16, 28)","(8, 19)","[(16, 28), (16, 27), (16, 26), (15, 26), (15, 25), (14, 25), (13, 25), (13, 24), (13, 23), (13, 22), (12, 22), (12, 21), (11, 21), (11, 20), (10, 20), (10, 19), (9, 19), (8, 19)]",165,737,362,BFS,c4,h1,7
"(16, 28)","(8, 19)","[(16, 28), (15, 28), (14, 28), (13, 28), (13, 27), (13, 26), (13, 25), (12, 25), (11, 25), (11, 24), (11, 23), (11, 22), (10, 22), (9, 22), (8, 22), (8, 21), (8, 20), (8, 19)]",170,739,364,BFS,c1,h1,8
"(16, 28)","(8, 19)","[(16, 28), (16, 27), (16, 26), (16, 25), (15, 25), (15, 24), (14, 24), (14, 23), (13, 23), (12, 23), (11, 23), (11, 22), (10, 22), (10, 21), (10, 20), (9, 20), (9, 19), (8, 19)]",210,737,363,BFS,c2,h1,8
"(16, 28)","(8, 19)","[(16, 28), (16, 27), (15, 27), (14, 27), (14, 26), (13, 26), (12, 26), (11, 26), (10, 26), (9, 26), (9, 25), (9, 24), (9, 23), (9, 22), (9, 21), (8, 21), (8, 20), (8, 19)]",189,706,346,BFS,c3,h1,8
"(16, 28)","(8, 19)","[(16, 28), (15, 28), (14, 28), (13, 28), (13, 27), (12, 27), (11, 27), (10, 27), (9, 27), (9, 26), (8, 26), (8, 25), (8, 24), (8, 23), (8, 22), (8, 21), (8, 20), (8, 19)]",168,747,367,BFS,c4,h1,8
"(16, 28)","(8, 19)","[(16, 28), (15, 28), (14, 28), (13, 28), (13, 27), (13, 26), (12, 26), (11, 26), (10, 26), (10, 25), (10, 24), (10, 23), (10, 22), (9, 22), (9, 21), (8, 21), (8, 20), (8, 19)]",170,712,350,BFS,c1,h1,9
"(16, 28)","(8, 19)","[(16, 28), (16, 27), (15, 27), (14, 27), (13, 27), (12, 27), (12, 26), (11, 26), (10, 26), (10, 25), (10, 24), (9, 24), (9, 23), (8, 23), (8, 22), (8, 21), (8, 20), (8, 19)]",210,733,360,BFS,c2,h1,9
"(16, 28)","(8, 19)","[(16, 28), (16, 27), (16, 26), (15, 26), (14, 26), (13, 26), (13, 25), (13, 24), (12, 24), (12, 23), (12, 22), (12, 21), (11, 21), (11, 20), (10, 20), (9, 20), (8, 20), (8, 19)]",189,710,349,BFS,c3,h1,9
"(16, 28)","(8, 19)","[(16, 28), (15, 28), (15, 27), (15, 26), (15, 25), (15, 24), (15, 23), (14, 23), (14, 22), (14, 21), (13, 21), (12, 21), (11, 21), (10, 21), (10, 20), (9, 20), (8, 20), (8, 19)]",159,737,363,BFS,c4,h1,9
"(16, 28)","(8, 19)","[(16, 28), (15, 28), (15, 27), (14, 27), (13, 27), (12, 27), (12, 26), (12, 25), (12, 24), (12, 23), (12, 22), (12, 21), (12, 20), (12, 19), (11, 19), (10, 19), (9, 19), (8, 19)]",170,714,350,BFS,c1,h1,10
"(16, 28)","(8, 19)","[(16, 28), (16, 27), (16, 26), (15, 26), (15, 25), (14, 25), (13, 25), (12, 25), (11, 25), (11, 24), (10, 24), (10, 23), (9, 23), (8, 23), (8, 22), (8, 21), (8, 20), (8, 19)]",210,741,364,BFS,c2,h1,10
"(16, 28)","(8, 19)","[(16, 28), (15, 28), (15, 27), (14, 27), (13, 27), (13, 26), (13, 25), (12, 25), (12, 24), (11, 24), (11, 23), (11, 22), (10, 22), (10, 21), (9, 21), (9, 20), (8, 20), (8, 19)]",192,737,363,BFS,c3,h1,10
"(16, 28)","(8, 19)","[(16, 28), (16, 27), (16, 26), (16, 25), (16, 24), (16, 23), (16, 22), (15, 22), (14, 22), (13, 22), (13, 21), (12, 21), (11, 21), (10, 21), (10, 20), (9, 20), (9, 19), (8, 19)]",154,708,348,BFS,c4,h1,10
"(16, 28)","(8, 19)","[(16, 28), (16, 27), (15, 27), (14, 27), (13, 27), (13, 26), (13, 25), (13, 24), (12, 24), (12, 23), (12, 22), (11, 22), (11, 21), (10, 21), (10, 20), (10, 19), (9, 19), (8, 19)]",170,737,362,BFS,c1,h1,11
"(16, 28)","(8, 19)","[(16, 28), (15, 28), (15, 27), (14, 27), (14, 26), (14, 25), (14, 24), (14, 23), (14, 22), (14, 21), (13, 21), (12, 21), (12, 20), (11, 20), (10, 20), (9, 20), (9, 19), (8, 19)]",210,708,347,BFS,c2,h1,11
"(16, 28)","(8, 19)","[(16, 28), (15, 28), (15, 27), (14, 27), (13, 27), (13, 26), (12, 26), (11, 26), (10, 26), (10, 25), (9, 25), (9, 24), (9, 23), (9, 22), (9, 21), (8, 21), (8, 20), (8, 19)]",192,708,348,BFS,c3,h1,11
"(16, 28)","(8, 19)","[(16, 28), (15, 28), (14, 28), (13, 28), (12, 28), (11, 28), (10, 28), (9, 28), (9, 27), (8, 27), (8, 26), (8, 25), (8, 24), (8, 23), (8, 22), (8, 21), (8, 20), (8, 19)]",173,750,370,BFS,c4,h1,11
"(16, 28)","(8, 19)","[(16, 28), (15, 28), (14, 28), (14, 27), (14, 26), (13, 26), (13, 25), (12, 25), (11, 25), (11, 24), (11, 23), (11, 22), (10, 22), (9, 22), (8, 22), (8, 21), (8, 20), (8, 19)]",170,710,349,BFS,c1,h1,12
"(16, 28)","(8, 19)","[(16, 28), (16, 27), (15, 27), (15, 26), (15, 25), (15, 24), (14, 24), (14, 23), (14, 22), (13, 22), (13, 21), (12, 21), (12, 20), (11, 20), (10, 20), (9, 20), (8, 20), (8, 19)]",210,735,361,BFS,c2,h1,12
"(16, 28)","(8, 19)","[(16, 28), (15, 28), (14, 28), (14, 27), (13, 27), (13, 26), (13, 25), (12, 25), (11, 25), (10, 25), (10, 24), (10, 23), (9, 23), (8, 23), (8, 22), (8, 21), (8, 20), (8, 19)]",190,735,362,BFS,c3,h1,12
"(16, 28)","(8, 19)","[(16, 28), (15, 28), (15, 27), (14, 27), (13, 27), (13, 26), (12, 26), (11, 26), (10, 26), (9, 26), (8, 26), (8, 25), (8, 24), (8, 23), (8, 22), (8, 21), (8, 20), (8, 19)]",162,722,355,BFS,c4,h1,12
"(16, 28)","(8, 19)","[(16, 28), (16, 27), (15, 27), (15, 26), (15, 25), (15, 24), (15, 23), (14, 23), (13, 23), (13, 22), (13, 21), (13, 20), (13, 19), (12, 19), (11, 19), (10, 19), (9, 19), (8, 19)]",170,743,366,BFS,c1,h1,13
"(16, 28)","(8, 19)","[(16, 28), (15, 28), (14, 28), (13, 28), (13, 27), (12, 27), (12, 26), (11, 26), (11, 25), (10, 25), (10, 24), (10, 23), (10, 22), (10, 21), (9, 21), (8, 21), (8, 20), (8, 19)]",210,712,350,BFS,c2,h1,13
"(16, 28)","(8, 19)","[(16, 28), (15, 28), (14, 28), (13, 28), (13, 27), (13, 26), (13, 25), (13, 24), (12, 24), (11, 24), (11, 23), (10, 23), (10, 22), (10, 21), (10, 20), (10, 19), (9, 19), (8, 19)]",191,710,348,BFS,c3,h1,13
"(16, 28)","(8, 19)","[(16, 28), (15, 28), (15, 27), (14, 27), (14, 26), (14, 25), (13, 25), (13, 24), (13, 23), (13, 22), (13, 21), (12, 21), (11, 21), (11, 20), (10, 20), (10, 19), (9, 19), (8, 19)]",170,735,362,BFS,c4,h1,13
"(16, 28)","(8, 19)","[(16, 28), (16, 27), (15, 27), (15, 26), (14, 26), (14, 25), (14, 24), (13, 24), (12, 24), (12, 23), (12, 22), (12, 21), (12, 20), (11, 20), (11, 19), (10, 19), (9, 19), (8, 19)]",170,737,362,BFS,c1,h1,14
"(16, 28)","(8, 19)","[(16, 28), (16, 27), (15, 27), (15, 26), (15, 25), (14, 25), (13, 25), (13, 24), (13, 23), (13, 22), (12, 22), (11, 22), (11, 21), (11, 20), (11, 19), (10, 19), (9, 19), (8, 19)]",210,710,348,BFS,c2,h1,14
"(16, 28)","(8, 19)","[(16, 28), (16, 27), (16, 26), (16, 25), (15, 25), (15, 24), (15, 23), (14, 23), (13, 23), (13, 22), (13, 21), (12, 21), (12, 20), (11, 20), (11, 19), (10, 19), (9, 19), (8, 19)]",187,739,363,BFS,c3,h1,14
"(16, 28)","(8, 19)","[(16, 28), (16, 27), (16, 26), (15, 26), (15, 25), (15, 24), (14, 24), (13, 24), (13, 23), (13, 22), (13, 21), (13, 20), (12, 20), (12, 19), (11, 19), (10, 19), (9, 19), (8, 19)]",168,737,362,BFS,c4,h1,14
"(16, 28)","(8, 19)","[(16, 28), (15, 28), (14, 28), (14, 27), (13, 27), (13, 26), (13, 25), (13, 24), (13, 23), (12, 23), (11, 23), (10, 23), (9, 23), (8, 23), (8, 22), (8, 21), (8, 20), (8, 19)]",170,714,351,BFS,c1,h1,15
"(16, 28)","(8, 19)","[(16, 28), (16, 27), (15, 27), (15, 26), (15, 25), (15, 24), (15, 23), (14, 23), (14, 22), (14, 21), (13, 21), (12, 21), (12, 20), (11, 20), (11, 19), (10, 19), (9, 19), (8, 19)]",210,735,361,BFS,c2,h1,15
"(16, 28)","(8, 19)","[(16, 28), (15, 28), (14, 28), (14, 27), (14, 26), (13, 26), (12, 26), (12, 25), (11, 25), (10, 25), (9, 25), (9, 24), (9, 23), (8, 23), (8, 22), (8, 21), (8, 20), (8, 19)]",192,712,350,BFS,c3,h1,15
"(16, 28)","(8, 19)","[(16, 28), (15, 28), (14, 28), (14, 27), (13, 27), (13, 26), (13, 25), (13, 24), (12, 24), (12, 23), (11, 23), (11, 22), (11, 21), (10, 21), (9, 21), (8, 21), (8, 20), (8, 19)]",167,712,350,BFS,c4,h1,15
"(16, 28)","(8, 19)","[(16, 28), (15, 28), (14, 28), (14, 27), (13, 27), (12, 27), (12, 26), (12, 25), (12, 24), (11, 24), (10, 24), (9, 24), (8, 24), (8, 23), (8, 22), (8, 21), (8, 20), (8, 19)]",170,716,352,BFS,c1,h1,16
"(16, 28)","(8, 19)","[(16, 28), (16, 27), (15, 27), (15, 26), (15, 25), (15, 24), (14, 24), (13, 24), (12, 24), (12, 23), (11, 23), (11, 22), (10, 22), (10, 21), (10, 20), (9, 20), (8, 20), (8, 19)]",210,737,363,BFS,c2,h1,16
"(16, 28)","(8, 19)","[(16, 28), (16, 27), (16, 26), (15, 26), (15, 25), (15, 24), (14, 24), (13, 24), (13, 23), (13, 22), (12, 22), (12, 21), (11, 21), (10, 21), (9, 21), (9, 20), (9, 19), (8, 19)]",186,735,362,BFS,c3,h1,16
"(16, 28)","(8, 19)","[(16, 28), (16, 27), (15, 27), (15, 26), (15, 25), (15, 24), (14, 24), (13, 24), (13, 23), (13, 22), (12, 22), (11, 22), (10, 22), (10, 21), (9, 21), (8, 21), (8, 20), (8, 19)]",157,708,348,BFS,c4,h1,16
"(16, 28)","(8, 19)","[(16, 28), (15, 28), (14, 28), (13, 28), (13, 27), (12, 27), (12, 26), (12, 25), (12, 24), (11, 24), (11, 23), (10, 23), (9, 23), (9, 22), (8, 22), (8, 21), (8, 20), (8, 19)]",170,712,350,BFS,c1,h1,17
"(16, 28)","(8, 19)","[(16, 28), (16, 27), (16, 26), (15, 26), (14, 26), (13, 26), (13, 25), (13, 24), (13, 23), (12, 23), (12, 22), (12, 21), (11, 21), (11, 20), (10, 20), (9, 20), (9, 19), (8, 19)]",210,735,361,BFS,c2,h1,17
"(16, 28)","(8, 19)","[(16, 28), (16, 27), (16, 26), (16, 25), (16, 24), (16, 23), (16, 22), (15, 22), (14, 22), (14, 21), (14, 20), (13, 20), (13, 19), (12, 19), (11, 19), (10, 19), (9, 19), (8, 19)]",189,732,359,BFS,c3,h1,17
"(16, 28)","(8, 19)","[(16, 28), (16, 27), (15, 27), (15, 26), (15, 25), (15, 24), (14, 24), (13, 24), (13, 23), (13, 22), (12, 22), (12, 21), (11, 21), (10, 21), (9, 21), (8, 21), (8, 20), (8, 19)]",159,708,347,BFS,c4,h1,17
"(16, 28)","(8, 19)","[(16, 28), (16, 27), (16, 26), (16, 25), (15, 25), (14, 25), (13, 25), (13, 24), (12, 24), (12, 23), (11, 23), (10, 23), (9, 23), (8, 23), (8, 22), (8, 21), (8, 20), (8, 19)]",170,741,364,BFS,c1,h1,18
"(16, 28)","(8, 19)","[(16, 28), (16, 27), (16, 26), (16, 25), (15, 25), (15, 24), (14, 24), (14, 23), (13, 23), (12, 23), (11, 23), (10, 23), (9, 23), (8, 23), (8, 22), (8, 21), (8, 20), (8, 19)]",210,739,363,BFS,c2,h1,18
"(16, 28)","(8, 19)","[(16, 28), (15, 28), (15, 27), (15, 26), (15, 25), (15, 24), (14, 24), (14, 23), (13, 23), (12, 23), (12, 22), (11, 22), (10, 22), (9, 22), (8, 22), (8, 21), (8, 20), (8, 19)]",188,739,363,BFS,c3,h1,18
"(16, 28)","(8, 19)","[(16, 28), (16, 27), (15, 27), (14, 27), (13, 27), (13, 26), (12, 26), (12, 25), (11, 25), (11, 24), (10, 24), (10, 23), (9, 23), (9, 22), (9, 21), (8, 21), (8, 20), (8, 19)]",164,735,361,BFS,c4,h1,18
"(16, 28)","(8, 19)","[(16, 28), (16, 27), (16, 26), (15, 26), (15, 25), (15, 24), (15, 23), (15, 22), (15, 21), (15, 20), (15, 19), (14, 19), (13, 19), (12, 19), (11, 19), (10, 19), (9, 19), (8, 19)]",170,716,351,BFS,c1,h1,19
"(16, 28)","(8, 19)","[(16, 28), (16, 27), (16, 26), (15, 26), (14, 26), (13, 26), (12, 26), (11, 26), (11, 25), (10, 25), (9, 25), (8, 25), (8, 24), (8, 23), (8, 22), (8, 21), (8, 20), (8, 19)]",210,745,366,BFS,c2,h1,19
"(16, 28)","(8, 19)","[(16, 28), (16, 27), (15, 27), (14, 27), (14, 26), (13, 26), (12, 26), (11, 26), (10, 26), (10, 25), (9, 25), (8, 25), (8, 24), (8, 23), (8, 22), (8, 21), (8, 20), (8, 19)]",186,718,352,BFS,c3,h1,19
"(16, 28)","(8, 19)","[(16, 28), (16, 27), (16, 26), (15, 26), (15, 25), (15, 24), (14, 24), (14, 23), (14, 22), (14, 21), (14, 20), (14, 19), (13, 19), (12, 19), (11, 19), (10, 19), (9, 19), (8, 19)]",168,745,367,BFS,c4,h1,19
"(16, 28)","(8, 19)","[(16, 28), (15, 28), (15, 27), (14, 27), (14, 26), (13, 26), (13, 25), (13, 24), (12, 24), (11, 24), (11, 23), (11, 22), (11, 21), (11, 20), (11, 19), (10, 19), (9, 19), (8, 19)]",170,737,362,BFS,c1,h1,20
"(16, 28)","(8, 19)","[(16, 28), (15, 28), (14, 28), (14, 27), (13, 27), (12, 27), (11, 27), (11, 26), (10, 26), (10, 25), (10, 24), (9, 24), (8, 24), (8, 23), (8, 22), (8, 21), (8, 20), (8, 19)]",210,718,353,BFS,c2,h1,20
"(16, 28)","(8, 19)","[(16, 28), (16, 27), (15, 27), (14, 27), (14, 26), (13, 26), (12, 26), (11, 26), (11, 25), (11, 24), (10, 24), (9, 24), (9, 23), (8, 23), (8, 22), (8, 21), (8, 20), (8, 19)]",185,712,349,BFS,c3,h1,20
"(16, 28)","(8, 19)","[(16, 28), (15, 28), (15, 27), (14, 27), (14, 26), (14, 25), (14, 24), (13, 24), (13, 23), (13, 22), (12, 22), (12, 21), (11, 21), (11, 20), (11, 19), (10, 19), (9, 19), (8, 19)]",169,739,364,BFS,c4,h1,20
"(21, 25)","(22, 24)","[(21, 25), (22, 25), (22, 24)]",20,22,8,BFS,c1,h1,1
"(21, 25)","(22, 24)","[(21, 25), (21, 24), (22, 24)]",25,32,12,BFS,c2,h1,1
"(21, 25)","(22, 24)","[(21, 25), (22, 25), (22, 24)]",24,22,8,BFS,c3,h1,1
"(21, 25)","(22, 24)","[(21, 25), (21, 24), (22, 24)]",23,29,11,BFS,c4,h1,1
"(21, 25)","(22, 24)","[(21, 25), (21, 24), (22, 24)]",20,27,10,BFS,c1,h1,2
"(21, 25)","(22, 24)","[(21, 25), (21, 24), (22, 24)]",25,20,7,BFS,c2,h1,2
"(21, 25)","(22, 24)","[(21, 25), (21, 24), (22, 24)]",23,32,12,BFS,c3,h1,2
"(21, 25)","(22, 24)","[(21, 25), (21, 24), (22, 24)]",23,27,10,BFS,c4,h1,2
"(21, 25)","(22, 24)","[(21, 25), (21, 24), (22, 24)]",20,17,6,BFS,c1,h1,3
"(21, 25)","(22, 24)","[(21, 25), (21, 24), (22, 24)]",25,24,9,BFS,c2,h1,3
"(21, 25)","(22, 24)","[(21, 25), (22, 25), (22, 24)]",24,17,6,BFS,c3,h1,3
"(21, 25)","(22, 24)","[(21, 25), (22, 25), (22, 24)]",24,26,10,BFS,c4,h1,3
"(21, 25)","(22, 24)","[(21, 25), (22, 25), (22, 24)]",20,17,6,BFS,c1,h1,4
"(21, 25)","(22, 24)","[(21, 25), (21, 24), (22, 24)]",25,27,10,BFS,c2,h1,4
"(21, 25)","(22, 24)","[(21, 25), (21, 24), (22, 24)]",23,22,8,BFS,c3,h1,4
"(21, 25)","(22, 24)","[(21, 25), (21, 24), (22, 24)]",23,32,12,BFS,c4,h1,4
"(21, 25)","(22, 24)","[(21, 25), (21, 24), (22, 24)]",20,29,11,BFS,c1,h1,5
"(21, 25)","(22, 24)","[(21, 25), (21, 24), (22, 24)]",25,17,6,BFS,c2,h1,5
"(21, 25)","(22, 24)","[(21, 25), (21, 24), (22, 24)]",23,17,6,BFS,c3,h1,5
"(21, 25)","(22, 24)","[(21, 25), (21, 24), (22, 24)]",23,32,12,BFS,c4,h1,5
"(21, 25)","(22, 24)","[(21, 25), (22, 25), (22, 24)]",20,17,6,BFS,c1,h1,6
"(21, 25)","(22, 24)","[(21, 25), (21, 24), (22, 24)]",25,22,8,BFS,c2,h1,6
"(21, 25)","(22, 24)","[(21, 25), (22, 25), (22, 24)]",24,20,7,BFS,c3,h1,6
"(21, 25)","(22, 24)","[(21, 25), (21, 24), (22, 24)]",23,17,6,BFS,c4,h1,6
"(21, 25)","(22, 24)","[(21, 25), (22, 25), (22, 24)]",20,24,9,BFS,c1,h1,7
"(21, 25)","(22, 24)","[(21, 25), (21, 24), (22, 24)]",25,27,10,BFS,c2,h1,7
"(21, 25)","(22, 24)","[(21, 25), (21, 24), (22, 24)]",23,22,8,BFS,c3,h1,7
"(21, 25)","(22, 24)","[(21, 25), (21, 24), (22, 24)]",23,29,11,BFS,c4,h1,7
"(21, 25)","(22, 24)","[(21, 25), (21, 24), (22, 24)]",20,22,8,BFS,c1,h1,8
"(21, 25)","(22, 24)","[(21, 25), (22, 25), (22, 24)]",25,22,8,BFS,c2,h1,8
"(21, 25)","(22, 24)","[(21, 25), (21, 24), (22, 24)]",23,22,8,BFS,c3,h1,8
"(21, 25)","(22, 24)","[(21, 25), (21, 24), (22, 24)]",23,26,10,BFS,c4,h1,8
"(21, 25)","(22, 24)","[(21, 25), (21, 24), (22, 24)]",20,24,9,BFS,c1,h1,9
"(21, 25)","(22, 24)","[(21, 25), (21, 24), (22, 24)]",25,24,9,BFS,c2,h1,9
"(21, 25)","(22, 24)","[(21, 25), (22, 25), (22, 24)]",24,27,10,BFS,c3,h1,9
"(21, 25)","(22, 24)","[(21, 25), (22, 25), (22, 24)]",24,24,9,BFS,c4,h1,9
"(21, 25)","(22, 24)","[(21, 25), (21, 24), (22, 24)]",20,24,9,BFS,c1,h1,10
"(21, 25)","(22, 24)","[(21, 25), (21, 24), (22, 24)]",25,19,7,BFS,c2,h1,10
"(21, 25)","(22, 24)","[(21, 25), (21, 24), (22, 24)]",23,22,8,BFS,c3,h1,10
"(21, 25)","(22, 24)","[(21, 25), (22, 25), (22, 24)]",24,20,7,BFS,c4,h1,10
"(21, 25)","(22, 24)","[(21, 25), (22, 25), (22, 24)]",20,20,7,BFS,c1,h1,11
"(21, 25)","(22, 24)","[(21, 25), (22, 25), (22, 24)]",25,27,10,BFS,c2,h1,11
"(21, 25)","(22, 24)","[(21, 25), (22, 25), (22, 24)]",24,22,8,BFS,c3,h1,11
"(21, 25)","(22, 24)","[(21, 25), (21, 24), (22, 24)]",23,29,11,BFS,c4,h1,11
"(21, 25)","(22, 24)","[(21, 25), (22, 25), (22, 24)]",20,27,10,BFS,c1,h1,12
"(21, 25)","(22, 24)","[(21, 25), (21, 24), (22, 24)]",25,32,12,BFS,c2,h1,12
"(21, 25)","(22, 24)","[(21, 25), (21, 24), (22, 24)]",23,19,7,BFS,c3,h1,12
"(21, 25)","(22, 24)","[(21, 25), (22, 25), (22, 24)]",24,22,8,BFS,c4,h1,12
"(21, 25)","(22, 24)","[(21, 25), (21, 24), (22, 24)]",20,22,8,BFS,c1,h1,13
"(21, 25)","(22, 24)","[(21, 25), (21, 24), (22, 24)]",25,32,12,BFS,c2,h1,13
"(21, 25)","(22, 24)","[(21, 25), (22, 25), (22, 24)]",24,17,6,BFS,c3,h1,13
"(21, 25)","(22, 24)","[(21, 25), (21, 24), (22, 24)]",23,29,11,BFS,c4,h1,13
"(21, 25)","(22, 24)","[(21, 25), (22, 25), (22, 24)]",20,19,7,BFS,c1,h1,14
"(21, 25)","(22, 24)","[(21, 25), (22, 25), (22, 24)]",25,24,9,BFS,c2,h1,14
"(21, 25)","(22, 24)","[(21, 25), (22, 25), (22, 24)]",24,17,6,BFS,c3,h1,14
"(21, 25)","(22, 24)","[(21, 25), (21, 24), (22, 24)]",23,20,7,BFS,c4,h1,14
"(21, 25)","(22, 24)","[(21, 25), (22, 25), (22, 24)]",20,27,10,BFS,c1,h1,15
"(21, 25)","(22, 24)","[(21, 25), (21, 24), (22, 24)]",25,24,9,BFS,c2,h1,15
"(21, 25)","(22, 24)","[(21, 25), (22, 25), (22, 24)]",24,24,9,BFS,c3,h1,15
"(21, 25)","(22, 24)","[(21, 25), (22, 25), (22, 24)]",24,29,11,BFS,c4,h1,15
"(21, 25)","(22, 24)","[(21, 25), (21, 24), (22, 24)]",20,17,6,BFS,c1,h1,16
"(21, 25)","(22, 24)","[(21, 25), (21, 24), (22, 24)]",25,29,11,BFS,c2,h1,16
"(21, 25)","(22, 24)","[(21, 25), (21, 24), (22, 24)]",23,22,8,BFS,c3,h1,16
"(21, 25)","(22, 24)","[(21, 25), (22, 25), (22, 24)]",24,22,8,BFS,c4,h1,16
"(21, 25)","(22, 24)","[(21, 25), (21, 24), (22, 24)]",20,19,7,BFS,c1,h1,17
"(21, 25)","(22, 24)","[(21, 25), (21, 24), (22, 24)]",25,19,7,BFS,c2,h1,17
"(21, 25)","(22, 24)","[(21, 25), (21, 24), (22, 24)]",23,27,10,BFS,c3,h1,17
"(21, 25)","(22, 24)","[(21, 25), (22, 25), (22, 24)]",24,32,12,BFS,c4,h1,17
"(21, 25)","(22, 24)","[(21, 25), (21, 24), (22, 24)]",20,29,11,BFS,c1,h1,18
"(21, 25)","(22, 24)","[(21, 25), (22, 25), (22, 24)]",25,27,10,BFS,c2,h1,18
"(21, 25)","(22, 24)","[(21, 25), (21, 24), (22, 24)]",23,24,9,BFS,c3,h1,18
"(21, 25)","(22, 24)","[(21, 25), (22, 25), (22, 24)]",24,32,12,BFS,c4,h1,18
"(21, 25)","(22, 24)","[(21, 25), (21, 24), (22, 24)]",20,32,12,BFS,c1,h1,19
"(21, 25)","(22, 24)","[(21, 25), (22, 25), (22, 24)]",25,32,12,BFS,c2,h1,19
"(21, 25)","(22, 24)","[(21, 25), (22, 25), (22, 24)]",24,29,11,BFS,c3,h1,19
"(21, 25)","(22, 24)","[(21, 25), (21, 24), (22, 24)]",23,19,7,BFS,c4,h1,19
"(21, 25)","(22, 24)","[(21, 25), (21, 24), (22, 24)]",20,17,6,BFS,c1,h1,20
"(21, 25)","(22, 24)","[(21, 25), (21, 24), (22, 24)]",25,22,8,BFS,c2,h1,20
"(21, 25)","(22, 24)","[(21, 25), (21, 24), (22, 24)]",23,22,8,BFS,c3,h1,20
"(21, 25)","(22, 24)","[(21, 25), (22, 25), (22, 24)]",24,29,11,BFS,c4,h1,20
"(13, 14)","(22, 30)","[(13, 14), (13, 15), (13, 16), (13, 17), (14, 17), (14, 18), (15, 18), (16, 18), (17, 18), (18, 18), (18, 19), (19, 19), (20, 19), (21, 19), (21, 20), (22, 20), (22, 21), (22, 22), (22, 23), (22, 24), (22, 25), (22, 26), (22, 27), (22, 28), (22, 29), (22, 30)]",250,1760,891,BFS,c1,h1,1
"(13, 14)","(22, 30)","[(13, 14), (13, 15), (14, 15), (15, 15), (16, 15), (16, 16), (16, 17), (17, 17), (17, 18), (18, 18), (19, 18), (20, 18), (21, 18), (21, 19), (21, 20), (22, 20), (22, 21), (22, 22), (22, 23), (22, 24), (22, 25), (22, 26), (22, 27), (22, 28), (22, 29), (22, 30)]",295,1751,885,BFS,c2,h1,1
"(13, 14)","(22, 30)","[(13, 14), (14, 14), (15, 14), (16, 14), (16, 15), (16, 16), (16, 17), (16, 18), (17, 18), (17, 19), (17, 20), (17, 21), (17, 22), (17, 23), (17, 24), (18, 24), (18, 25), (18, 26), (19, 26), (20, 26), (20, 27), (20, 28), (21, 28), (21, 29), (22, 29), (22, 30)]",275,1733,875,BFS,c3,h1,1
"(13, 14)","(22, 30)","[(13, 14), (14, 14), (14, 15), (14, 16), (14, 17), (14, 18), (15, 18), (15, 19), (16, 19), (16, 20), (17, 20), (18, 20), (18, 21), (19, 21), (20, 21), (21, 21), (22, 21), (22, 22), (22, 23), (22, 24), (22, 25), (22, 26), (22, 27), (22, 28), (22, 29), (22, 30)]",239,1748,884,BFS,c4,h1,1
"(13, 14)","(22, 30)","[(13, 14), (13, 15), (14, 15), (15, 15), (15, 16), (16, 16), (16, 17), (16, 18), (17, 18), (18, 18), (19, 18), (20, 18), (21, 18), (22, 18), (22, 19), (22, 20), (22, 21), (22, 22), (22, 23), (22, 24), (22, 25), (22, 26), (22, 27), (22, 28), (22, 29), (22, 30)]",250,1752,886,BFS,c1,h1,2
"(13, 14)","(22, 30)","[(13, 14), (14, 14), (15, 14), (15, 15), (15, 16), (15, 17), (16, 17), (17, 17), (18, 17), (18, 18), (19, 18), (20, 18), (20, 19), (21, 19), (21, 20), (21, 21), (22, 21), (22, 22), (22, 23), (22, 24), (22, 25), (22, 26), (22, 27), (22, 28), (22, 29), (22, 30)]",295,1760,891,BFS,c2,h1,2
"(13, 14)","(22, 30)","[(13, 14), (14, 14), (14, 15), (15, 15), (15, 16), (15, 17), (16, 17), (17, 17), (18, 17), (19, 17), (19, 18), (20, 18), (20, 19), (21, 19), (21, 20), (22, 20), (22, 21), (22, 22), (22, 23), (22, 24), (22, 25), (22, 26), (22, 27), (22, 28), (22, 29), (22, 30)]",272,1748,884,BFS,c3,h1,2
"(13, 14)","(22, 30)","[(13, 14), (13, 15), (13, 16), (14, 16), (14, 17), (14, 18), (15, 18), (15, 19), (16, 19), (17, 19), (18, 19), (18, 20), (19, 20), (19, 21), (20, 21), (21, 21), (21, 22), (21, 23), (22, 23), (22, 24), (22, 25), (22, 26), (22, 27), (22, 28), (22, 29), (22, 30)]",238,1747,883,BFS,c4,h1,2
"(13, 14)","(22, 30)","[(13, 14), (14, 14), (14, 15), (15, 15), (16, 15), (16, 16), (17, 16), (17, 17), (17, 18), (18, 18), (19, 18), (20, 18), (20, 19), (20, 20), (20, 21), (21, 21), (21, 22), (21, 23), (22, 23), (22, 24), (22, 25), (22, 26), (22, 27), (22, 28), (22, 29), (22, 30)]",250,1751,885,BFS,c1,h1,3
"(13, 14)","(22, 30)","[(13, 14), (13, 15), (14, 15), (14, 16), (14, 17), (15, 17), (16, 17), (16, 18), (16, 19), (16, 20), (17, 20), (18, 20), (19, 20), (19, 21), (19, 22), (19, 23), (19, 24), (20, 24), (20, 25), (20, 26), (21, 26), (22, 26), (22, 27), (22, 28), (22, 29), (22, 30)]",295,1749,885,BFS,c2,h1,3
"(13, 14)","(22, 30)","[(13, 14), (13, 15), (13, 16), (14, 16), (15, 16), (16, 16), (16, 17), (16, 18), (17, 18), (18, 18), (18, 19), (19, 19), (19, 20), (20, 20), (21, 20), (21, 21), (22, 21), (22, 22), (22, 23), (22, 24), (22, 25), (22, 26), (22, 27), (22, 28), (22, 29), (22, 30)]",270,1760,891,BFS,c3,h1,3
"(13, 14)","(22, 30)","[(13, 14), (14, 14), (14, 15), (15, 15), (15, 16), (15, 17), (15, 18), (16, 18), (17, 18), (17, 19), (18, 19), (19, 19), (20, 19), (20, 20), (20, 21), (20, 22), (20, 23), (20, 24), (20, 25), (20, 26), (21, 26), (22, 26), (22, 27), (22, 28), (22, 29), (22, 30)]",239,1721,868,BFS,c4,h1,3
"(13, 14)","(22, 30)","[(13, 14), (13, 15), (14, 15), (14, 16), (14, 17), (14, 18), (15, 18), (15, 19), (16, 19), (16, 20), (16, 21), (17, 21), (17, 22), (18, 22), (19, 22), (20, 22), (20, 23), (21, 23), (21, 24), (22, 24), (22, 25), (22, 26), (22, 27), (22, 28), (22, 29), (22, 30)]",250,1757,889,BFS,c1,h1,4
"(13, 14)","(22, 30)","[(13, 14), (13, 15), (13, 16), (14, 16), (14, 17), (15, 17), (15, 18), (15, 19), (16, 19), (17, 19), (18, 19), (19, 19), (20, 19), (20, 20), (21, 20), (22, 20), (22, 21), (22, 22), (22, 23), (22, 24), (22, 25), (22, 26), (22, 27), (22, 28), (22, 29), (22, 30)]",295,1760,891,BFS,c2,h1,4
"(13, 14)","(22, 30)","[(13, 14), (14, 14), (14, 15), (15, 15), (16, 15), (17, 15), (17, 16), (18, 16), (19, 16), (19, 17), (19, 18), (20, 18), (20, 19), (21, 19), (22, 19), (22, 20), (22, 21), (22, 22), (22, 23), (22, 24), (22, 25), (22, 26), (22, 27), (22, 28), (22, 29), (22, 30)]",267,1748,883,BFS,c3,h1,4
"(13, 14)","(22, 30)","[(13, 14), (13, 15), (13, 16), (14, 16), (15, 16), (15, 17), (15, 18), (16, 18), (17, 18), (18, 18), (18, 19), (19, 19), (20, 19), (20, 20), (21, 20), (22, 20), (22, 21), (22, 22), (22, 23), (22, 24), (22, 25), (22, 26), (22, 27), (22, 28), (22, 29), (22, 30)]",236,1736,876,BFS,c4,h1,4
"(13, 14)","(22, 30)","[(13, 14), (13, 15), (13, 16), (13, 17), (14, 17), (15, 17), (15, 18), (16, 18), (16, 19), (16, 20), (16, 21), (16, 22), (16, 23), (17, 23), (18, 23), (19, 23), (19, 24), (19, 25), (19, 26), (19, 27), (19, 28), (19, 29), (20, 29), (20, 30), (21, 30), (22, 30)]",250,1745,883,BFS,c1,h1,5
"(13, 14)","(22, 30)","[(13, 14), (13, 15), (13, 16), (14, 16), (14, 17), (14, 18), (15, 18), (16, 18), (17, 18), (17, 19), (17, 20), (17, 21), (18, 21), (18, 22), (19, 22), (20, 22), (21, 22), (22, 22), (22, 23), (22, 24), (22, 25), (22, 26), (22, 27), (22, 28), (22, 29), (22, 30)]",295,1744,881,BFS,c2,h1,5
"(13, 14)","(22, 30)","[(13, 14), (13, 15), (13, 16), (13, 17), (13, 18), (13, 19), (14, 19), (15, 19), (16, 19), (17, 19), (17, 20), (17, 21), (17, 22), (17, 23), (17, 24), (17, 25), (18, 25), (19, 25), (19, 26), (19, 27), (19, 28), (19, 29), (19, 30), (20, 30), (21, 30), (22, 30)]",268,1721,868,BFS,c3,h1,5
"(13, 14)","(22, 30)","[(13, 14), (14, 14), (14, 15), (15, 15), (15, 16), (15, 17), (15, 18), (16, 18), (16, 19), (16, 20), (16, 21), (17, 21), (17, 22), (17, 23), (17, 24), (17, 25), (17, 26), (18, 26), (19, 26), (19, 27), (19, 28), (19, 29), (19, 30), (20, 30), (21, 30), (22, 30)]",249,1733,875,BFS,c4,h1,5
"(13, 14)","(22, 30)","[(13, 14), (13, 15), (13, 16), (14, 16), (15, 16), (15, 17), (15, 18), (16, 18), (17, 18), (18, 18), (19, 18), (20, 18), (20, 19), (20, 20), (21, 20), (22, 20), (22, 21), (22, 22), (22, 23), (22, 24), (22, 25), (22, 26), (22, 27), (22, 28), (22, 29), (22, 30)]",250,1760,891,BFS,c1,h1,6
"(13, 14)","(22, 30)","[(13, 14), (13, 15), (13, 16), (14, 16), (15, 16), (15, 17), (15, 18), (15, 19), (15, 20), (16, 20), (17, 20), (18, 20), (19, 20), (19, 21), (20, 21), (21, 21), (22, 21), (22, 22), (22, 23), (22, 24), (22, 25), (22, 26), (22, 27), (22, 28), (22, 29), (22, 30)]",295,1744,881,BFS,c2,h1,6
"(13, 14)","(22, 30)","[(13, 14), (14, 14), (15, 14), (15, 15), (15, 16), (16, 16), (16, 17), (17, 17), (17, 18), (18, 18), (18, 19), (18, 20), (18, 21), (19, 21), (19, 22), (20, 22), (21, 22), (22, 22), (22, 23), (22, 24), (22, 25), (22, 26), (22, 27), (22, 28), (22, 29), (22, 30)]",274,1736,876,BFS,c3,h1,6
"(13, 14)","(22, 30)","[(13, 14), (13, 15), (13, 16), (14, 16), (14, 17), (14, 18), (15, 18), (15, 19), (15, 20), (15, 21), (16, 21), (17, 21), (17, 22), (18, 22), (18, 23), (18, 24), (18, 25), (19, 25), (19, 26), (19, 27), (19, 28), (19, 29), (20, 29), (21, 29), (22, 29), (22, 30)]",233,1731,874,BFS,c4,h1,6
"(13, 14)","(22, 30)","[(13, 14), (14, 14), (14, 15), (15, 15), (15, 16), (16, 16), (16, 17), (17, 17), (18, 17), (18, 18), (19, 18), (19, 19), (19, 20), (19, 21), (19, 22), (19, 23), (20, 23), (21, 23), (21, 24), (22, 24), (22, 25), (22, 26), (22, 27), (22, 28), (22, 29), (22, 30)]",250,1755,888,BFS,c1,h1,7
"(13, 14)","(22, 30)","[(13, 14), (14, 14), (14, 15), (15, 15), (16, 15), (16, 16), (16, 17), (16, 18), (17, 18), (17, 19), (17, 20), (17, 21), (17, 22), (18, 22), (18, 23), (19, 23), (19, 24), (20, 24), (21, 24), (21, 25), (21, 26), (21, 27), (21, 28), (22, 28), (22, 29), (22, 30)]",295,1737,878,BFS,c2,h1,7
"(13, 14)","(22, 30)","[(13, 14), (14, 14), (14, 15), (14, 16), (14, 17), (14, 18), (15, 18), (16, 18), (17, 18), (18, 18), (18, 19), (18, 20), (19, 20), (20, 20), (21, 20), (21, 21), (22, 21), (22, 22), (22, 23), (22, 24), (22, 25), (22, 26), (22, 27), (22, 28), (22, 29), (22, 30)]",275,1748,883,BFS,c3,h1,7
"(13, 14)","(22, 30)","[(13, 14), (13, 15), (13, 16), (13, 17), (13, 18), (13, 19), (13, 20), (13, 21), (13, 22), (14, 22), (15, 22), (16, 22), (17, 22), (18, 22), (18, 23), (18, 24), (19, 24), (20, 24), (21, 24), (21, 25), (22, 25), (22, 26), (22, 27), (22, 28), (22, 29), (22, 30)]",243,1739,879,BFS,c4,h1,7
"(13, 14)","(22, 30)","[(13, 14), (13, 15), (14, 15), (14, 16), (15, 16), (16, 16), (17, 16), (18, 16), (19, 16), (20, 16), (21, 16), (22, 16), (22, 17), (22, 18), (22, 19), (22, 20), (22, 21), (22, 22), (22, 23), (22, 24), (22, 25), (22, 26), (22, 27), (22, 28), (22, 29), (22, 30)]",250,1760,891,BFS,c1,h1,8
"(13, 14)","(22, 30)","[(13, 14), (14, 14), (15, 14), (16, 14), (16, 15), (16, 16), (17, 16), (18, 16), (19, 16), (19, 17), (19, 18), (19, 19), (20, 19), (20, 20), (20, 21), (20, 22), (20, 23), (21, 23), (21, 24), (21, 25), (22, 25), (22, 26), (22, 27), (22, 28), (22, 29), (22, 30)]",295,1743,880,BFS,c2,h1,8
"(13, 14)","(22, 30)","[(13, 14), (13, 15), (13, 16), (13, 17), (14, 17), (14, 18), (14, 19), (14, 20), (14, 21), (14, 22), (14, 23), (15, 23), (15, 24), (15, 25), (15, 26), (15, 27), (16, 27), (16, 28), (16, 29), (16, 30), (17, 30), (18, 30), (19, 30), (20, 30), (21, 30), (22, 30)]",271,1745,883,BFS,c3,h1,8
"(13, 14)","(22, 30)","[(13, 14), (13, 15), (13, 16), (14, 16), (15, 16), (15, 17), (16, 17), (16, 18), (17, 18), (18, 18), (19, 18), (20, 18), (20, 19), (20, 20), (21, 20), (21, 21), (21, 22), (21, 23), (21, 24), (22, 24), (22, 25), (22, 26), (22, 27), (22, 28), (22, 29), (22, 30)]",239,1745,882,BFS,c4,h1,8
"(13, 14)","(22, 30)","[(13, 14), (14, 14), (14, 15), (15, 15), (15, 16), (15, 17), (16, 17), (16, 18), (17, 18), (17, 19), (18, 19), (18, 20), (19, 20), (19, 21), (20, 21), (20, 22), (20, 23), (21, 23), (21, 24), (22, 24), (22, 25), (22, 26), (22, 27), (22, 28), (22, 29), (22, 30)]",250,1729,872,BFS,c1,h1,9
"(13, 14)","(22, 30)","[(13, 14), (14, 14), (14, 15), (14, 16), (15, 16), (15, 17), (15, 18), (16, 18), (17, 18), (17, 19), (18, 19), (19, 19), (20, 19), (21, 19), (22, 19), (22, 20), (22, 21), (22, 22), (22, 23), (22, 24), (22, 25), (22, 26), (22, 27), (22, 28), (22, 29), (22, 30)]",295,1752,886,BFS,c2,h1,9
"(13, 14)","(22, 30)","[(13, 14), (13, 15), (14, 15), (14, 16), (15, 16), (16, 16), (16, 17), (16, 18), (16, 19), (17, 19), (18, 19), (19, 19), (20, 19), (21, 19), (22, 19), (22, 20), (22, 21), (22, 22), (22, 23), (22, 24), (22, 25), (22, 26), (22, 27), (22, 28), (22, 29), (22, 30)]",269,1744,881,BFS,c3,h1,9
"(13, 14)","(22, 30)","[(13, 14), (13, 15), (14, 15), (14, 16), (14, 17), (15, 17), (15, 18), (15, 19), (15, 20), (16, 20), (16, 21), (17, 21), (18, 21), (18, 22), (19, 22), (20, 22), (21, 22), (21, 23), (21, 24), (21, 25), (22, 25), (22, 26), (22, 27), (22, 28), (22, 29), (22, 30)]",247,1729,872,BFS,c4,h1,9
"(13, 14)","(22, 30)","[(13, 14), (14, 14), (14, 15), (14, 16), (15, 16), (15, 17), (15, 18), (16, 18), (16, 19), (16, 20), (17, 20), (18, 20), (19, 20), (19, 21), (19, 22), (19, 23), (20, 23), (21, 23), (21, 24), (22, 24), (22, 25), (22, 26), (22, 27), (22, 28), (22, 29), (22, 30)]",250,1745,882,BFS,c1,h1,10
"(13, 14)","(22, 30)","[(13, 14), (13, 15), (14, 15), (14, 16), (14, 17), (15, 17), (15, 18), (15, 19), (15, 20), (16, 20), (16, 21), (17, 21), (18, 21), (19, 21), (20, 21), (20, 22), (20, 23), (20, 24), (21, 24), (22, 24), (22, 25), (22, 26), (22, 27), (22, 28), (22, 29), (22, 30)]",295,1741,880,BFS,c2,h1,10
"(13, 14)","(22, 30)","[(13, 14), (13, 15), (13, 16), (13, 17), (14, 17), (15, 17), (15, 18), (16, 18), (17, 18), (18, 18), (19, 18), (20, 18), (21, 18), (22, 18), (22, 19), (22, 20), (22, 21), (22, 22), (22, 23), (22, 24), (22, 25), (22, 26), (22, 27), (22, 28), (22, 29), (22, 30)]",268,1744,881,BFS,c3,h1,10
"(13, 14)","(22, 30)","[(13, 14), (13, 15), (14, 15), (15, 15), (15, 16), (15, 17), (16, 17), (16, 18), (16, 19), (16, 20), (16, 21), (16, 22), (16, 23), (16, 24), (17, 24), (18, 24), (19, 24), (20, 24), (21, 24), (21, 25), (22, 25), (22, 26), (22, 27), (22, 28), (22, 29), (22, 30)]",264,1727,871,BFS,c4,h1,10
"(13, 14)","(22, 30)","[(13, 14), (13, 15), (13, 16), (13, 17), (13, 18), (13, 19), (14, 19), (14, 20), (15, 20), (16, 20), (16, 21), (16, 22), (17, 22), (18, 22), (19, 22), (20, 22), (20, 23), (21, 23), (21, 24), (22, 24), (22, 25), (22, 26), (22, 27), (22, 28), (22, 29), (22, 30)]",250,1745,882,BFS,c1,h1,11
"(13, 14)","(22, 30)","[(13, 14), (14, 14), (14, 15), (15, 15), (16, 15), (16, 16), (16, 17), (17, 17), (18, 17), (18, 18), (18, 19), (18, 20), (19, 20), (20, 20), (21, 20), (21, 21), (21, 22), (22, 22), (22, 23), (22, 24), (22, 25), (22, 26), (22, 27), (22, 28), (22, 29), (22, 30)]",295,1736,876,BFS,c2,h1,11
"(13, 14)","(22, 30)","[(13, 14), (14, 14), (15, 14), (16, 14), (16, 15), (16, 16), (16, 17), (16, 18), (16, 19), (17, 19), (17, 20), (17, 21), (17, 22), (18, 22), (18, 23), (18, 24), (19, 24), (20, 24), (20, 25), (21, 25), (21, 26), (22, 26), (22, 27), (22, 28), (22, 29), (22, 30)]",276,1741,880,BFS,c3,h1,11
"(13, 14)","(22, 30)","[(13, 14), (14, 14), (15, 14), (16, 14), (17, 14), (18, 14), (18, 15), (19, 15), (19, 16), (19, 17), (19, 18), (19, 19), (19, 20), (19, 21), (19, 22), (19, 23), (20, 23), (20, 24), (20, 25), (20, 26), (20, 27), (20, 28), (20, 29), (20, 30), (21, 30), (22, 30)]",256,1733,875,BFS,c4,h1,11
"(13, 14)","(22, 30)","[(13, 14), (14, 14), (14, 15), (14, 16), (15, 16), (15, 17), (15, 18), (16, 18), (16, 19), (16, 20), (17, 20), (17, 21), (18, 21), (19, 21), (20, 21), (21, 21), (21, 22), (22, 22), (22, 23), (22, 24), (22, 25), (22, 26), (22, 27), (22, 28), (22, 29), (22, 30)]",250,1733,874,BFS,c1,h1,12
"(13, 14)","(22, 30)","[(13, 14), (13, 15), (13, 16), (13, 17), (13, 18), (13, 19), (14, 19), (14, 20), (15, 20), (15, 21), (15, 22), (15, 23), (15, 24), (15, 25), (15, 26), (15, 27), (16, 27), (17, 27), (18, 27), (18, 28), (19, 28), (19, 29), (19, 30), (20, 30), (21, 30), (22, 30)]",295,1729,873,BFS,c2,h1,12
"(13, 14)","(22, 30)","[(13, 14), (13, 15), (13, 16), (13, 17), (14, 17), (14, 18), (15, 18), (15, 19), (15, 20), (15, 21), (15, 22), (16, 22), (17, 22), (18, 22), (18, 23), (19, 23), (20, 23), (21, 23), (21, 24), (22, 24), (22, 25), (22, 26), (22, 27), (22, 28), (22, 29), (22, 30)]",266,1745,882,BFS,c3,h1,12
"(13, 14)","(22, 30)","[(13, 14), (13, 15), (13, 16), (13, 17), (13, 18), (14, 18), (14, 19), (15, 19), (16, 19), (16, 20), (16, 21), (17, 21), (18, 21), (19, 21), (19, 22), (19, 23), (19, 24), (20, 24), (20, 25), (21, 25), (22, 25), (22, 26), (22, 27), (22, 28), (22, 29), (22, 30)]",247,1749,885,BFS,c4,h1,12
"(13, 14)","(22, 30)","[(13, 14), (14, 14), (14, 15), (14, 16), (14, 17), (15, 17), (15, 18), (16, 18), (16, 19), (16, 20), (17, 20), (18, 20), (19, 20), (19, 21), (19, 22), (20, 22), (20, 23), (20, 24), (20, 25), (20, 26), (21, 26), (21, 27), (21, 28), (21, 29), (21, 30), (22, 30)]",250,1721,868,BFS,c1,h1,13
"(13, 14)","(22, 30)","[(13, 14), (13, 15), (14, 15), (15, 15), (15, 16), (15, 17), (16, 17), (16, 18), (16, 19), (16, 20), (16, 21), (16, 22), (17, 22), (17, 23), (17, 24), (18, 24), (19, 24), (19, 25), (19, 26), (20, 26), (20, 27), (20, 28), (21, 28), (21, 29), (21, 30), (22, 30)]",295,1733,876,BFS,c2,h1,13
"(13, 14)","(22, 30)","[(13, 14), (13, 15), (14, 15), (15, 15), (16, 15), (16, 16), (17, 16), (18, 16), (18, 17), (18, 18), (18, 19), (18, 20), (18, 21), (18, 22), (18, 23), (18, 24), (19, 24), (19, 25), (19, 26), (20, 26), (20, 27), (21, 27), (21, 28), (21, 29), (22, 29), (22, 30)]",271,1739,879,BFS,c3,h1,13
"(13, 14)","(22, 30)","[(13, 14), (14, 14), (15, 14), (16, 14), (17, 14), (18, 14), (19, 14), (19, 15), (19, 16), (19, 17), (20, 17), (21, 17), (22, 17), (22, 18), (22, 19), (22, 20), (22, 21), (22, 22), (22, 23), (22, 24), (22, 25), (22, 26), (22, 27), (22, 28), (22, 29), (22, 30)]",247,1748,883,BFS,c4,h1,13
"(13, 14)","(22, 30)","[(13, 14), (13, 15), (13, 16), (13, 17), (13, 18), (13, 19), (13, 20), (13, 21), (13, 22), (14, 22), (14, 23), (15, 23), (15, 24), (16, 24), (17, 24), (18, 24), (19, 24), (19, 25), (20, 25), (20, 26), (20, 27), (20, 28), (21, 28), (21, 29), (22, 29), (22, 30)]",250,1729,873,BFS,c1,h1,14
"(13, 14)","(22, 30)","[(13, 14), (13, 15), (14, 15), (14, 16), (15, 16), (15, 17), (16, 17), (16, 18), (16, 19), (16, 20), (17, 20), (18, 20), (19, 20), (20, 20), (21, 20), (21, 21), (22, 21), (22, 22), (22, 23), (22, 24), (22, 25), (22, 26), (22, 27), (22, 28), (22, 29), (22, 30)]",295,1747,883,BFS,c2,h1,14
"(13, 14)","(22, 30)","[(13, 14), (13, 15), (14, 15), (14, 16), (14, 17), (14, 18), (14, 19), (15, 19), (16, 19), (16, 20), (16, 21), (17, 21), (18, 21), (19, 21), (19, 22), (19, 23), (19, 24), (20, 24), (21, 24), (22, 24), (22, 25), (22, 26), (22, 27), (22, 28), (22, 29), (22, 30)]",264,1733,874,BFS,c3,h1,14
"(13, 14)","(22, 30)","[(13, 14), (14, 14), (15, 14), (16, 14), (16, 15), (16, 16), (17, 16), (17, 17), (17, 18), (17, 19), (18, 19), (18, 20), (18, 21), (18, 22), (18, 23), (18, 24), (19, 24), (20, 24), (20, 25), (21, 25), (22, 25), (22, 26), (22, 27), (22, 28), (22, 29), (22, 30)]",265,1745,882,BFS,c4,h1,14
"(13, 14)","(22, 30)","[(13, 14), (14, 14), (14, 15), (14, 16), (15, 16), (16, 16), (16, 17), (17, 17), (17, 18), (18, 18), (19, 18), (19, 19), (19, 20), (19, 21), (20, 21), (20, 22), (21, 22), (21, 23), (21, 24), (21, 25), (22, 25), (22, 26), (22, 27), (22, 28), (22, 29), (22, 30)]",250,1731,873,BFS,c1,h1,15
"(13, 14)","(22, 30)","[(13, 14), (13, 15), (14, 15), (15, 15), (15, 16), (15, 17), (16, 17), (17, 17), (18, 17), (18, 18), (18, 19), (19, 19), (19, 20), (20, 20), (21, 20), (21, 21), (21, 22), (21, 23), (22, 23), (22, 24), (22, 25), (22, 26), (22, 27), (22, 28), (22, 29), (22, 30)]",295,1759,890,BFS,c2,h1,15
"(13, 14)","(22, 30)","[(13, 14), (13, 15), (14, 15), (14, 16), (15, 16), (16, 16), (17, 16), (17, 17), (17, 18), (17, 19), (17, 20), (17, 21), (18, 21), (19, 21), (20, 21), (20, 22), (20, 23), (21, 23), (22, 23), (22, 24), (22, 25), (22, 26), (22, 27), (22, 28), (22, 29), (22, 30)]",262,1745,882,BFS,c3,h1,15
"(13, 14)","(22, 30)","[(13, 14), (14, 14), (14, 15), (14, 16), (14, 17), (14, 18), (14, 19), (14, 20), (14, 21), (15, 21), (16, 21), (17, 21), (17, 22), (18, 22), (18, 23), (18, 24), (19, 24), (20, 24), (20, 25), (20, 26), (21, 26), (22, 26), (22, 27), (22, 28), (22, 29), (22, 30)]",242,1739,879,BFS,c4,h1,15
"(13, 14)","(22, 30)","[(13, 14), (14, 14), (15, 14), (15, 15), (16, 15), (16, 16), (16, 17), (17, 17), (17, 18), (18, 18), (18, 19), (18, 20), (18, 21), (18, 22), (19, 22), (20, 22), (21, 22), (21, 23), (22, 23), (22, 24), (22, 25), (22, 26), (22, 27), (22, 28), (22, 29), (22, 30)]",250,1751,885,BFS,c1,h1,16
"(13, 14)","(22, 30)","[(13, 14), (13, 15), (14, 15), (14, 16), (14, 17), (14, 18), (14, 19), (15, 19), (15, 20), (16, 20), (16, 21), (17, 21), (17, 22), (17, 23), (18, 23), (19, 23), (20, 23), (20, 24), (21, 24), (21, 25), (21, 26), (22, 26), (22, 27), (22, 28), (22, 29), (22, 30)]",295,1753,887,BFS,c2,h1,16
"(13, 14)","(22, 30)","[(13, 14), (13, 15), (14, 15), (15, 15), (16, 15), (16, 16), (16, 17), (17, 17), (17, 18), (18, 18), (19, 18), (19, 19), (20, 19), (20, 20), (21, 20), (22, 20), (22, 21), (22, 22), (22, 23), (22, 24), (22, 25), (22, 26), (22, 27), (22, 28), (22, 29), (22, 30)]",275,1760,891,BFS,c3,h1,16
"(13, 14)","(22, 30)","[(13, 14), (13, 15), (14, 15), (14, 16), (14, 17), (14, 18), (14, 19), (15, 19), (15, 20), (16, 20), (17, 20), (18, 20), (18, 21), (18, 22), (19, 22), (20, 22), (20, 23), (21, 23), (22, 23), (22, 24), (22, 25), (22, 26), (22, 27), (22, 28), (22, 29), (22, 30)]",242,1747,883,BFS,c4,h1,16
"(13, 14)","(22, 30)","[(13, 14), (14, 14), (14, 15), (14, 16), (15, 16), (15, 17), (15, 18), (15, 19), (16, 19), (17, 19), (17, 20), (18, 20), (18, 21), (19, 21), (19, 22), (19, 23), (20, 23), (21, 23), (22, 23), (22, 24), (22, 25), (22, 26), (22, 27), (22, 28), (22, 29), (22, 30)]",250,1729,872,BFS,c1,h1,17
"(13, 14)","(22, 30)","[(13, 14), (14, 14), (14, 15), (15, 15), (16, 15), (16, 16), (17, 16), (18, 16), (19, 16), (19, 17), (19, 18), (20, 18), (21, 18), (21, 19), (22, 19), (22, 20), (22, 21), (22, 22), (22, 23), (22, 24), (22, 25), (22, 26), (22, 27), (22, 28), (22, 29), (22, 30)]",295,1748,883,BFS,c2,h1,17
"(13, 14)","(22, 30)","[(13, 14), (14, 14), (14, 15), (14, 16), (14, 17), (15, 17), (15, 18), (16, 18), (16, 19), (16, 20), (16, 21), (16, 22), (16, 23), (16, 24), (17, 24), (17, 25), (18, 25), (18, 26), (19, 26), (20, 26), (21, 26), (21, 27), (22, 27), (22, 28), (22, 29), (22, 30)]",275,1721,868,BFS,c3,h1,17
"(13, 14)","(22, 30)","[(13, 14), (14, 14), (15, 14), (15, 15), (15, 16), (16, 16), (17, 16), (17, 17), (17, 18), (18, 18), (19, 18), (20, 18), (20, 19), (20, 20), (21, 20), (22, 20), (22, 21), (22, 22), (22, 23), (22, 24), (22, 25), (22, 26), (22, 27), (22, 28), (22, 29), (22, 30)]",242,1735,875,BFS,c4,h1,17
"(13, 14)","(22, 30)","[(13, 14), (13, 15), (13, 16), (14, 16), (14, 17), (14, 18), (14, 19), (14, 20), (14, 21), (15, 21), (16, 21), (17, 21), (18, 21), (19, 21), (19, 22), (20, 22), (20, 23), (21, 23), (22, 23), (22, 24), (22, 25), (22, 26), (22, 27), (22, 28), (22, 29), (22, 30)]",250,1759,890,BFS,c1,h1,18
"(13, 14)","(22, 30)","[(13, 14), (13, 15), (14, 15), (15, 15), (16, 15), (17, 15), (18, 15), (18, 16), (19, 16), (20, 16), (21, 16), (21, 17), (22, 17), (22, 18), (22, 19), (22, 20), (22, 21), (22, 22), (22, 23), (22, 24), (22, 25), (22, 26), (22, 27), (22, 28), (22, 29), (22, 30)]",295,1760,891,BFS,c2,h1,18
"(13, 14)","(22, 30)","[(13, 14), (14, 14), (15, 14), (15, 15), (16, 15), (16, 16), (17, 16), (17, 17), (17, 18), (18, 18), (18, 19), (19, 19), (19, 20), (20, 20), (21, 20), (22, 20), (22, 21), (22, 22), (22, 23), (22, 24), (22, 25), (22, 26), (22, 27), (22, 28), (22, 29), (22, 30)]",272,1736,876,BFS,c3,h1,18
"(13, 14)","(22, 30)","[(13, 14), (14, 14), (14, 15), (15, 15), (15, 16), (15, 17), (16, 17), (17, 17), (18, 17), (18, 18), (18, 19), (18, 20), (19, 20), (19, 21), (20, 21), (21, 21), (22, 21), (22, 22), (22, 23), (22, 24), (22, 25), (22, 26), (22, 27), (22, 28), (22, 29), (22, 30)]",247,1736,876,BFS,c4,h1,18
"(13, 14)","(22, 30)","[(13, 14), (14, 14), (14, 15), (15, 15), (15, 16), (16, 16), (16, 17), (16, 18), (16, 19), (17, 19), (18, 19), (19, 19), (19, 20), (19, 21), (19, 22), (20, 22), (20, 23), (20, 24), (20, 25), (20, 26), (21, 26), (21, 27), (21, 28), (21, 29), (22, 29), (22, 30)]",250,1739,879,BFS,c1,h1,19
"(13, 14)","(22, 30)","[(13, 14), (14, 14), (14, 15), (15, 15), (15, 16), (15, 17), (16, 17), (17, 17), (17, 18), (18, 18), (18, 19), (18, 20), (18, 21), (19, 21), (20, 21), (20, 22), (20, 23), (20, 24), (20, 25), (21, 25), (21, 26), (21, 27), (22, 27), (22, 28), (22, 29), (22, 30)]",295,1735,876,BFS,c2,h1,19
"(13, 14)","(22, 30)","[(13, 14), (14, 14), (15, 14), (16, 14), (16, 15), (16, 16), (17, 16), (17, 17), (17, 18), (18, 18), (18, 19), (19, 19), (20, 19), (20, 20), (20, 21), (21, 21), (21, 22), (21, 23), (22, 23), (22, 24), (22, 25), (22, 26), (22, 27), (22, 28), (22, 29), (22, 30)]",270,1755,888,BFS,c3,h1,19
"(13, 14)","(22, 30)","[(13, 14), (13, 15), (13, 16), (14, 16), (15, 16), (16, 16), (17, 16), (18, 16), (19, 16), (19, 17), (19, 18), (19, 19), (20, 19), (21, 19), (22, 19), (22, 20), (22, 21), (22, 22), (22, 23), (22, 24), (22, 25), (22, 26), (22, 27), (22, 28), (22, 29), (22, 30)]",241,1760,891,BFS,c4,h1,19
"(13, 14)","(22, 30)","[(13, 14), (14, 14), (15, 14), (15, 15), (15, 16), (16, 16), (17, 16), (18, 16), (19, 16), (19, 17), (20, 17), (20, 18), (21, 18), (21, 19), (21, 20), (21, 21), (22, 21), (22, 22), (22, 23), (22, 24), (22, 25), (22, 26), (22, 27), (22, 28), (22, 29), (22, 30)]",250,1736,876,BFS,c1,h1,20
"(13, 14)","(22, 30)","[(13, 14), (14, 14), (14, 15), (15, 15), (15, 16), (16, 16), (17, 16), (18, 16), (18, 17), (19, 17), (20, 17), (21, 17), (21, 18), (22, 18), (22, 19), (22, 20), (22, 21), (22, 22), (22, 23), (22, 24), (22, 25), (22, 26), (22, 27), (22, 28), (22, 29), (22, 30)]",295,1760,891,BFS,c2,h1,20
"(13, 14)","(22, 30)","[(13, 14), (14, 14), (15, 14), (15, 15), (15, 16), (15, 17), (15, 18), (16, 18), (17, 18), (18, 18), (19, 18), (19, 19), (19, 20), (20, 20), (21, 20), (21, 21), (22, 21), (22, 22), (22, 23), (22, 24), (22, 25), (22, 26), (22, 27), (22, 28), (22, 29), (22, 30)]",281,1748,883,BFS,c3,h1,20
"(13, 14)","(22, 30)","[(13, 14), (13, 15), (13, 16), (13, 17), (14, 17), (14, 18), (14, 19), (14, 20), (14, 21), (15, 21), (15, 22), (15, 23), (15, 24), (16, 24), (16, 25), (17, 25), (17, 26), (17, 27), (17, 28), (18, 28), (19, 28), (20, 28), (20, 29), (21, 29), (22, 29), (22, 30)]",244,1745,883,BFS,c4,h1,20
"(15, 12)","(24, 24)","[(15, 12), (16, 12), (17, 12), (18, 12), (19, 12), (19, 13), (20, 13), (21, 13), (22, 13), (23, 13), (24, 13), (24, 14), (24, 15), (24, 16), (24, 17), (24, 18), (24, 19), (24, 20), (24, 21), (24, 22), (24, 23), (24, 24)]",210,1524,757,BFS,c1,h1,1
"(15, 12)","(24, 24)","[(15, 12), (15, 13), (16, 13), (17, 13), (18, 13), (19, 13), (19, 14), (19, 15), (20, 15), (21, 15), (22, 15), (22, 16), (22, 17), (23, 17), (24, 17), (24, 18), (24, 19), (24, 20), (24, 21), (24, 22), (24, 23), (24, 24)]",255,1500,744,BFS,c2,h1,1
"(15, 12)","(24, 24)","[(15, 12), (16, 12), (16, 13), (17, 13), (18, 13), (19, 13), (19, 14), (19, 15), (20, 15), (20, 16), (21, 16), (22, 16), (23, 16), (23, 17), (23, 18), (23, 19), (24, 19), (24, 20), (24, 21), (24, 22), (24, 23), (24, 24)]",231,1495,741,BFS,c3,h1,1
"(15, 12)","(24, 24)","[(15, 12), (15, 13), (15, 14), (16, 14), (17, 14), (17, 15), (17, 16), (18, 16), (18, 17), (18, 18), (18, 19), (18, 20), (19, 20), (20, 20), (21, 20), (21, 21), (22, 21), (23, 21), (24, 21), (24, 22), (24, 23), (24, 24)]",211,1501,744,BFS,c4,h1,1
"(15, 12)","(24, 24)","[(15, 12), (16, 12), (17, 12), (17, 13), (17, 14), (18, 14), (18, 15), (18, 16), (18, 17), (19, 17), (19, 18), (19, 19), (19, 20), (20, 20), (21, 20), (21, 21), (22, 21), (23, 21), (23, 22), (23, 23), (23, 24), (24, 24)]",210,1513,751,BFS,c1,h1,2
"(15, 12)","(24, 24)","[(15, 12), (16, 12), (17, 12), (17, 13), (17, 14), (18, 14), (19, 14), (19, 15), (20, 15), (21, 15), (22, 15), (22, 16), (23, 16), (24, 16), (24, 17), (24, 18), (24, 19), (24, 20), (24, 21), (24, 22), (24, 23), (24, 24)]",255,1488,737,BFS,c2,h1,2
"(15, 12)","(24, 24)","[(15, 12), (16, 12), (16, 13), (16, 14), (17, 14), (18, 14), (19, 14), (20, 14), (21, 14), (22, 14), (22, 15), (23, 15), (24, 15), (24, 16), (24, 17), (24, 18), (24, 19), (24, 20), (24, 21), (24, 22), (24, 23), (24, 24)]",226,1524,757,BFS,c3,h1,2
"(15, 12)","(24, 24)","[(15, 12), (16, 12), (16, 13), (17, 13), (18, 13), (18, 14), (18, 15), (19, 15), (19, 16), (19, 17), (19, 18), (19, 19), (20, 19), (20, 20), (21, 20), (22, 20), (22, 21), (23, 21), (23, 22), (24, 22), (24, 23), (24, 24)]",217,1493,740,BFS,c4,h1,2
"(15, 12)","(24, 24)","[(15, 12), (16, 12), (17, 12), (18, 12), (19, 12), (19, 13), (19, 14), (19, 15), (20, 15), (20, 16), (20, 17), (20, 18), (20, 19), (20, 20), (21, 20), (22, 20), (22, 21), (22, 22), (23, 22), (24, 22), (24, 23), (24, 24)]",210,1517,753,BFS,c1,h1,3
"(15, 12)","(24, 24)","[(15, 12), (15, 13), (16, 13), (17, 13), (18, 13), (19, 13), (20, 13), (21, 13), (22, 13), (23, 13), (23, 14), (24, 14), (24, 15), (24, 16), (24, 17), (24, 18), (24, 19), (24, 20), (24, 21), (24, 22), (24, 23), (24, 24)]",255,1476,730,BFS,c2,h1,3
"(15, 12)","(24, 24)","[(15, 12), (16, 12), (16, 13), (16, 14), (17, 14), (18, 14), (19, 14), (20, 14), (21, 14), (22, 14), (22, 15), (23, 15), (23, 16), (23, 17), (23, 18), (23, 19), (23, 20), (24, 20), (24, 21), (24, 22), (24, 23), (24, 24)]",225,1489,738,BFS,c3,h1,3
"(15, 12)","(24, 24)","[(15, 12), (16, 12), (17, 12), (18, 12), (19, 12), (20, 12), (21, 12), (21, 13), (22, 13), (22, 14), (22, 15), (22, 16), (22, 17), (22, 18), (23, 18), (23, 19), (23, 20), (23, 21), (24, 21), (24, 22), (24, 23), (24, 24)]",218,1517,753,BFS,c4,h1,3
"(15, 12)","(24, 24)","[(15, 12), (16, 12), (17, 12), (17, 13), (18, 13), (18, 14), (19, 14), (19, 15), (19, 16), (20, 16), (20, 17), (20, 18), (20, 19), (20, 20), (21, 20), (21, 21), (22, 21), (23, 21), (23, 22), (24, 22), (24, 23), (24, 24)]",210,1489,738,BFS,c1,h1,4
"(15, 12)","(24, 24)","[(15, 12), (16, 12), (16, 13), (16, 14), (17, 14), (18, 14), (19, 14), (19, 15), (20, 15), (21, 15), (21, 16), (21, 17), (21, 18), (22, 18), (23, 18), (24, 18), (24, 19), (24, 20), (24, 21), (24, 22), (24, 23), (24, 24)]",255,1499,743,BFS,c2,h1,4
"(15, 12)","(24, 24)","[(15, 12), (16, 12), (17, 12), (17, 13), (18, 13), (19, 13), (19, 14), (19, 15), (19, 16), (19, 17), (19, 18), (19, 19), (20, 19), (20, 20), (20, 21), (20, 22), (20, 23), (20, 24), (21, 24), (22, 24), (23, 24), (24, 24)]",229,1513,751,BFS,c3,h1,4
"(15, 12)","(24, 24)","[(15, 12), (15, 13), (15, 14), (15, 15), (15, 16), (15, 17), (15, 18), (15, 19), (15, 20), (16, 20), (16, 21), (16, 22), (16, 23), (17, 23), (18, 23), (18, 24), (19, 24), (20, 24), (21, 24), (22, 24), (23, 24), (24, 24)]",213,1495,740,BFS,c4,h1,4
"(15, 12)","(24, 24)","[(15, 12), (16, 12), (17, 12), (18, 12), (18, 13), (18, 14), (18, 15), (19, 15), (19, 16), (20, 16), (20, 17), (21, 17), (21, 18), (22, 18), (22, 19), (22, 20), (23, 20), (24, 20), (24, 21), (24, 22), (24, 23), (24, 24)]",210,1519,754,BFS,c1,h1,5
"(15, 12)","(24, 24)","[(15, 12), (15, 13), (16, 13), (16, 14), (16, 15), (16, 16), (16, 17), (16, 18), (17, 18), (17, 19), (17, 20), (18, 20), (18, 21), (19, 21), (19, 22), (20, 22), (21, 22), (21, 23), (21, 24), (22, 24), (23, 24), (24, 24)]",255,1517,753,BFS,c2,h1,5
"(15, 12)","(24, 24)","[(15, 12), (16, 12), (17, 12), (18, 12), (18, 13), (18, 14), (18, 15), (19, 15), (19, 16), (20, 16), (21, 16), (21, 17), (22, 17), (23, 17), (23, 18), (24, 18), (24, 19), (24, 20), (24, 21), (24, 22), (24, 23), (24, 24)]",237,1475,729,BFS,c3,h1,5
"(15, 12)","(24, 24)","[(15, 12), (16, 12), (16, 13), (16, 14), (16, 15), (16, 16), (17, 16), (17, 17), (17, 18), (18, 18), (18, 19), (19, 19), (19, 20), (20, 20), (20, 21), (20, 22), (20, 23), (21, 23), (21, 24), (22, 24), (23, 24), (24, 24)]",209,1495,741,BFS,c4,h1,5
"(15, 12)","(24, 24)","[(15, 12), (15, 13), (16, 13), (17, 13), (18, 13), (19, 13), (19, 14), (20, 14), (20, 15), (20, 16), (20, 17), (21, 17), (21, 18), (21, 19), (21, 20), (22, 20), (22, 21), (23, 21), (24, 21), (24, 22), (24, 23), (24, 24)]",210,1495,740,BFS,c1,h1,6
"(15, 12)","(24, 24)","[(15, 12), (15, 13), (15, 14), (15, 15), (16, 15), (17, 15), (18, 15), (18, 16), (19, 16), (20, 16), (20, 17), (20, 18), (20, 19), (21, 19), (22, 19), (22, 20), (22, 21), (22, 22), (22, 23), (23, 23), (23, 24), (24, 24)]",255,1491,738,BFS,c2,h1,6
"(15, 12)","(24, 24)","[(15, 12), (16, 12), (16, 13), (16, 14), (17, 14), (17, 15), (18, 15), (18, 16), (18, 17), (19, 17), (19, 18), (19, 19), (20, 19), (20, 20), (20, 21), (20, 22), (21, 22), (22, 22), (23, 22), (24, 22), (24, 23), (24, 24)]",229,1479,732,BFS,c3,h1,6
"(15, 12)","(24, 24)","[(15, 12), (16, 12), (16, 13), (16, 14), (16, 15), (17, 15), (18, 15), (19, 15), (20, 15), (20, 16), (20, 17), (21, 17), (22, 17), (23, 17), (24, 17), (24, 18), (24, 19), (24, 20), (24, 21), (24, 22), (24, 23), (24, 24)]",198,1521,755,BFS,c4,h1,6
"(15, 12)","(24, 24)","[(15, 12), (16, 12), (17, 12), (18, 12), (19, 12), (20, 12), (21, 12), (21, 13), (22, 13), (22, 14), (23, 14), (24, 14), (24, 15), (24, 16), (24, 17), (24, 18), (24, 19), (24, 20), (24, 21), (24, 22), (24, 23), (24, 24)]",210,1524,757,BFS,c1,h1,7
"(15, 12)","(24, 24)","[(15, 12), (15, 13), (15, 14), (16, 14), (16, 15), (17, 15), (17, 16), (17, 17), (17, 18), (18, 18), (18, 19), (19, 19), (19, 20), (20, 20), (20, 21), (20, 22), (21, 22), (21, 23), (22, 23), (23, 23), (24, 23), (24, 24)]",255,1501,744,BFS,c2,h1,7
"(15, 12)","(24, 24)","[(15, 12), (16, 12), (17, 12), (17, 13), (18, 13), (19, 13), (19, 14), (20, 14), (20, 15), (21, 15), (21, 16), (21, 17), (21, 18), (21, 19), (22, 19), (22, 20), (22, 21), (23, 21), (23, 22), (23, 23), (23, 24), (24, 24)]",231,1513,751,BFS,c3,h1,7
"(15, 12)","(24, 24)","[(15, 12), (16, 12), (16, 13), (17, 13), (17, 14), (18, 14), (18, 15), (18, 16), (19, 16), (19, 17), (20, 17), (20, 18), (20, 19), (20, 20), (21, 20), (22, 20), (23, 20), (24, 20), (24, 21), (24, 22), (24, 23), (24, 24)]",210,1521,755,BFS,c4,h1,7
"(15, 12)","(24, 24)","[(15, 12), (15, 13), (15, 14), (15, 15), (15, 16), (15, 17), (15, 18), (15, 19), (16, 19), (17, 19), (17, 20), (17, 21), (17, 22), (17, 23), (18, 23), (19, 23), (19, 24), (20, 24), (21, 24), (22, 24), (23, 24), (24, 24)]",210,1523,756,BFS,c1,h1,8
"(15, 12)","(24, 24)","[(15, 12), (16, 12), (17, 12), (18, 12), (19, 12), (20, 12), (21, 12), (21, 13), (22, 13), (22, 14), (22, 15), (22, 16), (23, 16), (24, 16), (24, 17), (24, 18), (24, 19), (24, 20), (24, 21), (24, 22), (24, 23), (24, 24)]",255,1476,730,BFS,c2,h1,8
"(15, 12)","(24, 24)","[(15, 12), (15, 13), (16, 13), (17, 13), (17, 14), (17, 15), (18, 15), (19, 15), (20, 15), (21, 15), (21, 16), (21, 17), (22, 17), (23, 17), (23, 18), (24, 18), (24, 19), (24, 20), (24, 21), (24, 22), (24, 23), (24, 24)]",232,1476,730,BFS,c3,h1,8
"(15, 12)","(24, 24)","[(15, 12), (16, 12), (16, 13), (16, 14), (17, 14), (17, 15), (18, 15), (19, 15), (19, 16), (19, 17), (19, 18), (20, 18), (20, 19), (21, 19), (22, 19), (22, 20), (23, 20), (24, 20), (24, 21), (24, 22), (24, 23), (24, 24)]",208,1505,746,BFS,c4,h1,8
"(15, 12)","(24, 24)","[(15, 12), (15, 13), (16, 13), (17, 13), (18, 13), (19, 13), (20, 13), (21, 13), (22, 13), (22, 14), (22, 15), (22, 16), (23, 16), (24, 16), (24, 17), (24, 18), (24, 19), (24, 20), (24, 21), (24, 22), (24, 23), (24, 24)]",210,1476,730,BFS,c1,h1,9
"(15, 12)","(24, 24)","[(15, 12), (16, 12), (17, 12), (17, 13), (18, 13), (19, 13), (20, 13), (21, 13), (21, 14), (22, 14), (22, 15), (22, 16), (22, 17), (23, 17), (24, 17), (24, 18), (24, 19), (24, 20), (24, 21), (24, 22), (24, 23), (24, 24)]",255,1469,726,BFS,c2,h1,9
"(15, 12)","(24, 24)","[(15, 12), (16, 12), (17, 12), (18, 12), (18, 13), (18, 14), (19, 14), (20, 14), (21, 14), (22, 14), (23, 14), (23, 15), (23, 16), (23, 17), (23, 18), (24, 18), (24, 19), (24, 20), (24, 21), (24, 22), (24, 23), (24, 24)]",238,1469,726,BFS,c3,h1,9
"(15, 12)","(24, 24)","[(15, 12), (16, 12), (16, 13), (16, 14), (16, 15), (16, 16), (17, 16), (18, 16), (19, 16), (20, 16), (21, 16), (21, 17), (22, 17), (23, 17), (23, 18), (23, 19), (23, 20), (24, 20), (24, 21), (24, 22), (24, 23), (24, 24)]",196,1509,748,BFS,c4,h1,9
"(15, 12)","(24, 24)","[(15, 12), (15, 13), (16, 13), (17, 13), (17, 14), (18, 14), (19, 14), (19, 15), (19, 16), (19, 17), (20, 17), (21, 17), (22, 17), (23, 17), (24, 17), (24, 18), (24, 19), (24, 20), (24, 21), (24, 22), (24, 23), (24, 24)]",210,1523,756,BFS,c1,h1,10
"(15, 12)","(24, 24)","[(15, 12), (15, 13), (16, 13), (17, 13), (17, 14), (18, 14), (19, 14), (20, 14), (21, 14), (21, 15), (22, 15), (22, 16), (22, 17), (23, 17), (24, 17), (24, 18), (24, 19), (24, 20), (24, 21), (24, 22), (24, 23), (24, 24)]",255,1512,750,BFS,c2,h1,10
"(15, 12)","(24, 24)","[(15, 12), (15, 13), (16, 13), (16, 14), (17, 14), (17, 15), (18, 15), (18, 16), (18, 17), (18, 18), (18, 19), (18, 20), (19, 20), (20, 20), (20, 21), (21, 21), (22, 21), (22, 22), (22, 23), (23, 23), (24, 23), (24, 24)]",232,1513,751,BFS,c3,h1,10
"(15, 12)","(24, 24)","[(15, 12), (15, 13), (15, 14), (16, 14), (17, 14), (17, 15), (17, 16), (17, 17), (18, 17), (19, 17), (19, 18), (20, 18), (21, 18), (22, 18), (23, 18), (24, 18), (24, 19), (24, 20), (24, 21), (24, 22), (24, 23), (24, 24)]",196,1473,728,BFS,c4,h1,10
"(15, 12)","(24, 24)","[(15, 12), (15, 13), (16, 13), (17, 13), (18, 13), (18, 14), (18, 15), (19, 15), (20, 15), (20, 16), (20, 17), (21, 17), (22, 17), (23, 17), (24, 17), (24, 18), (24, 19), (24, 20), (24, 21), (24, 22), (24, 23), (24, 24)]",210,1524,757,BFS,c1,h1,11
"(15, 12)","(24, 24)","[(15, 12), (16, 12), (16, 13), (17, 13), (17, 14), (18, 14), (18, 15), (19, 15), (19, 16), (19, 17), (20, 17), (20, 18), (21, 18), (21, 19), (22, 19), (23, 19), (23, 20), (23, 21), (23, 22), (23, 23), (23, 24), (24, 24)]",255,1477,731,BFS,c2,h1,11
"(15, 12)","(24, 24)","[(15, 12), (15, 13), (15, 14), (16, 14), (16, 15), (16, 16), (17, 16), (17, 17), (18, 17), (19, 17), (19, 18), (20, 18), (21, 18), (21, 19), (21, 20), (21, 21), (22, 21), (22, 22), (23, 22), (23, 23), (24, 23), (24, 24)]",230,1465,724,BFS,c3,h1,11
"(15, 12)","(24, 24)","[(15, 12), (15, 13), (15, 14), (16, 14), (16, 15), (16, 16), (16, 17), (16, 18), (16, 19), (16, 20), (17, 20), (17, 21), (18, 21), (19, 21), (19, 22), (20, 22), (21, 22), (21, 23), (21, 24), (22, 24), (23, 24), (24, 24)]",207,1493,739,BFS,c4,h1,11
"(15, 12)","(24, 24)","[(15, 12), (15, 13), (16, 13), (16, 14), (16, 15), (17, 15), (17, 16), (18, 16), (19, 16), (19, 17), (19, 18), (20, 18), (21, 18), (21, 19), (21, 20), (22, 20), (22, 21), (22, 22), (22, 23), (22, 24), (23, 24), (24, 24)]",210,1489,738,BFS,c1,h1,12
"(15, 12)","(24, 24)","[(15, 12), (16, 12), (16, 13), (17, 13), (17, 14), (17, 15), (18, 15), (18, 16), (19, 16), (20, 16), (21, 16), (21, 17), (22, 17), (22, 18), (23, 18), (24, 18), (24, 19), (24, 20), (24, 21), (24, 22), (24, 23), (24, 24)]",255,1476,730,BFS,c2,h1,12
"(15, 12)","(24, 24)","[(15, 12), (15, 13), (15, 14), (16, 14), (16, 15), (16, 16), (17, 16), (18, 16), (19, 16), (19, 17), (20, 17), (20, 18), (20, 19), (20, 20), (21, 20), (21, 21), (21, 22), (21, 23), (21, 24), (22, 24), (23, 24), (24, 24)]",235,1519,754,BFS,c3,h1,12
"(15, 12)","(24, 24)","[(15, 12), (15, 13), (16, 13), (17, 13), (17, 14), (18, 14), (18, 15), (18, 16), (19, 16), (19, 17), (20, 17), (21, 17), (22, 17), (22, 18), (22, 19), (22, 20), (22, 21), (23, 21), (24, 21), (24, 22), (24, 23), (24, 24)]",205,1469,726,BFS,c4,h1,12
"(15, 12)","(24, 24)","[(15, 12), (16, 12), (16, 13), (16, 14), (17, 14), (18, 14), (18, 15), (18, 16), (19, 16), (19, 17), (19, 18), (20, 18), (21, 18), (21, 19), (22, 19), (23, 19), (23, 20), (24, 20), (24, 21), (24, 22), (24, 23), (24, 24)]",210,1469,726,BFS,c1,h1,13
"(15, 12)","(24, 24)","[(15, 12), (16, 12), (16, 13), (17, 13), (18, 13), (18, 14), (18, 15), (18, 16), (19, 16), (19, 17), (19, 18), (20, 18), (21, 18), (22, 18), (22, 19), (23, 19), (23, 20), (24, 20), (24, 21), (24, 22), (24, 23), (24, 24)]",255,1519,754,BFS,c2,h1,13
"(15, 12)","(24, 24)","[(15, 12), (15, 13), (16, 13), (17, 13), (17, 14), (18, 14), (19, 14), (20, 14), (21, 14), (22, 14), (22, 15), (23, 15), (24, 15), (24, 16), (24, 17), (24, 18), (24, 19), (24, 20), (24, 21), (24, 22), (24, 23), (24, 24)]",226,1500,743,BFS,c3,h1,13
"(15, 12)","(24, 24)","[(15, 12), (16, 12), (16, 13), (17, 13), (18, 13), (19, 13), (19, 14), (20, 14), (20, 15), (21, 15), (22, 15), (23, 15), (23, 16), (24, 16), (24, 17), (24, 18), (24, 19), (24, 20), (24, 21), (24, 22), (24, 23), (24, 24)]",200,1476,730,BFS,c4,h1,13
"(15, 12)","(24, 24)","[(15, 12), (15, 13), (16, 13), (17, 13), (17, 14), (17, 15), (17, 16), (17, 17), (18, 17), (18, 18), (18, 19), (18, 20), (19, 20), (20, 20), (21, 20), (21, 21), (21, 22), (21, 23), (22, 23), (22, 24), (23, 24), (24, 24)]",210,1465,724,BFS,c1,h1,14
"(15, 12)","(24, 24)","[(15, 12), (16, 12), (17, 12), (17, 13), (18, 13), (19, 13), (20, 13), (20, 14), (20, 15), (20, 16), (21, 16), (21, 17), (22, 17), (22, 18), (23, 18), (24, 18), (24, 19), (24, 20), (24, 21), (24, 22), (24, 23), (24, 24)]",255,1521,755,BFS,c2,h1,14
"(15, 12)","(24, 24)","[(15, 12), (16, 12), (17, 12), (17, 13), (17, 14), (18, 14), (18, 15), (18, 16), (19, 16), (19, 17), (20, 17), (21, 17), (22, 17), (22, 18), (23, 18), (23, 19), (24, 19), (24, 20), (24, 21), (24, 22), (24, 23), (24, 24)]",234,1517,753,BFS,c3,h1,14
"(15, 12)","(24, 24)","[(15, 12), (15, 13), (16, 13), (16, 14), (17, 14), (17, 15), (18, 15), (18, 16), (18, 17), (18, 18), (18, 19), (19, 19), (19, 20), (19, 21), (20, 21), (20, 22), (21, 22), (22, 22), (22, 23), (23, 23), (23, 24), (24, 24)]",210,1491,738,BFS,c4,h1,14
"(15, 12)","(24, 24)","[(15, 12), (15, 13), (15, 14), (16, 14), (16, 15), (16, 16), (17, 16), (17, 17), (17, 18), (18, 18), (18, 19), (18, 20), (19, 20), (20, 20), (20, 21), (21, 21), (22, 21), (22, 22), (22, 23), (23, 23), (24, 23), (24, 24)]",210,1501,744,BFS,c1,h1,15
"(15, 12)","(24, 24)","[(15, 12), (15, 13), (16, 13), (16, 14), (17, 14), (17, 15), (18, 15), (18, 16), (18, 17), (19, 17), (19, 18), (20, 18), (20, 19), (21, 19), (21, 20), (22, 20), (23, 20), (23, 21), (23, 22), (24, 22), (24, 23), (24, 24)]",255,1503,745,BFS,c2,h1,15
"(15, 12)","(24, 24)","[(15, 12), (16, 12), (16, 13), (16, 14), (17, 14), (18, 14), (19, 14), (19, 15), (20, 15), (21, 15), (22, 15), (23, 15), (23, 16), (24, 16), (24, 17), (24, 18), (24, 19), (24, 20), (24, 21), (24, 22), (24, 23), (24, 24)]",230,1483,734,BFS,c3,h1,15
"(15, 12)","(24, 24)","[(15, 12), (15, 13), (15, 14), (15, 15), (15, 16), (16, 16), (16, 17), (16, 18), (16, 19), (16, 20), (16, 21), (16, 22), (17, 22), (18, 22), (19, 22), (20, 22), (20, 23), (21, 23), (22, 23), (22, 24), (23, 24), (24, 24)]",209,1489,737,BFS,c4,h1,15
"(15, 12)","(24, 24)","[(15, 12), (16, 12), (17, 12), (17, 13), (18, 13), (18, 14), (18, 15), (18, 16), (18, 17), (18, 18), (19, 18), (19, 19), (19, 20), (20, 20), (21, 20), (21, 21), (21, 22), (21, 23), (22, 23), (23, 23), (23, 24), (24, 24)]",210,1513,751,BFS,c1,h1,16
"(15, 12)","(24, 24)","[(15, 12), (16, 12), (17, 12), (18, 12), (18, 13), (18, 14), (19, 14), (19, 15), (19, 16), (19, 17), (19, 18), (19, 19), (19, 20), (19, 21), (19, 22), (20, 22), (20, 23), (21, 23), (21, 24), (22, 24), (23, 24), (24, 24)]",255,1481,733,BFS,c2,h1,16
"(15, 12)","(24, 24)","[(15, 12), (15, 13), (15, 14), (16, 14), (17, 14), (18, 14), (19, 14), (19, 15), (20, 15), (20, 16), (21, 16), (22, 16), (22, 17), (23, 17), (24, 17), (24, 18), (24, 19), (24, 20), (24, 21), (24, 22), (24, 23), (24, 24)]",227,1500,743,BFS,c3,h1,16
"(15, 12)","(24, 24)","[(15, 12), (16, 12), (17, 12), (17, 13), (18, 13), (19, 13), (19, 14), (19, 15), (19, 16), (20, 16), (20, 17), (20, 18), (21, 18), (22, 18), (23, 18), (23, 19), (24, 19), (24, 20), (24, 21), (24, 22), (24, 23), (24, 24)]",209,1483,734,BFS,c4,h1,16
"(15, 12)","(24, 24)","[(15, 12), (15, 13), (16, 13), (16, 14), (16, 15), (17, 15), (18, 15), (19, 15), (19, 16), (20, 16), (21, 16), (22, 16), (22, 17), (22, 18), (23, 18), (23, 19), (24, 19), (24, 20), (24, 21), (24, 22), (24, 23), (24, 24)]",210,1523,756,BFS,c1,h1,17
"(15, 12)","(24, 24)","[(15, 12), (15, 13), (15, 14), (15, 15), (16, 15), (17, 15), (18, 15), (18, 16), (19, 16), (19, 17), (20, 17), (21, 17), (21, 18), (22, 18), (23, 18), (23, 19), (23, 20), (23, 21), (23, 22), (23, 23), (24, 23), (24, 24)]",255,1515,752,BFS,c2,h1,17
"(15, 12)","(24, 24)","[(15, 12), (16, 12), (17, 12), (18, 12), (19, 12), (19, 13), (20, 13), (20, 14), (21, 14), (21, 15), (21, 16), (22, 16), (22, 17), (23, 17), (24, 17), (24, 18), (24, 19), (24, 20), (24, 21), (24, 22), (24, 23), (24, 24)]",229,1488,737,BFS,c3,h1,17
"(15, 12)","(24, 24)","[(15, 12), (15, 13), (15, 14), (15, 15), (16, 15), (16, 16), (17, 16), (18, 16), (19, 16), (19, 17), (20, 17), (20, 18), (20, 19), (21, 19), (22, 19), (22, 20), (22, 21), (23, 21), (23, 22), (24, 22), (24, 23), (24, 24)]",203,1505,746,BFS,c4,h1,17
"(15, 12)","(24, 24)","[(15, 12), (15, 13), (16, 13), (16, 14), (16, 15), (16, 16), (17, 16), (17, 17), (18, 17), (19, 17), (20, 17), (20, 18), (21, 18), (22, 18), (22, 19), (23, 19), (23, 20), (24, 20), (24, 21), (24, 22), (24, 23), (24, 24)]",210,1521,755,BFS,c1,h1,18
"(15, 12)","(24, 24)","[(15, 12), (16, 12), (17, 12), (17, 13), (18, 13), (19, 13), (20, 13), (21, 13), (21, 14), (22, 14), (22, 15), (23, 15), (23, 16), (23, 17), (24, 17), (24, 18), (24, 19), (24, 20), (24, 21), (24, 22), (24, 23), (24, 24)]",255,1476,730,BFS,c2,h1,18
"(15, 12)","(24, 24)","[(15, 12), (16, 12), (17, 12), (18, 12), (19, 12), (19, 13), (19, 14), (19, 15), (19, 16), (20, 16), (20, 17), (21, 17), (22, 17), (23, 17), (24, 17), (24, 18), (24, 19), (24, 20), (24, 21), (24, 22), (24, 23), (24, 24)]",230,1524,757,BFS,c3,h1,18
"(15, 12)","(24, 24)","[(15, 12), (16, 12), (17, 12), (18, 12), (19, 12), (19, 13), (19, 14), (20, 14), (20, 15), (20, 16), (20, 17), (21, 17), (21, 18), (21, 19), (22, 19), (23, 19), (24, 19), (24, 20), (24, 21), (24, 22), (24, 23), (24, 24)]",214,1497,742,BFS,c4,h1,18
"(15, 12)","(24, 24)","[(15, 12), (15, 13), (15, 14), (15, 15), (15, 16), (15, 17), (16, 17), (17, 17), (17, 18), (18, 18), (19, 18), (19, 19), (20, 19), (20, 20), (20, 21), (20, 22), (20, 23), (21, 23), (22, 23), (22, 24), (23, 24), (24, 24)]",210,1493,739,BFS,c1,h1,19
"(15, 12)","(24, 24)","[(15, 12), (15, 13), (15, 14), (16, 14), (16, 15), (16, 16), (16, 17), (17, 17), (18, 17), (18, 18), (18, 19), (19, 19), (20, 19), (20, 20), (20, 21), (20, 22), (20, 23), (21, 23), (22, 23), (22, 24), (23, 24), (24, 24)]",255,1493,739,BFS,c2,h1,19
"(15, 12)","(24, 24)","[(15, 12), (16, 12), (16, 13), (16, 14), (16, 15), (17, 15), (17, 16), (18, 16), (19, 16), (19, 17), (19, 18), (20, 18), (20, 19), (20, 20), (20, 21), (21, 21), (22, 21), (23, 21), (24, 21), (24, 22), (24, 23), (24, 24)]",229,1483,734,BFS,c3,h1,19
"(15, 12)","(24, 24)","[(15, 12), (16, 12), (16, 13), (16, 14), (17, 14), (17, 15), (17, 16), (17, 17), (17, 18), (18, 18), (19, 18), (19, 19), (20, 19), (20, 20), (21, 20), (22, 20), (23, 20), (23, 21), (24, 21), (24, 22), (24, 23), (24, 24)]",206,1503,745,BFS,c4,h1,19
"(15, 12)","(24, 24)","[(15, 12), (16, 12), (16, 13), (17, 13), (18, 13), (18, 14), (18, 15), (19, 15), (19, 16), (20, 16), (20, 17), (20, 18), (20, 19), (21, 19), (21, 20), (21, 21), (21, 22), (22, 22), (22, 23), (23, 23), (23, 24), (24, 24)]",210,1465,724,BFS,c1,h1,20
"(15, 12)","(24, 24)","[(15, 12), (16, 12), (17, 12), (17, 13), (18, 13), (18, 14), (19, 14), (19, 15), (20, 15), (21, 15), (22, 15), (22, 16), (23, 16), (23, 17), (24, 17), (24, 18), (24, 19), (24, 20), (24, 21), (24, 22), (24, 23), (24, 24)]",255,1485,735,BFS,c2,h1,20
"(15, 12)","(24, 24)","[(15, 12), (16, 12), (17, 12), (18, 12), (18, 13), (19, 13), (19, 14), (19, 15), (20, 15), (20, 16), (21, 16), (22, 16), (22, 17), (22, 18), (23, 18), (24, 18), (24, 19), (24, 20), (24, 21), (24, 22), (24, 23), (24, 24)]",234,1487,736,BFS,c3,h1,20
"(15, 12)","(24, 24)","[(15, 12), (16, 12), (16, 13), (16, 14), (16, 15), (16, 16), (17, 16), (18, 16), (19, 16), (20, 16), (20, 17), (21, 17), (21, 18), (21, 19), (21, 20), (22, 20), (23, 20), (23, 21), (24, 21), (24, 22), (24, 23), (24, 24)]",204,1483,734,BFS,c4,h1,20
"(0, 10)","(8, 5)","[(0, 10), (0, 9), (1, 9), (2, 9), (3, 9), (4, 9), (5, 9), (6, 9), (7, 9), (8, 9), (8, 8), (8, 7), (8, 6), (8, 5)]",130,351,171,BFS,c1,h1,1
"(0, 10)","(8, 5)","[(0, 10), (0, 9), (0, 8), (0, 7), (1, 7), (1, 6), (2, 6), (3, 6), (4, 6), (4, 5), (5, 5), (6, 5), (7, 5), (8, 5)]",170,377,184,BFS,c2,h1,1
"(0, 10)","(8, 5)","[(0, 10), (1, 10), (1, 9), (2, 9), (3, 9), (3, 8), (3, 7), (4, 7), (4, 6), (5, 6), (6, 6), (6, 5), (7, 5), (8, 5)]",151,345,168,BFS,c3,h1,1
"(0, 10)","(8, 5)","[(0, 10), (1, 10), (2, 10), (3, 10), (3, 9), (4, 9), (5, 9), (5, 8), (5, 7), (5, 6), (6, 6), (7, 6), (7, 5), (8, 5)]",127,371,181,BFS,c4,h1,1
"(0, 10)","(8, 5)","[(0, 10), (1, 10), (2, 10), (2, 9), (2, 8), (2, 7), (2, 6), (3, 6), (4, 6), (4, 5), (5, 5), (6, 5), (7, 5), (8, 5)]",130,373,182,BFS,c1,h1,2
"(0, 10)","(8, 5)","[(0, 10), (0, 9), (0, 8), (1, 8), (1, 7), (1, 6), (2, 6), (2, 5), (3, 5), (4, 5), (5, 5), (6, 5), (7, 5), (8, 5)]",170,352,172,BFS,c2,h1,2
"(0, 10)","(8, 5)","[(0, 10), (1, 10), (2, 10), (3, 10), (3, 9), (4, 9), (5, 9), (6, 9), (7, 9), (7, 8), (7, 7), (7, 6), (7, 5), (8, 5)]",147,365,178,BFS,c3,h1,2
"(0, 10)","(8, 5)","[(0, 10), (0, 9), (0, 8), (0, 7), (1, 7), (2, 7), (3, 7), (3, 6), (3, 5), (4, 5), (5, 5), (6, 5), (7, 5), (8, 5)]",112,347,169,BFS,c4,h1,2
"(0, 10)","(8, 5)","[(0, 10), (0, 9), (1, 9), (1, 8), (1, 7), (1, 6), (1, 5), (2, 5), (3, 5), (4, 5), (5, 5), (6, 5), (7, 5), (8, 5)]",130,352,172,BFS,c1,h1,3
"(0, 10)","(8, 5)","[(0, 10), (1, 10), (2, 10), (2, 9), (3, 9), (3, 8), (4, 8), (5, 8), (6, 8), (7, 8), (8, 8), (8, 7), (8, 6), (8, 5)]",170,373,182,BFS,c2,h1,3
"(0, 10)","(8, 5)","[(0, 10), (1, 10), (1, 9), (1, 8), (2, 8), (2, 7), (2, 6), (3, 6), (4, 6), (4, 5), (5, 5), (6, 5), (7, 5), (8, 5)]",148,351,171,BFS,c3,h1,3
"(0, 10)","(8, 5)","[(0, 10), (0, 9), (1, 9), (2, 9), (2, 8), (2, 7), (2, 6), (2, 5), (3, 5), (4, 5), (5, 5), (6, 5), (7, 5), (8, 5)]",114,351,171,BFS,c4,h1,3
"(0, 10)","(8, 5)","[(0, 10), (0, 9), (0, 8), (0, 7), (0, 6), (0, 5), (1, 5), (2, 5), (3, 5), (4, 5), (5, 5), (6, 5), (7, 5), (8, 5)]",130,349,170,BFS,c1,h1,4
"(0, 10)","(8, 5)","[(0, 10), (0, 9), (0, 8), (1, 8), (1, 7), (2, 7), (3, 7), (3, 6), (4, 6), (5, 6), (5, 5), (6, 5), (7, 5), (8, 5)]",170,347,169,BFS,c2,h1,4
"(0, 10)","(8, 5)","[(0, 10), (0, 9), (0, 8), (1, 8), (2, 8), (3, 8), (4, 8), (4, 7), (5, 7), (5, 6), (5, 5), (6, 5), (7, 5), (8, 5)]",140,349,170,BFS,c3,h1,4
"(0, 10)","(8, 5)","[(0, 10), (0, 9), (0, 8), (1, 8), (2, 8), (3, 8), (3, 7), (3, 6), (4, 6), (4, 5), (5, 5), (6, 5), (7, 5), (8, 5)]",116,351,171,BFS,c4,h1,4
"(0, 10)","(8, 5)","[(0, 10), (0, 9), (0, 8), (0, 7), (1, 7), (2, 7), (2, 6), (3, 6), (4, 6), (5, 6), (5, 5), (6, 5), (7, 5), (8, 5)]",130,375,183,BFS,c1,h1,5
"(0, 10)","(8, 5)","[(0, 10), (0, 9), (1, 9), (2, 9), (3, 9), (4, 9), (4, 8), (4, 7), (5, 7), (6, 7), (6, 6), (7, 6), (8, 6), (8, 5)]",170,345,168,BFS,c2,h1,5
"(0, 10)","(8, 5)","[(0, 10), (1, 10), (1, 9), (2, 9), (2, 8), (3, 8), (3, 7), (3, 6), (4, 6), (4, 5), (5, 5), (6, 5), (7, 5), (8, 5)]",147,373,182,BFS,c3,h1,5
"(0, 10)","(8, 5)","[(0, 10), (1, 10), (2, 10), (3, 10), (3, 9), (4, 9), (4, 8), (4, 7), (5, 7), (5, 6), (6, 6), (6, 5), (7, 5), (8, 5)]",126,365,178,BFS,c4,h1,5
"(0, 10)","(8, 5)","[(0, 10), (0, 9), (1, 9), (1, 8), (1, 7), (2, 7), (3, 7), (3, 6), (4, 6), (4, 5), (5, 5), (6, 5), (7, 5), (8, 5)]",130,351,171,BFS,c1,h1,6
"(0, 10)","(8, 5)","[(0, 10), (1, 10), (2, 10), (2, 9), (2, 8), (3, 8), (3, 7), (3, 6), (4, 6), (4, 5), (5, 5), (6, 5), (7, 5), (8, 5)]",170,345,168,BFS,c2,h1,6
"(0, 10)","(8, 5)","[(0, 10), (1, 10), (1, 9), (1, 8), (1, 7), (2, 7), (3, 7), (3, 6), (4, 6), (4, 5), (5, 5), (6, 5), (7, 5), (8, 5)]",146,375,183,BFS,c3,h1,6
"(0, 10)","(8, 5)","[(0, 10), (0, 9), (1, 9), (2, 9), (3, 9), (4, 9), (4, 8), (4, 7), (4, 6), (4, 5), (5, 5), (6, 5), (7, 5), (8, 5)]",122,377,184,BFS,c4,h1,6
"(0, 10)","(8, 5)","[(0, 10), (0, 9), (0, 8), (1, 8), (1, 7), (2, 7), (3, 7), (4, 7), (5, 7), (5, 6), (6, 6), (7, 6), (7, 5), (8, 5)]",130,371,181,BFS,c1,h1,7
"(0, 10)","(8, 5)","[(0, 10), (1, 10), (2, 10), (2, 9), (3, 9), (3, 8), (3, 7), (3, 6), (4, 6), (5, 6), (5, 5), (6, 5), (7, 5), (8, 5)]",170,373,182,BFS,c2,h1,7
"(0, 10)","(8, 5)","[(0, 10), (1, 10), (1, 9), (1, 8), (1, 7), (2, 7), (2, 6), (2, 5), (3, 5), (4, 5), (5, 5), (6, 5), (7, 5), (8, 5)]",149,352,172,BFS,c3,h1,7
"(0, 10)","(8, 5)","[(0, 10), (1, 10), (2, 10), (2, 9), (2, 8), (2, 7), (2, 6), (3, 6), (3, 5), (4, 5), (5, 5), (6, 5), (7, 5), (8, 5)]",117,378,185,BFS,c4,h1,7
"(0, 10)","(8, 5)","[(0, 10), (0, 9), (1, 9), (2, 9), (3, 9), (3, 8), (4, 8), (5, 8), (6, 8), (6, 7), (7, 7), (7, 6), (8, 6), (8, 5)]",130,345,168,BFS,c1,h1,8
"(0, 10)","(8, 5)","[(0, 10), (0, 9), (1, 9), (2, 9), (2, 8), (2, 7), (2, 6), (3, 6), (3, 5), (4, 5), (5, 5), (6, 5), (7, 5), (8, 5)]",170,352,172,BFS,c2,h1,8
"(0, 10)","(8, 5)","[(0, 10), (1, 10), (2, 10), (2, 9), (3, 9), (3, 8), (4, 8), (4, 7), (5, 7), (5, 6), (6, 6), (7, 6), (7, 5), (8, 5)]",149,345,168,BFS,c3,h1,8
"(0, 10)","(8, 5)","[(0, 10), (0, 9), (0, 8), (0, 7), (1, 7), (1, 6), (1, 5), (2, 5), (3, 5), (4, 5), (5, 5), (6, 5), (7, 5), (8, 5)]",108,378,185,BFS,c4,h1,8
"(0, 10)","(8, 5)","[(0, 10), (1, 10), (2, 10), (3, 10), (4, 10), (5, 10), (6, 10), (7, 10), (7, 9), (8, 9), (8, 8), (8, 7), (8, 6), (8, 5)]",130,363,177,BFS,c1,h1,9
"(0, 10)","(8, 5)","[(0, 10), (0, 9), (0, 8), (1, 8), (1, 7), (2, 7), (2, 6), (3, 6), (3, 5), (4, 5), (5, 5), (6, 5), (7, 5), (8, 5)]",170,352,172,BFS,c2,h1,9
"(0, 10)","(8, 5)","[(0, 10), (0, 9), (0, 8), (0, 7), (0, 6), (1, 6), (2, 6), (2, 5), (3, 5), (4, 5), (5, 5), (6, 5), (7, 5), (8, 5)]",146,378,185,BFS,c3,h1,9
"(0, 10)","(8, 5)","[(0, 10), (1, 10), (1, 9), (2, 9), (3, 9), (3, 8), (3, 7), (4, 7), (5, 7), (5, 6), (5, 5), (6, 5), (7, 5), (8, 5)]",123,371,181,BFS,c4,h1,9
"(0, 10)","(8, 5)","[(0, 10), (0, 9), (1, 9), (1, 8), (1, 7), (2, 7), (2, 6), (3, 6), (3, 5), (4, 5), (5, 5), (6, 5), (7, 5), (8, 5)]",130,351,171,BFS,c1,h1,10
"(0, 10)","(8, 5)","[(0, 10), (1, 10), (2, 10), (3, 10), (4, 10), (4, 9), (4, 8), (4, 7), (4, 6), (5, 6), (5, 5), (6, 5), (7, 5), (8, 5)]",170,371,181,BFS,c2,h1,10
"(0, 10)","(8, 5)","[(0, 10), (0, 9), (0, 8), (0, 7), (0, 6), (0, 5), (1, 5), (2, 5), (3, 5), (4, 5), (5, 5), (6, 5), (7, 5), (8, 5)]",148,352,172,BFS,c3,h1,10
"(0, 10)","(8, 5)","[(0, 10), (0, 9), (1, 9), (1, 8), (1, 7), (2, 7), (3, 7), (3, 6), (4, 6), (5, 6), (6, 6), (7, 6), (8, 6), (8, 5)]",113,369,180,BFS,c4,h1,10
"(0, 10)","(8, 5)","[(0, 10), (0, 9), (1, 9), (1, 8), (2, 8), (2, 7), (3, 7), (3, 6), (3, 5), (4, 5), (5, 5), (6, 5), (7, 5), (8, 5)]",130,377,184,BFS,c1,h1,11
"(0, 10)","(8, 5)","[(0, 10), (1, 10), (1, 9), (1, 8), (1, 7), (2, 7), (3, 7), (4, 7), (4, 6), (5, 6), (6, 6), (7, 6), (8, 6), (8, 5)]",170,345,168,BFS,c2,h1,11
"(0, 10)","(8, 5)","[(0, 10), (1, 10), (2, 10), (3, 10), (3, 9), (4, 9), (4, 8), (5, 8), (6, 8), (7, 8), (7, 7), (8, 7), (8, 6), (8, 5)]",148,367,179,BFS,c3,h1,11
"(0, 10)","(8, 5)","[(0, 10), (0, 9), (0, 8), (1, 8), (1, 7), (2, 7), (3, 7), (3, 6), (4, 6), (5, 6), (6, 6), (7, 6), (8, 6), (8, 5)]",112,343,167,BFS,c4,h1,11
"(0, 10)","(8, 5)","[(0, 10), (1, 10), (2, 10), (2, 9), (3, 9), (3, 8), (3, 7), (4, 7), (5, 7), (5, 6), (5, 5), (6, 5), (7, 5), (8, 5)]",130,375,183,BFS,c1,h1,12
"(0, 10)","(8, 5)","[(0, 10), (1, 10), (1, 9), (1, 8), (1, 7), (2, 7), (3, 7), (3, 6), (4, 6), (4, 5), (5, 5), (6, 5), (7, 5), (8, 5)]",170,345,168,BFS,c2,h1,12
"(0, 10)","(8, 5)","[(0, 10), (1, 10), (2, 10), (3, 10), (4, 10), (5, 10), (5, 9), (5, 8), (5, 7), (6, 7), (7, 7), (8, 7), (8, 6), (8, 5)]",149,365,178,BFS,c3,h1,12
"(0, 10)","(8, 5)","[(0, 10), (0, 9), (0, 8), (0, 7), (0, 6), (1, 6), (2, 6), (2, 5), (3, 5), (4, 5), (5, 5), (6, 5), (7, 5), (8, 5)]",108,347,169,BFS,c4,h1,12
"(0, 10)","(8, 5)","[(0, 10), (1, 10), (1, 9), (2, 9), (2, 8), (2, 7), (3, 7), (3, 6), (4, 6), (4, 5), (5, 5), (6, 5), (7, 5), (8, 5)]",130,349,170,BFS,c1,h1,13
"(0, 10)","(8, 5)","[(0, 10), (1, 10), (2, 10), (2, 9), (2, 8), (2, 7), (3, 7), (4, 7), (4, 6), (4, 5), (5, 5), (6, 5), (7, 5), (8, 5)]",170,375,183,BFS,c2,h1,13
"(0, 10)","(8, 5)","[(0, 10), (0, 9), (0, 8), (1, 8), (2, 8), (2, 7), (3, 7), (3, 6), (4, 6), (5, 6), (5, 5), (6, 5), (7, 5), (8, 5)]",144,375,183,BFS,c3,h1,13
"(0, 10)","(8, 5)","[(0, 10), (0, 9), (0, 8), (1, 8), (1, 7), (1, 6), (1, 5), (2, 5), (3, 5), (4, 5), (5, 5), (6, 5), (7, 5), (8, 5)]",109,352,172,BFS,c4,h1,13
"(0, 10)","(8, 5)","[(0, 10), (0, 9), (0, 8), (1, 8), (1, 7), (1, 6), (1, 5), (2, 5), (3, 5), (4, 5), (5, 5), (6, 5), (7, 5), (8, 5)]",130,343,167,BFS,c1,h1,14
"(0, 10)","(8, 5)","[(0, 10), (0, 9), (0, 8), (1, 8), (1, 7), (2, 7), (3, 7), (3, 6), (3, 5), (4, 5), (5, 5), (6, 5), (7, 5), (8, 5)]",170,369,180,BFS,c2,h1,14
"(0, 10)","(8, 5)","[(0, 10), (1, 10), (2, 10), (2, 9), (2, 8), (2, 7), (3, 7), (3, 6), (4, 6), (4, 5), (5, 5), (6, 5), (7, 5), (8, 5)]",149,369,180,BFS,c3,h1,14
"(0, 10)","(8, 5)","[(0, 10), (0, 9), (0, 8), (1, 8), (2, 8), (2, 7), (2, 6), (2, 5), (3, 5), (4, 5), (5, 5), (6, 5), (7, 5), (8, 5)]",112,369,180,BFS,c4,h1,14
"(0, 10)","(8, 5)","[(0, 10), (0, 9), (1, 9), (2, 9), (3, 9), (4, 9), (5, 9), (6, 9), (7, 9), (7, 8), (7, 7), (7, 6), (8, 6), (8, 5)]",130,371,181,BFS,c1,h1,15
"(0, 10)","(8, 5)","[(0, 10), (1, 10), (1, 9), (2, 9), (3, 9), (3, 8), (4, 8), (4, 7), (5, 7), (6, 7), (6, 6), (6, 5), (7, 5), (8, 5)]",170,369,180,BFS,c2,h1,15
"(0, 10)","(8, 5)","[(0, 10), (1, 10), (1, 9), (2, 9), (2, 8), (3, 8), (3, 7), (4, 7), (5, 7), (5, 6), (5, 5), (6, 5), (7, 5), (8, 5)]",144,349,170,BFS,c3,h1,15
"(0, 10)","(8, 5)","[(0, 10), (0, 9), (1, 9), (1, 8), (1, 7), (1, 6), (1, 5), (2, 5), (3, 5), (4, 5), (5, 5), (6, 5), (7, 5), (8, 5)]",110,378,185,BFS,c4,h1,15
"(0, 10)","(8, 5)","[(0, 10), (1, 10), (1, 9), (2, 9), (3, 9), (3, 8), (4, 8), (4, 7), (5, 7), (5, 6), (5, 5), (6, 5), (7, 5), (8, 5)]",130,373,182,BFS,c1,h1,16
"(0, 10)","(8, 5)","[(0, 10), (1, 10), (2, 10), (3, 10), (3, 9), (3, 8), (4, 8), (4, 7), (5, 7), (5, 6), (5, 5), (6, 5), (7, 5), (8, 5)]",170,345,168,BFS,c2,h1,16
"(0, 10)","(8, 5)","[(0, 10), (1, 10), (2, 10), (2, 9), (3, 9), (3, 8), (4, 8), (5, 8), (5, 7), (6, 7), (7, 7), (8, 7), (8, 6), (8, 5)]",150,371,181,BFS,c3,h1,16
"(0, 10)","(8, 5)","[(0, 10), (1, 10), (1, 9), (2, 9), (2, 8), (3, 8), (4, 8), (4, 7), (5, 7), (6, 7), (7, 7), (8, 7), (8, 6), (8, 5)]",119,369,180,BFS,c4,h1,16
"(0, 10)","(8, 5)","[(0, 10), (1, 10), (1, 9), (2, 9), (3, 9), (4, 9), (5, 9), (6, 9), (6, 8), (7, 8), (8, 8), (8, 7), (8, 6), (8, 5)]",130,349,170,BFS,c1,h1,17
"(0, 10)","(8, 5)","[(0, 10), (1, 10), (1, 9), (2, 9), (3, 9), (3, 8), (4, 8), (4, 7), (4, 6), (5, 6), (6, 6), (7, 6), (7, 5), (8, 5)]",170,345,168,BFS,c2,h1,17
"(0, 10)","(8, 5)","[(0, 10), (0, 9), (1, 9), (2, 9), (2, 8), (2, 7), (2, 6), (2, 5), (3, 5), (4, 5), (5, 5), (6, 5), (7, 5), (8, 5)]",150,352,172,BFS,c3,h1,17
"(0, 10)","(8, 5)","[(0, 10), (0, 9), (0, 8), (0, 7), (1, 7), (1, 6), (2, 6), (3, 6), (4, 6), (4, 5), (5, 5), (6, 5), (7, 5), (8, 5)]",111,377,184,BFS,c4,h1,17
"(0, 10)","(8, 5)","[(0, 10), (1, 10), (2, 10), (2, 9), (3, 9), (4, 9), (5, 9), (5, 8), (5, 7), (6, 7), (6, 6), (7, 6), (7, 5), (8, 5)]",130,343,167,BFS,c1,h1,18
"(0, 10)","(8, 5)","[(0, 10), (0, 9), (1, 9), (1, 8), (2, 8), (2, 7), (3, 7), (3, 6), (3, 5), (4, 5), (5, 5), (6, 5), (7, 5), (8, 5)]",170,378,185,BFS,c2,h1,18
"(0, 10)","(8, 5)","[(0, 10), (0, 9), (0, 8), (1, 8), (1, 7), (1, 6), (1, 5), (2, 5), (3, 5), (4, 5), (5, 5), (6, 5), (7, 5), (8, 5)]",149,352,172,BFS,c3,h1,18
"(0, 10)","(8, 5)","[(0, 10), (0, 9), (1, 9), (1, 8), (2, 8), (2, 7), (3, 7), (4, 7), (4, 6), (5, 6), (6, 6), (7, 6), (8, 6), (8, 5)]",115,371,181,BFS,c4,h1,18
"(0, 10)","(8, 5)","[(0, 10), (0, 9), (0, 8), (1, 8), (2, 8), (2, 7), (3, 7), (4, 7), (4, 6), (4, 5), (5, 5), (6, 5), (7, 5), (8, 5)]",130,375,183,BFS,c1,h1,19
"(0, 10)","(8, 5)","[(0, 10), (0, 9), (1, 9), (1, 8), (1, 7), (1, 6), (2, 6), (2, 5), (3, 5), (4, 5), (5, 5), (6, 5), (7, 5), (8, 5)]",170,378,185,BFS,c2,h1,19
"(0, 10)","(8, 5)","[(0, 10), (1, 10), (2, 10), (3, 10), (4, 10), (5, 10), (5, 9), (5, 8), (6, 8), (6, 7), (7, 7), (8, 7), (8, 6), (8, 5)]",148,369,180,BFS,c3,h1,19
"(0, 10)","(8, 5)","[(0, 10), (1, 10), (1, 9), (2, 9), (2, 8), (2, 7), (3, 7), (3, 6), (3, 5), (4, 5), (5, 5), (6, 5), (7, 5), (8, 5)]",117,351,171,BFS,c4,h1,19
"(0, 10)","(8, 5)","[(0, 10), (1, 10), (1, 9), (2, 9), (3, 9), (3, 8), (4, 8), (4, 7), (5, 7), (6, 7), (6, 6), (7, 6), (8, 6), (8, 5)]",130,345,168,BFS,c1,h1,20
"(0, 10)","(8, 5)","[(0, 10), (1, 10), (2, 10), (2, 9), (2, 8), (2, 7), (2, 6), (2, 5), (3, 5), (4, 5), (5, 5), (6, 5), (7, 5), (8, 5)]",170,369,180,BFS,c2,h1,20
"(0, 10)","(8, 5)","[(0, 10), (1, 10), (1, 9), (1, 8), (1, 7), (1, 6), (2, 6), (3, 6), (4, 6), (4, 5), (5, 5), (6, 5), (7, 5), (8, 5)]",148,351,171,BFS,c3,h1,20
"(0, 10)","(8, 5)","[(0, 10), (1, 10), (1, 9), (2, 9), (3, 9), (4, 9), (4, 8), (4, 7), (4, 6), (4, 5), (5, 5), (6, 5), (7, 5), (8, 5)]",123,369,180,BFS,c4,h1,20
"(4, 25)","(29, 18)","[(4, 25), (5, 25), (5, 24), (6, 24), (7, 24), (8, 24), (9, 24), (9, 23), (9, 22), (9, 21), (10, 21), (10, 20), (11, 20), (12, 20), (13, 20), (13, 19), (13, 18), (14, 18), (15, 18), (16, 18), (17, 18), (18, 18), (19, 18), (20, 18), (21, 18), (22, 18), (23, 18), (24, 18), (25, 18), (26, 18), (27, 18), (28, 18), (29, 18)]",320,1509,766,BFS,c1,h1,1
"(4, 25)","(29, 18)","[(4, 25), (4, 24), (4, 23), (4, 22), (4, 21), (5, 21), (6, 21), (7, 21), (7, 20), (8, 20), (8, 19), (9, 19), (9, 18), (10, 18), (11, 18), (12, 18), (13, 18), (14, 18), (15, 18), (16, 18), (17, 18), (18, 18), (19, 18), (20, 18), (21, 18), (22, 18), (23, 18), (24, 18), (25, 18), (26, 18), (27, 18), (28, 18), (29, 18)]",445,1516,770,BFS,c2,h1,1
"(4, 25)","(29, 18)","[(4, 25), (5, 25), (5, 24), (6, 24), (6, 23), (6, 22), (7, 22), (8, 22), (8, 21), (8, 20), (9, 20), (9, 19), (9, 18), (10, 18), (11, 18), (12, 18), (13, 18), (14, 18), (15, 18), (16, 18), (17, 18), (18, 18), (19, 18), (20, 18), (21, 18), (22, 18), (23, 18), (24, 18), (25, 18), (26, 18), (27, 18), (28, 18), (29, 18)]",384,1516,770,BFS,c3,h1,1
"(4, 25)","(29, 18)","[(4, 25), (4, 24), (4, 23), (4, 22), (4, 21), (5, 21), (6, 21), (7, 21), (7, 20), (7, 19), (7, 18), (8, 18), (9, 18), (10, 18), (11, 18), (12, 18), (13, 18), (14, 18), (15, 18), (16, 18), (17, 18), (18, 18), (19, 18), (20, 18), (21, 18), (22, 18), (23, 18), (24, 18), (25, 18), (26, 18), (27, 18), (28, 18), (29, 18)]",317,1516,770,BFS,c4,h1,1
"(4, 25)","(29, 18)","[(4, 25), (4, 24), (4, 23), (5, 23), (5, 22), (6, 22), (6, 21), (6, 20), (7, 20), (8, 20), (8, 19), (8, 18), (9, 18), (10, 18), (11, 18), (12, 18), (13, 18), (14, 18), (15, 18), (16, 18), (17, 18), (18, 18), (19, 18), (20, 18), (21, 18), (22, 18), (23, 18), (24, 18), (25, 18), (26, 18), (27, 18), (28, 18), (29, 18)]",320,1516,770,BFS,c1,h1,2
"(4, 25)","(29, 18)","[(4, 25), (4, 24), (5, 24), (6, 24), (6, 23), (6, 22), (6, 21), (7, 21), (8, 21), (9, 21), (9, 20), (10, 20), (11, 20), (12, 20), (12, 19), (13, 19), (13, 18), (14, 18), (15, 18), (16, 18), (17, 18), (18, 18), (19, 18), (20, 18), (21, 18), (22, 18), (23, 18), (24, 18), (25, 18), (26, 18), (27, 18), (28, 18), (29, 18)]",445,1513,768,BFS,c2,h1,2
"(4, 25)","(29, 18)","[(4, 25), (5, 25), (6, 25), (7, 25), (7, 24), (8, 24), (9, 24), (10, 24), (10, 23), (10, 22), (11, 22), (12, 22), (12, 21), (13, 21), (14, 21), (14, 20), (15, 20), (15, 19), (15, 18), (16, 18), (17, 18), (18, 18), (19, 18), (20, 18), (21, 18), (22, 18), (23, 18), (24, 18), (25, 18), (26, 18), (27, 18), (28, 18), (29, 18)]",382,1505,764,BFS,c3,h1,2
"(4, 25)","(29, 18)","[(4, 25), (4, 24), (5, 24), (5, 23), (6, 23), (6, 22), (6, 21), (7, 21), (8, 21), (9, 21), (9, 20), (10, 20), (10, 19), (11, 19), (11, 18), (12, 18), (13, 18), (14, 18), (15, 18), (16, 18), (17, 18), (18, 18), (19, 18), (20, 18), (21, 18), (22, 18), (23, 18), (24, 18), (25, 18), (26, 18), (27, 18), (28, 18), (29, 18)]",319,1511,767,BFS,c4,h1,2
"(4, 25)","(29, 18)","[(4, 25), (4, 24), (4, 23), (5, 23), (5, 22), (6, 22), (7, 22), (7, 21), (8, 21), (9, 21), (9, 20), (9, 19), (10, 19), (11, 19), (12, 19), (12, 18), (13, 18), (14, 18), (15, 18), (16, 18), (17, 18), (18, 18), (19, 18), (20, 18), (21, 18), (22, 18), (23, 18), (24, 18), (25, 18), (26, 18), (27, 18), (28, 18), (29, 18)]",320,1511,767,BFS,c1,h1,3
"(4, 25)","(29, 18)","[(4, 25), (5, 25), (5, 24), (6, 24), (7, 24), (7, 23), (7, 22), (8, 22), (8, 21), (8, 20), (9, 20), (10, 20), (10, 19), (10, 18), (11, 18), (12, 18), (13, 18), (14, 18), (15, 18), (16, 18), (17, 18), (18, 18), (19, 18), (20, 18), (21, 18), (22, 18), (23, 18), (24, 18), (25, 18), (26, 18), (27, 18), (28, 18), (29, 18)]",445,1516,770,BFS,c2,h1,3
"(4, 25)","(29, 18)","[(4, 25), (5, 25), (6, 25), (6, 24), (7, 24), (8, 24), (8, 23), (9, 23), (9, 22), (9, 21), (9, 20), (10, 20), (11, 20), (11, 19), (12, 19), (12, 18), (13, 18), (14, 18), (15, 18), (16, 18), (17, 18), (18, 18), (19, 18), (20, 18), (21, 18), (22, 18), (23, 18), (24, 18), (25, 18), (26, 18), (27, 18), (28, 18), (29, 18)]",375,1515,769,BFS,c3,h1,3
"(4, 25)","(29, 18)","[(4, 25), (4, 24), (4, 23), (4, 22), (5, 22), (6, 22), (6, 21), (6, 20), (6, 19), (6, 18), (7, 18), (8, 18), (9, 18), (10, 18), (11, 18), (12, 18), (13, 18), (14, 18), (15, 18), (16, 18), (17, 18), (18, 18), (19, 18), (20, 18), (21, 18), (22, 18), (23, 18), (24, 18), (25, 18), (26, 18), (27, 18), (28, 18), (29, 18)]",316,1516,770,BFS,c4,h1,3
"(4, 25)","(29, 18)","[(4, 25), (4, 24), (5, 24), (5, 23), (5, 22), (6, 22), (6, 21), (7, 21), (8, 21), (9, 21), (10, 21), (11, 21), (11, 20), (11, 19), (11, 18), (12, 18), (13, 18), (14, 18), (15, 18), (16, 18), (17, 18), (18, 18), (19, 18), (20, 18), (21, 18), (22, 18), (23, 18), (24, 18), (25, 18), (26, 18), (27, 18), (28, 18), (29, 18)]",320,1515,769,BFS,c1,h1,4
"(4, 25)","(29, 18)","[(4, 25), (4, 24), (4, 23), (4, 22), (5, 22), (6, 22), (6, 21), (6, 20), (7, 20), (8, 20), (8, 19), (8, 18), (9, 18), (10, 18), (11, 18), (12, 18), (13, 18), (14, 18), (15, 18), (16, 18), (17, 18), (18, 18), (19, 18), (20, 18), (21, 18), (22, 18), (23, 18), (24, 18), (25, 18), (26, 18), (27, 18), (28, 18), (29, 18)]",445,1516,770,BFS,c2,h1,4
"(4, 25)","(29, 18)","[(4, 25), (5, 25), (5, 24), (6, 24), (6, 23), (6, 22), (6, 21), (7, 21), (8, 21), (8, 20), (8, 19), (9, 19), (9, 18), (10, 18), (11, 18), (12, 18), (13, 18), (14, 18), (15, 18), (16, 18), (17, 18), (18, 18), (19, 18), (20, 18), (21, 18), (22, 18), (23, 18), (24, 18), (25, 18), (26, 18), (27, 18), (28, 18), (29, 18)]",381,1511,767,BFS,c3,h1,4
"(4, 25)","(29, 18)","[(4, 25), (5, 25), (6, 25), (7, 25), (8, 25), (8, 24), (9, 24), (9, 23), (10, 23), (11, 23), (12, 23), (13, 23), (13, 22), (14, 22), (15, 22), (15, 21), (15, 20), (15, 19), (15, 18), (16, 18), (17, 18), (18, 18), (19, 18), (20, 18), (21, 18), (22, 18), (23, 18), (24, 18), (25, 18), (26, 18), (27, 18), (28, 18), (29, 18)]",314,1507,765,BFS,c4,h1,4
"(4, 25)","(29, 18)","[(4, 25), (4, 24), (5, 24), (5, 23), (5, 22), (6, 22), (7, 22), (7, 21), (8, 21), (9, 21), (10, 21), (10, 20), (10, 19), (11, 19), (11, 18), (12, 18), (13, 18), (14, 18), (15, 18), (16, 18), (17, 18), (18, 18), (19, 18), (20, 18), (21, 18), (22, 18), (23, 18), (24, 18), (25, 18), (26, 18), (27, 18), (28, 18), (29, 18)]",320,1513,768,BFS,c1,h1,5
"(4, 25)","(29, 18)","[(4, 25), (5, 25), (5, 24), (5, 23), (5, 22), (6, 22), (6, 21), (6, 20), (7, 20), (7, 19), (7, 18), (8, 18), (9, 18), (10, 18), (11, 18), (12, 18), (13, 18), (14, 18), (15, 18), (16, 18), (17, 18), (18, 18), (19, 18), (20, 18), (21, 18), (22, 18), (23, 18), (24, 18), (25, 18), (26, 18), (27, 18), (28, 18), (29, 18)]",445,1516,770,BFS,c2,h1,5
"(4, 25)","(29, 18)","[(4, 25), (4, 24), (5, 24), (6, 24), (6, 23), (6, 22), (7, 22), (8, 22), (9, 22), (9, 21), (10, 21), (11, 21), (11, 20), (12, 20), (12, 19), (12, 18), (13, 18), (14, 18), (15, 18), (16, 18), (17, 18), (18, 18), (19, 18), (20, 18), (21, 18), (22, 18), (23, 18), (24, 18), (25, 18), (26, 18), (27, 18), (28, 18), (29, 18)]",379,1515,769,BFS,c3,h1,5
"(4, 25)","(29, 18)","[(4, 25), (4, 24), (5, 24), (6, 24), (6, 23), (7, 23), (7, 22), (7, 21), (8, 21), (8, 20), (8, 19), (8, 18), (9, 18), (10, 18), (11, 18), (12, 18), (13, 18), (14, 18), (15, 18), (16, 18), (17, 18), (18, 18), (19, 18), (20, 18), (21, 18), (22, 18), (23, 18), (24, 18), (25, 18), (26, 18), (27, 18), (28, 18), (29, 18)]",326,1516,770,BFS,c4,h1,5
"(4, 25)","(29, 18)","[(4, 25), (5, 25), (6, 25), (6, 24), (7, 24), (8, 24), (8, 23), (9, 23), (10, 23), (10, 22), (10, 21), (11, 21), (12, 21), (12, 20), (12, 19), (12, 18), (13, 18), (14, 18), (15, 18), (16, 18), (17, 18), (18, 18), (19, 18), (20, 18), (21, 18), (22, 18), (23, 18), (24, 18), (25, 18), (26, 18), (27, 18), (28, 18), (29, 18)]",320,1513,768,BFS,c1,h1,6
"(4, 25)","(29, 18)","[(4, 25), (4, 24), (4, 23), (4, 22), (4, 21), (5, 21), (5, 20), (5, 19), (6, 19), (6, 18), (7, 18), (8, 18), (9, 18), (10, 18), (11, 18), (12, 18), (13, 18), (14, 18), (15, 18), (16, 18), (17, 18), (18, 18), (19, 18), (20, 18), (21, 18), (22, 18), (23, 18), (24, 18), (25, 18), (26, 18), (27, 18), (28, 18), (29, 18)]",445,1516,770,BFS,c2,h1,6
"(4, 25)","(29, 18)","[(4, 25), (5, 25), (5, 24), (5, 23), (6, 23), (7, 23), (8, 23), (9, 23), (10, 23), (10, 22), (10, 21), (11, 21), (11, 20), (11, 19), (11, 18), (12, 18), (13, 18), (14, 18), (15, 18), (16, 18), (17, 18), (18, 18), (19, 18), (20, 18), (21, 18), (22, 18), (23, 18), (24, 18), (25, 18), (26, 18), (27, 18), (28, 18), (29, 18)]",376,1516,770,BFS,c3,h1,6
"(4, 25)","(29, 18)","[(4, 25), (5, 25), (5, 24), (5, 23), (5, 22), (6, 22), (7, 22), (8, 22), (8, 21), (8, 20), (9, 20), (10, 20), (11, 20), (11, 19), (11, 18), (12, 18), (13, 18), (14, 18), (15, 18), (16, 18), (17, 18), (18, 18), (19, 18), (20, 18), (21, 18), (22, 18), (23, 18), (24, 18), (25, 18), (26, 18), (27, 18), (28, 18), (29, 18)]",319,1513,768,BFS,c4,h1,6
"(4, 25)","(29, 18)","[(4, 25), (5, 25), (6, 25), (6, 24), (6, 23), (7, 23), (7, 22), (7, 21), (7, 20), (7, 19), (8, 19), (8, 18), (9, 18), (10, 18), (11, 18), (12, 18), (13, 18), (14, 18), (15, 18), (16, 18), (17, 18), (18, 18), (19, 18), (20, 18), (21, 18), (22, 18), (23, 18), (24, 18), (25, 18), (26, 18), (27, 18), (28, 18), (29, 18)]",320,1516,770,BFS,c1,h1,7
"(4, 25)","(29, 18)","[(4, 25), (4, 24), (5, 24), (6, 24), (7, 24), (8, 24), (8, 23), (9, 23), (9, 22), (10, 22), (10, 21), (11, 21), (11, 20), (11, 19), (12, 19), (12, 18), (13, 18), (14, 18), (15, 18), (16, 18), (17, 18), (18, 18), (19, 18), (20, 18), (21, 18), (22, 18), (23, 18), (24, 18), (25, 18), (26, 18), (27, 18), (28, 18), (29, 18)]",445,1515,769,BFS,c2,h1,7
"(4, 25)","(29, 18)","[(4, 25), (5, 25), (6, 25), (6, 24), (7, 24), (8, 24), (8, 23), (9, 23), (10, 23), (10, 22), (10, 21), (10, 20), (10, 19), (10, 18), (11, 18), (12, 18), (13, 18), (14, 18), (15, 18), (16, 18), (17, 18), (18, 18), (19, 18), (20, 18), (21, 18), (22, 18), (23, 18), (24, 18), (25, 18), (26, 18), (27, 18), (28, 18), (29, 18)]",381,1516,770,BFS,c3,h1,7
"(4, 25)","(29, 18)","[(4, 25), (5, 25), (5, 24), (6, 24), (6, 23), (7, 23), (8, 23), (9, 23), (10, 23), (11, 23), (12, 23), (12, 22), (13, 22), (14, 22), (14, 21), (14, 20), (15, 20), (15, 19), (16, 19), (17, 19), (17, 18), (18, 18), (19, 18), (20, 18), (21, 18), (22, 18), (23, 18), (24, 18), (25, 18), (26, 18), (27, 18), (28, 18), (29, 18)]",309,1491,757,BFS,c4,h1,7
"(4, 25)","(29, 18)","[(4, 25), (5, 25), (5, 24), (6, 24), (7, 24), (7, 23), (7, 22), (7, 21), (8, 21), (8, 20), (9, 20), (9, 19), (9, 18), (10, 18), (11, 18), (12, 18), (13, 18), (14, 18), (15, 18), (16, 18), (17, 18), (18, 18), (19, 18), (20, 18), (21, 18), (22, 18), (23, 18), (24, 18), (25, 18), (26, 18), (27, 18), (28, 18), (29, 18)]",320,1516,770,BFS,c1,h1,8
"(4, 25)","(29, 18)","[(4, 25), (4, 24), (4, 23), (4, 22), (4, 21), (5, 21), (6, 21), (6, 20), (6, 19), (6, 18), (7, 18), (8, 18), (9, 18), (10, 18), (11, 18), (12, 18), (13, 18), (14, 18), (15, 18), (16, 18), (17, 18), (18, 18), (19, 18), (20, 18), (21, 18), (22, 18), (23, 18), (24, 18), (25, 18), (26, 18), (27, 18), (28, 18), (29, 18)]",445,1516,770,BFS,c2,h1,8
"(4, 25)","(29, 18)","[(4, 25), (4, 24), (5, 24), (5, 23), (6, 23), (6, 22), (7, 22), (7, 21), (8, 21), (8, 20), (9, 20), (10, 20), (11, 20), (11, 19), (12, 19), (13, 19), (14, 19), (14, 18), (15, 18), (16, 18), (17, 18), (18, 18), (19, 18), (20, 18), (21, 18), (22, 18), (23, 18), (24, 18), (25, 18), (26, 18), (27, 18), (28, 18), (29, 18)]",382,1511,767,BFS,c3,h1,8
"(4, 25)","(29, 18)","[(4, 25), (4, 24), (4, 23), (4, 22), (4, 21), (4, 20), (4, 19), (4, 18), (5, 18), (6, 18), (7, 18), (8, 18), (9, 18), (10, 18), (11, 18), (12, 18), (13, 18), (14, 18), (15, 18), (16, 18), (17, 18), (18, 18), (19, 18), (20, 18), (21, 18), (22, 18), (23, 18), (24, 18), (25, 18), (26, 18), (27, 18), (28, 18), (29, 18)]",308,1516,770,BFS,c4,h1,8
"(4, 25)","(29, 18)","[(4, 25), (4, 24), (5, 24), (5, 23), (6, 23), (7, 23), (8, 23), (8, 22), (8, 21), (9, 21), (10, 21), (11, 21), (12, 21), (12, 20), (12, 19), (13, 19), (14, 19), (15, 19), (15, 18), (16, 18), (17, 18), (18, 18), (19, 18), (20, 18), (21, 18), (22, 18), (23, 18), (24, 18), (25, 18), (26, 18), (27, 18), (28, 18), (29, 18)]",320,1509,766,BFS,c1,h1,9
"(4, 25)","(29, 18)","[(4, 25), (5, 25), (6, 25), (6, 24), (6, 23), (6, 22), (7, 22), (7, 21), (8, 21), (9, 21), (10, 21), (10, 20), (10, 19), (10, 18), (11, 18), (12, 18), (13, 18), (14, 18), (15, 18), (16, 18), (17, 18), (18, 18), (19, 18), (20, 18), (21, 18), (22, 18), (23, 18), (24, 18), (25, 18), (26, 18), (27, 18), (28, 18), (29, 18)]",445,1516,770,BFS,c2,h1,9
"(4, 25)","(29, 18)","[(4, 25), (5, 25), (5, 24), (5, 23), (6, 23), (6, 22), (7, 22), (7, 21), (7, 20), (7, 19), (7, 18), (8, 18), (9, 18), (10, 18), (11, 18), (12, 18), (13, 18), (14, 18), (15, 18), (16, 18), (17, 18), (18, 18), (19, 18), (20, 18), (21, 18), (22, 18), (23, 18), (24, 18), (25, 18), (26, 18), (27, 18), (28, 18), (29, 18)]",377,1516,770,BFS,c3,h1,9
"(4, 25)","(29, 18)","[(4, 25), (4, 24), (4, 23), (4, 22), (4, 21), (5, 21), (6, 21), (7, 21), (7, 20), (7, 19), (8, 19), (9, 19), (10, 19), (11, 19), (12, 19), (13, 19), (14, 19), (15, 19), (15, 18), (16, 18), (17, 18), (18, 18), (19, 18), (20, 18), (21, 18), (22, 18), (23, 18), (24, 18), (25, 18), (26, 18), (27, 18), (28, 18), (29, 18)]",309,1509,766,BFS,c4,h1,9
"(4, 25)","(29, 18)","[(4, 25), (5, 25), (6, 25), (7, 25), (7, 24), (8, 24), (9, 24), (9, 23), (9, 22), (10, 22), (11, 22), (11, 21), (12, 21), (12, 20), (12, 19), (12, 18), (13, 18), (14, 18), (15, 18), (16, 18), (17, 18), (18, 18), (19, 18), (20, 18), (21, 18), (22, 18), (23, 18), (24, 18), (25, 18), (26, 18), (27, 18), (28, 18), (29, 18)]",320,1509,766,BFS,c1,h1,10
"(4, 25)","(29, 18)","[(4, 25), (4, 24), (5, 24), (5, 23), (6, 23), (6, 22), (6, 21), (6, 20), (7, 20), (8, 20), (9, 20), (10, 20), (11, 20), (12, 20), (13, 20), (13, 19), (14, 19), (15, 19), (15, 18), (16, 18), (17, 18), (18, 18), (19, 18), (20, 18), (21, 18), (22, 18), (23, 18), (24, 18), (25, 18), (26, 18), (27, 18), (28, 18), (29, 18)]",445,1509,766,BFS,c2,h1,10
"(4, 25)","(29, 18)","[(4, 25), (5, 25), (5, 24), (5, 23), (6, 23), (7, 23), (8, 23), (9, 23), (9, 22), (9, 21), (9, 20), (10, 20), (11, 20), (11, 19), (11, 18), (12, 18), (13, 18), (14, 18), (15, 18), (16, 18), (17, 18), (18, 18), (19, 18), (20, 18), (21, 18), (22, 18), (23, 18), (24, 18), (25, 18), (26, 18), (27, 18), (28, 18), (29, 18)]",374,1515,769,BFS,c3,h1,10
"(4, 25)","(29, 18)","[(4, 25), (5, 25), (5, 24), (5, 23), (5, 22), (6, 22), (6, 21), (7, 21), (8, 21), (9, 21), (10, 21), (10, 20), (10, 19), (10, 18), (11, 18), (12, 18), (13, 18), (14, 18), (15, 18), (16, 18), (17, 18), (18, 18), (19, 18), (20, 18), (21, 18), (22, 18), (23, 18), (24, 18), (25, 18), (26, 18), (27, 18), (28, 18), (29, 18)]",319,1516,770,BFS,c4,h1,10
"(4, 25)","(29, 18)","[(4, 25), (4, 24), (4, 23), (4, 22), (5, 22), (5, 21), (6, 21), (7, 21), (8, 21), (8, 20), (8, 19), (9, 19), (9, 18), (10, 18), (11, 18), (12, 18), (13, 18), (14, 18), (15, 18), (16, 18), (17, 18), (18, 18), (19, 18), (20, 18), (21, 18), (22, 18), (23, 18), (24, 18), (25, 18), (26, 18), (27, 18), (28, 18), (29, 18)]",320,1516,770,BFS,c1,h1,11
"(4, 25)","(29, 18)","[(4, 25), (4, 24), (4, 23), (4, 22), (5, 22), (5, 21), (6, 21), (6, 20), (7, 20), (8, 20), (9, 20), (10, 20), (11, 20), (11, 19), (11, 18), (12, 18), (13, 18), (14, 18), (15, 18), (16, 18), (17, 18), (18, 18), (19, 18), (20, 18), (21, 18), (22, 18), (23, 18), (24, 18), (25, 18), (26, 18), (27, 18), (28, 18), (29, 18)]",445,1513,768,BFS,c2,h1,11
"(4, 25)","(29, 18)","[(4, 25), (5, 25), (6, 25), (7, 25), (7, 24), (7, 23), (7, 22), (7, 21), (8, 21), (9, 21), (10, 21), (10, 20), (10, 19), (11, 19), (12, 19), (13, 19), (14, 19), (15, 19), (15, 18), (16, 18), (17, 18), (18, 18), (19, 18), (20, 18), (21, 18), (22, 18), (23, 18), (24, 18), (25, 18), (26, 18), (27, 18), (28, 18), (29, 18)]",390,1503,763,BFS,c3,h1,11
"(4, 25)","(29, 18)","[(4, 25), (5, 25), (5, 24), (5, 23), (6, 23), (7, 23), (8, 23), (8, 22), (9, 22), (10, 22), (11, 22), (12, 22), (12, 21), (13, 21), (13, 20), (14, 20), (15, 20), (15, 19), (15, 18), (16, 18), (17, 18), (18, 18), (19, 18), (20, 18), (21, 18), (22, 18), (23, 18), (24, 18), (25, 18), (26, 18), (27, 18), (28, 18), (29, 18)]",311,1499,761,BFS,c4,h1,11
"(4, 25)","(29, 18)","[(4, 25), (5, 25), (5, 24), (6, 24), (7, 24), (8, 24), (9, 24), (10, 24), (10, 23), (11, 23), (12, 23), (13, 23), (14, 23), (15, 23), (16, 23), (17, 23), (17, 22), (18, 22), (19, 22), (19, 21), (20, 21), (21, 21), (22, 21), (22, 20), (22, 19), (22, 18), (23, 18), (24, 18), (25, 18), (26, 18), (27, 18), (28, 18), (29, 18)]",320,1495,759,BFS,c1,h1,12
"(4, 25)","(29, 18)","[(4, 25), (5, 25), (5, 24), (5, 23), (5, 22), (5, 21), (6, 21), (7, 21), (7, 20), (8, 20), (9, 20), (9, 19), (9, 18), (10, 18), (11, 18), (12, 18), (13, 18), (14, 18), (15, 18), (16, 18), (17, 18), (18, 18), (19, 18), (20, 18), (21, 18), (22, 18), (23, 18), (24, 18), (25, 18), (26, 18), (27, 18), (28, 18), (29, 18)]",445,1516,770,BFS,c2,h1,12
"(4, 25)","(29, 18)","[(4, 25), (4, 24), (4, 23), (5, 23), (5, 22), (5, 21), (5, 20), (6, 20), (6, 19), (7, 19), (7, 18), (8, 18), (9, 18), (10, 18), (11, 18), (12, 18), (13, 18), (14, 18), (15, 18), (16, 18), (17, 18), (18, 18), (19, 18), (20, 18), (21, 18), (22, 18), (23, 18), (24, 18), (25, 18), (26, 18), (27, 18), (28, 18), (29, 18)]",379,1516,770,BFS,c3,h1,12
"(4, 25)","(29, 18)","[(4, 25), (4, 24), (5, 24), (5, 23), (6, 23), (6, 22), (7, 22), (7, 21), (8, 21), (9, 21), (9, 20), (10, 20), (10, 19), (10, 18), (11, 18), (12, 18), (13, 18), (14, 18), (15, 18), (16, 18), (17, 18), (18, 18), (19, 18), (20, 18), (21, 18), (22, 18), (23, 18), (24, 18), (25, 18), (26, 18), (27, 18), (28, 18), (29, 18)]",321,1515,769,BFS,c4,h1,12
"(4, 25)","(29, 18)","[(4, 25), (4, 24), (5, 24), (5, 23), (6, 23), (6, 22), (7, 22), (8, 22), (8, 21), (8, 20), (9, 20), (10, 20), (11, 20), (11, 19), (11, 18), (12, 18), (13, 18), (14, 18), (15, 18), (16, 18), (17, 18), (18, 18), (19, 18), (20, 18), (21, 18), (22, 18), (23, 18), (24, 18), (25, 18), (26, 18), (27, 18), (28, 18), (29, 18)]",320,1513,768,BFS,c1,h1,13
"(4, 25)","(29, 18)","[(4, 25), (5, 25), (5, 24), (5, 23), (5, 22), (5, 21), (5, 20), (5, 19), (6, 19), (7, 19), (8, 19), (8, 18), (9, 18), (10, 18), (11, 18), (12, 18), (13, 18), (14, 18), (15, 18), (16, 18), (17, 18), (18, 18), (19, 18), (20, 18), (21, 18), (22, 18), (23, 18), (24, 18), (25, 18), (26, 18), (27, 18), (28, 18), (29, 18)]",445,1516,770,BFS,c2,h1,13
"(4, 25)","(29, 18)","[(4, 25), (5, 25), (6, 25), (6, 24), (6, 23), (7, 23), (8, 23), (9, 23), (9, 22), (10, 22), (11, 22), (11, 21), (11, 20), (11, 19), (12, 19), (13, 19), (14, 19), (15, 19), (15, 18), (16, 18), (17, 18), (18, 18), (19, 18), (20, 18), (21, 18), (22, 18), (23, 18), (24, 18), (25, 18), (26, 18), (27, 18), (28, 18), (29, 18)]",386,1505,764,BFS,c3,h1,13
"(4, 25)","(29, 18)","[(4, 25), (5, 25), (5, 24), (6, 24), (6, 23), (6, 22), (7, 22), (7, 21), (7, 20), (7, 19), (7, 18), (8, 18), (9, 18), (10, 18), (11, 18), (12, 18), (13, 18), (14, 18), (15, 18), (16, 18), (17, 18), (18, 18), (19, 18), (20, 18), (21, 18), (22, 18), (23, 18), (24, 18), (25, 18), (26, 18), (27, 18), (28, 18), (29, 18)]",325,1516,770,BFS,c4,h1,13
"(4, 25)","(29, 18)","[(4, 25), (5, 25), (5, 24), (6, 24), (7, 24), (7, 23), (7, 22), (8, 22), (8, 21), (9, 21), (9, 20), (9, 19), (9, 18), (10, 18), (11, 18), (12, 18), (13, 18), (14, 18), (15, 18), (16, 18), (17, 18), (18, 18), (19, 18), (20, 18), (21, 18), (22, 18), (23, 18), (24, 18), (25, 18), (26, 18), (27, 18), (28, 18), (29, 18)]",320,1511,767,BFS,c1,h1,14
"(4, 25)","(29, 18)","[(4, 25), (4, 24), (4, 23), (5, 23), (5, 22), (5, 21), (5, 20), (6, 20), (6, 19), (7, 19), (7, 18), (8, 18), (9, 18), (10, 18), (11, 18), (12, 18), (13, 18), (14, 18), (15, 18), (16, 18), (17, 18), (18, 18), (19, 18), (20, 18), (21, 18), (22, 18), (23, 18), (24, 18), (25, 18), (26, 18), (27, 18), (28, 18), (29, 18)]",445,1516,770,BFS,c2,h1,14
"(4, 25)","(29, 18)","[(4, 25), (5, 25), (6, 25), (7, 25), (8, 25), (8, 24), (9, 24), (10, 24), (11, 24), (12, 24), (12, 23), (12, 22), (12, 21), (12, 20), (13, 20), (14, 20), (15, 20), (15, 19), (15, 18), (16, 18), (17, 18), (18, 18), (19, 18), (20, 18), (21, 18), (22, 18), (23, 18), (24, 18), (25, 18), (26, 18), (27, 18), (28, 18), (29, 18)]",387,1499,761,BFS,c3,h1,14
"(4, 25)","(29, 18)","[(4, 25), (5, 25), (5, 24), (6, 24), (7, 24), (7, 23), (8, 23), (9, 23), (10, 23), (11, 23), (12, 23), (12, 22), (12, 21), (13, 21), (14, 21), (15, 21), (15, 20), (15, 19), (16, 19), (17, 19), (18, 19), (19, 19), (20, 19), (21, 19), (22, 19), (22, 18), (23, 18), (24, 18), (25, 18), (26, 18), (27, 18), (28, 18), (29, 18)]",317,1493,758,BFS,c4,h1,14
"(4, 25)","(29, 18)","[(4, 25), (4, 24), (4, 23), (5, 23), (6, 23), (7, 23), (7, 22), (7, 21), (7, 20), (8, 20), (8, 19), (9, 19), (9, 18), (10, 18), (11, 18), (12, 18), (13, 18), (14, 18), (15, 18), (16, 18), (17, 18), (18, 18), (19, 18), (20, 18), (21, 18), (22, 18), (23, 18), (24, 18), (25, 18), (26, 18), (27, 18), (28, 18), (29, 18)]",320,1516,770,BFS,c1,h1,15
"(4, 25)","(29, 18)","[(4, 25), (5, 25), (6, 25), (7, 25), (8, 25), (8, 24), (9, 24), (10, 24), (11, 24), (11, 23), (12, 23), (12, 22), (13, 22), (13, 21), (13, 20), (13, 19), (13, 18), (14, 18), (15, 18), (16, 18), (17, 18), (18, 18), (19, 18), (20, 18), (21, 18), (22, 18), (23, 18), (24, 18), (25, 18), (26, 18), (27, 18), (28, 18), (29, 18)]",445,1507,765,BFS,c2,h1,15
"(4, 25)","(29, 18)","[(4, 25), (5, 25), (6, 25), (7, 25), (8, 25), (8, 24), (9, 24), (10, 24), (11, 24), (11, 23), (12, 23), (13, 23), (14, 23), (15, 23), (15, 22), (15, 21), (15, 20), (15, 19), (15, 18), (16, 18), (17, 18), (18, 18), (19, 18), (20, 18), (21, 18), (22, 18), (23, 18), (24, 18), (25, 18), (26, 18), (27, 18), (28, 18), (29, 18)]",379,1503,763,BFS,c3,h1,15
"(4, 25)","(29, 18)","[(4, 25), (4, 24), (5, 24), (6, 24), (7, 24), (8, 24), (9, 24), (10, 24), (10, 23), (10, 22), (10, 21), (10, 20), (11, 20), (11, 19), (11, 18), (12, 18), (13, 18), (14, 18), (15, 18), (16, 18), (17, 18), (18, 18), (19, 18), (20, 18), (21, 18), (22, 18), (23, 18), (24, 18), (25, 18), (26, 18), (27, 18), (28, 18), (29, 18)]",330,1516,770,BFS,c4,h1,15
"(4, 25)","(29, 18)","[(4, 25), (4, 24), (5, 24), (6, 24), (7, 24), (8, 24), (8, 23), (8, 22), (8, 21), (9, 21), (9, 20), (10, 20), (10, 19), (11, 19), (11, 18), (12, 18), (13, 18), (14, 18), (15, 18), (16, 18), (17, 18), (18, 18), (19, 18), (20, 18), (21, 18), (22, 18), (23, 18), (24, 18), (25, 18), (26, 18), (27, 18), (28, 18), (29, 18)]",320,1515,769,BFS,c1,h1,16
"(4, 25)","(29, 18)","[(4, 25), (4, 24), (4, 23), (4, 22), (4, 21), (4, 20), (5, 20), (6, 20), (6, 19), (6, 18), (7, 18), (8, 18), (9, 18), (10, 18), (11, 18), (12, 18), (13, 18), (14, 18), (15, 18), (16, 18), (17, 18), (18, 18), (19, 18), (20, 18), (21, 18), (22, 18), (23, 18), (24, 18), (25, 18), (26, 18), (27, 18), (28, 18), (29, 18)]",445,1516,770,BFS,c2,h1,16
"(4, 25)","(29, 18)","[(4, 25), (4, 24), (4, 23), (4, 22), (4, 21), (5, 21), (6, 21), (6, 20), (6, 19), (6, 18), (7, 18), (8, 18), (9, 18), (10, 18), (11, 18), (12, 18), (13, 18), (14, 18), (15, 18), (16, 18), (17, 18), (18, 18), (19, 18), (20, 18), (21, 18), (22, 18), (23, 18), (24, 18), (25, 18), (26, 18), (27, 18), (28, 18), (29, 18)]",377,1516,770,BFS,c3,h1,16
"(4, 25)","(29, 18)","[(4, 25), (5, 25), (6, 25), (7, 25), (8, 25), (9, 25), (10, 25), (11, 25), (11, 24), (12, 24), (12, 23), (13, 23), (13, 22), (13, 21), (13, 20), (14, 20), (15, 20), (15, 19), (16, 19), (17, 19), (17, 18), (18, 18), (19, 18), (20, 18), (21, 18), (22, 18), (23, 18), (24, 18), (25, 18), (26, 18), (27, 18), (28, 18), (29, 18)]",322,1503,763,BFS,c4,h1,16
"(4, 25)","(29, 18)","[(4, 25), (4, 24), (4, 23), (5, 23), (6, 23), (7, 23), (8, 23), (8, 22), (9, 22), (10, 22), (10, 21), (10, 20), (11, 20), (12, 20), (12, 19), (13, 19), (14, 19), (14, 18), (15, 18), (16, 18), (17, 18), (18, 18), (19, 18), (20, 18), (21, 18), (22, 18), (23, 18), (24, 18), (25, 18), (26, 18), (27, 18), (28, 18), (29, 18)]",320,1509,766,BFS,c1,h1,17
"(4, 25)","(29, 18)","[(4, 25), (5, 25), (5, 24), (5, 23), (6, 23), (7, 23), (8, 23), (9, 23), (9, 22), (10, 22), (11, 22), (11, 21), (12, 21), (13, 21), (14, 21), (15, 21), (16, 21), (16, 20), (16, 19), (17, 19), (18, 19), (18, 18), (19, 18), (20, 18), (21, 18), (22, 18), (23, 18), (24, 18), (25, 18), (26, 18), (27, 18), (28, 18), (29, 18)]",445,1503,763,BFS,c2,h1,17
"(4, 25)","(29, 18)","[(4, 25), (4, 24), (4, 23), (5, 23), (5, 22), (6, 22), (7, 22), (8, 22), (8, 21), (8, 20), (8, 19), (8, 18), (9, 18), (10, 18), (11, 18), (12, 18), (13, 18), (14, 18), (15, 18), (16, 18), (17, 18), (18, 18), (19, 18), (20, 18), (21, 18), (22, 18), (23, 18), (24, 18), (25, 18), (26, 18), (27, 18), (28, 18), (29, 18)]",376,1516,770,BFS,c3,h1,17
"(4, 25)","(29, 18)","[(4, 25), (4, 24), (5, 24), (5, 23), (6, 23), (6, 22), (6, 21), (6, 20), (7, 20), (8, 20), (8, 19), (8, 18), (9, 18), (10, 18), (11, 18), (12, 18), (13, 18), (14, 18), (15, 18), (16, 18), (17, 18), (18, 18), (19, 18), (20, 18), (21, 18), (22, 18), (23, 18), (24, 18), (25, 18), (26, 18), (27, 18), (28, 18), (29, 18)]",321,1515,769,BFS,c4,h1,17
"(4, 25)","(29, 18)","[(4, 25), (5, 25), (6, 25), (6, 24), (6, 23), (6, 22), (7, 22), (7, 21), (7, 20), (7, 19), (7, 18), (8, 18), (9, 18), (10, 18), (11, 18), (12, 18), (13, 18), (14, 18), (15, 18), (16, 18), (17, 18), (18, 18), (19, 18), (20, 18), (21, 18), (22, 18), (23, 18), (24, 18), (25, 18), (26, 18), (27, 18), (28, 18), (29, 18)]",320,1516,770,BFS,c1,h1,18
"(4, 25)","(29, 18)","[(4, 25), (4, 24), (4, 23), (4, 22), (5, 22), (6, 22), (6, 21), (7, 21), (8, 21), (8, 20), (8, 19), (8, 18), (9, 18), (10, 18), (11, 18), (12, 18), (13, 18), (14, 18), (15, 18), (16, 18), (17, 18), (18, 18), (19, 18), (20, 18), (21, 18), (22, 18), (23, 18), (24, 18), (25, 18), (26, 18), (27, 18), (28, 18), (29, 18)]",445,1516,770,BFS,c2,h1,18
"(4, 25)","(29, 18)","[(4, 25), (5, 25), (6, 25), (7, 25), (7, 24), (7, 23), (7, 22), (8, 22), (8, 21), (9, 21), (10, 21), (10, 20), (11, 20), (11, 19), (12, 19), (12, 18), (13, 18), (14, 18), (15, 18), (16, 18), (17, 18), (18, 18), (19, 18), (20, 18), (21, 18), (22, 18), (23, 18), (24, 18), (25, 18), (26, 18), (27, 18), (28, 18), (29, 18)]",385,1515,769,BFS,c3,h1,18
"(4, 25)","(29, 18)","[(4, 25), (4, 24), (5, 24), (6, 24), (6, 23), (7, 23), (7, 22), (7, 21), (8, 21), (9, 21), (10, 21), (11, 21), (11, 20), (11, 19), (12, 19), (13, 19), (13, 18), (14, 18), (15, 18), (16, 18), (17, 18), (18, 18), (19, 18), (20, 18), (21, 18), (22, 18), (23, 18), (24, 18), (25, 18), (26, 18), (27, 18), (28, 18), (29, 18)]",317,1507,765,BFS,c4,h1,18
"(4, 25)","(29, 18)","[(4, 25), (5, 25), (6, 25), (7, 25), (8, 25), (8, 24), (8, 23), (9, 23), (10, 23), (11, 23), (11, 22), (12, 22), (12, 21), (12, 20), (12, 19), (12, 18), (13, 18), (14, 18), (15, 18), (16, 18), (17, 18), (18, 18), (19, 18), (20, 18), (21, 18), (22, 18), (23, 18), (24, 18), (25, 18), (26, 18), (27, 18), (28, 18), (29, 18)]",320,1511,767,BFS,c1,h1,19
"(4, 25)","(29, 18)","[(4, 25), (5, 25), (6, 25), (6, 24), (7, 24), (8, 24), (9, 24), (9, 23), (10, 23), (10, 22), (11, 22), (11, 21), (12, 21), (13, 21), (14, 21), (14, 20), (14, 19), (14, 18), (15, 18), (16, 18), (17, 18), (18, 18), (19, 18), (20, 18), (21, 18), (22, 18), (23, 18), (24, 18), (25, 18), (26, 18), (27, 18), (28, 18), (29, 18)]",445,1511,767,BFS,c2,h1,19
"(4, 25)","(29, 18)","[(4, 25), (4, 24), (4, 23), (5, 23), (6, 23), (6, 22), (6, 21), (6, 20), (6, 19), (6, 18), (7, 18), (8, 18), (9, 18), (10, 18), (11, 18), (12, 18), (13, 18), (14, 18), (15, 18), (16, 18), (17, 18), (18, 18), (19, 18), (20, 18), (21, 18), (22, 18), (23, 18), (24, 18), (25, 18), (26, 18), (27, 18), (28, 18), (29, 18)]",379,1516,770,BFS,c3,h1,19
"(4, 25)","(29, 18)","[(4, 25), (4, 24), (4, 23), (4, 22), (4, 21), (5, 21), (5, 20), (5, 19), (5, 18), (6, 18), (7, 18), (8, 18), (9, 18), (10, 18), (11, 18), (12, 18), (13, 18), (14, 18), (15, 18), (16, 18), (17, 18), (18, 18), (19, 18), (20, 18), (21, 18), (22, 18), (23, 18), (24, 18), (25, 18), (26, 18), (27, 18), (28, 18), (29, 18)]",311,1516,770,BFS,c4,h1,19
"(4, 25)","(29, 18)","[(4, 25), (4, 24), (5, 24), (5, 23), (5, 22), (6, 22), (7, 22), (8, 22), (8, 21), (9, 21), (10, 21), (11, 21), (11, 20), (11, 19), (11, 18), (12, 18), (13, 18), (14, 18), (15, 18), (16, 18), (17, 18), (18, 18), (19, 18), (20, 18), (21, 18), (22, 18), (23, 18), (24, 18), (25, 18), (26, 18), (27, 18), (28, 18), (29, 18)]",320,1516,770,BFS,c1,h1,20
"(4, 25)","(29, 18)","[(4, 25), (4, 24), (5, 24), (5, 23), (5, 22), (5, 21), (5, 20), (6, 20), (6, 19), (7, 19), (8, 19), (8, 18), (9, 18), (10, 18), (11, 18), (12, 18), (13, 18), (14, 18), (15, 18), (16, 18), (17, 18), (18, 18), (19, 18), (20, 18), (21, 18), (22, 18), (23, 18), (24, 18), (25, 18), (26, 18), (27, 18), (28, 18), (29, 18)]",445,1516,770,BFS,c2,h1,20
"(4, 25)","(29, 18)","[(4, 25), (5, 25), (5, 24), (6, 24), (7, 24), (7, 23), (7, 22), (7, 21), (8, 21), (8, 20), (8, 19), (8, 18), (9, 18), (10, 18), (11, 18), (12, 18), (13, 18), (14, 18), (15, 18), (16, 18), (17, 18), (18, 18), (19, 18), (20, 18), (21, 18), (22, 18), (23, 18), (24, 18), (25, 18), (26, 18), (27, 18), (28, 18), (29, 18)]",381,1516,770,BFS,c3,h1,20
"(4, 25)","(29, 18)","[(4, 25), (5, 25), (5, 24), (5, 23), (6, 23), (6, 22), (6, 21), (7, 21), (8, 21), (8, 20), (9, 20), (9, 19), (9, 18), (10, 18), (11, 18), (12, 18), (13, 18), (14, 18), (15, 18), (16, 18), (17, 18), (18, 18), (19, 18), (20, 18), (21, 18), (22, 18), (23, 18), (24, 18), (25, 18), (26, 18), (27, 18), (28, 18), (29, 18)]",322,1516,770,BFS,c4,h1,20
"(24, 19)","(24, 30)","[(24, 19), (24, 20), (24, 21), (24, 22), (24, 23), (24, 24), (24, 25), (24, 26), (24, 27), (24, 28), (24, 29), (24, 30)]",110,494,233,BFS,c1,h1,1
"(24, 19)","(24, 30)","[(24, 19), (24, 20), (24, 21), (24, 22), (24, 23), (24, 24), (24, 25), (24, 26), (24, 27), (24, 28), (24, 29), (24, 30)]",110,505,239,BFS,c2,h1,1
"(24, 19)","(24, 30)","[(24, 19), (24, 20), (24, 21), (24, 22), (24, 23), (24, 24), (24, 25), (24, 26), (24, 27), (24, 28), (24, 29), (24, 30)]",110,505,239,BFS,c3,h1,1
"(24, 19)","(24, 30)","[(24, 19), (24, 20), (24, 21), (24, 22), (24, 23), (24, 24), (24, 25), (24, 26), (24, 27), (24, 28), (24, 29), (24, 30)]",110,494,233,BFS,c4,h1,1
"(24, 19)","(24, 30)","[(24, 19), (24, 20), (24, 21), (24, 22), (24, 23), (24, 24), (24, 25), (24, 26), (24, 27), (24, 28), (24, 29), (24, 30)]",110,505,239,BFS,c1,h1,2
"(24, 19)","(24, 30)","[(24, 19), (24, 20), (24, 21), (24, 22), (24, 23), (24, 24), (24, 25), (24, 26), (24, 27), (24, 28), (24, 29), (24, 30)]",110,480,227,BFS,c2,h1,2
"(24, 19)","(24, 30)","[(24, 19), (24, 20), (24, 21), (24, 22), (24, 23), (24, 24), (24, 25), (24, 26), (24, 27), (24, 28), (24, 29), (24, 30)]",110,471,222,BFS,c3,h1,2
"(24, 19)","(24, 30)","[(24, 19), (24, 20), (24, 21), (24, 22), (24, 23), (24, 24), (24, 25), (24, 26), (24, 27), (24, 28), (24, 29), (24, 30)]",110,494,233,BFS,c4,h1,2
"(24, 19)","(24, 30)","[(24, 19), (24, 20), (24, 21), (24, 22), (24, 23), (24, 24), (24, 25), (24, 26), (24, 27), (24, 28), (24, 29), (24, 30)]",110,508,240,BFS,c1,h1,3
"(24, 19)","(24, 30)","[(24, 19), (24, 20), (24, 21), (24, 22), (24, 23), (24, 24), (24, 25), (24, 26), (24, 27), (24, 28), (24, 29), (24, 30)]",110,508,240,BFS,c2,h1,3
"(24, 19)","(24, 30)","[(24, 19), (24, 20), (24, 21), (24, 22), (24, 23), (24, 24), (24, 25), (24, 26), (24, 27), (24, 28), (24, 29), (24, 30)]",110,508,240,BFS,c3,h1,3
"(24, 19)","(24, 30)","[(24, 19), (24, 20), (24, 21), (24, 22), (24, 23), (24, 24), (24, 25), (24, 26), (24, 27), (24, 28), (24, 29), (24, 30)]",110,503,238,BFS,c4,h1,3
"(24, 19)","(24, 30)","[(24, 19), (24, 20), (24, 21), (24, 22), (24, 23), (24, 24), (24, 25), (24, 26), (24, 27), (24, 28), (24, 29), (24, 30)]",110,503,238,BFS,c1,h1,4
"(24, 19)","(24, 30)","[(24, 19), (24, 20), (24, 21), (24, 22), (24, 23), (24, 24), (24, 25), (24, 26), (24, 27), (24, 28), (24, 29), (24, 30)]",110,471,222,BFS,c2,h1,4
"(24, 19)","(24, 30)","[(24, 19), (24, 20), (24, 21), (24, 22), (24, 23), (24, 24), (24, 25), (24, 26), (24, 27), (24, 28), (24, 29), (24, 30)]",110,508,240,BFS,c3,h1,4
"(24, 19)","(24, 30)","[(24, 19), (24, 20), (24, 21), (24, 22), (24, 23), (24, 24), (24, 25), (24, 26), (24, 27), (24, 28), (24, 29), (24, 30)]",110,505,239,BFS,c4,h1,4
"(24, 19)","(24, 30)","[(24, 19), (24, 20), (24, 21), (24, 22), (24, 23), (24, 24), (24, 25), (24, 26), (24, 27), (24, 28), (24, 29), (24, 30)]",110,482,228,BFS,c1,h1,5
"(24, 19)","(24, 30)","[(24, 19), (24, 20), (24, 21), (24, 22), (24, 23), (24, 24), (24, 25), (24, 26), (24, 27), (24, 28), (24, 29), (24, 30)]",110,508,240,BFS,c2,h1,5
"(24, 19)","(24, 30)","[(24, 19), (24, 20), (24, 21), (24, 22), (24, 23), (24, 24), (24, 25), (24, 26), (24, 27), (24, 28), (24, 29), (24, 30)]",110,471,222,BFS,c3,h1,5
"(24, 19)","(24, 30)","[(24, 19), (24, 20), (24, 21), (24, 22), (24, 23), (24, 24), (24, 25), (24, 26), (24, 27), (24, 28), (24, 29), (24, 30)]",110,494,233,BFS,c4,h1,5
"(24, 19)","(24, 30)","[(24, 19), (24, 20), (24, 21), (24, 22), (24, 23), (24, 24), (24, 25), (24, 26), (24, 27), (24, 28), (24, 29), (24, 30)]",110,508,240,BFS,c1,h1,6
"(24, 19)","(24, 30)","[(24, 19), (24, 20), (24, 21), (24, 22), (24, 23), (24, 24), (24, 25), (24, 26), (24, 27), (24, 28), (24, 29), (24, 30)]",110,508,240,BFS,c2,h1,6
"(24, 19)","(24, 30)","[(24, 19), (24, 20), (24, 21), (24, 22), (24, 23), (24, 24), (24, 25), (24, 26), (24, 27), (24, 28), (24, 29), (24, 30)]",110,508,240,BFS,c3,h1,6
"(24, 19)","(24, 30)","[(24, 19), (24, 20), (24, 21), (24, 22), (24, 23), (24, 24), (24, 25), (24, 26), (24, 27), (24, 28), (24, 29), (24, 30)]",110,508,240,BFS,c4,h1,6
"(24, 19)","(24, 30)","[(24, 19), (24, 20), (24, 21), (24, 22), (24, 23), (24, 24), (24, 25), (24, 26), (24, 27), (24, 28), (24, 29), (24, 30)]",110,469,221,BFS,c1,h1,7
"(24, 19)","(24, 30)","[(24, 19), (24, 20), (24, 21), (24, 22), (24, 23), (24, 24), (24, 25), (24, 26), (24, 27), (24, 28), (24, 29), (24, 30)]",110,503,238,BFS,c2,h1,7
"(24, 19)","(24, 30)","[(24, 19), (24, 20), (24, 21), (24, 22), (24, 23), (24, 24), (24, 25), (24, 26), (24, 27), (24, 28), (24, 29), (24, 30)]",110,508,240,BFS,c3,h1,7
"(24, 19)","(24, 30)","[(24, 19), (24, 20), (24, 21), (24, 22), (24, 23), (24, 24), (24, 25), (24, 26), (24, 27), (24, 28), (24, 29), (24, 30)]",110,476,225,BFS,c4,h1,7
"(24, 19)","(24, 30)","[(24, 19), (24, 20), (24, 21), (24, 22), (24, 23), (24, 24), (24, 25), (24, 26), (24, 27), (24, 28), (24, 29), (24, 30)]",110,469,221,BFS,c1,h1,8
"(24, 19)","(24, 30)","[(24, 19), (24, 20), (24, 21), (24, 22), (24, 23), (24, 24), (24, 25), (24, 26), (24, 27), (24, 28), (24, 29), (24, 30)]",110,471,222,BFS,c2,h1,8
"(24, 19)","(24, 30)","[(24, 19), (24, 20), (24, 21), (24, 22), (24, 23), (24, 24), (24, 25), (24, 26), (24, 27), (24, 28), (24, 29), (24, 30)]",110,465,219,BFS,c3,h1,8
"(24, 19)","(24, 30)","[(24, 19), (24, 20), (24, 21), (24, 22), (24, 23), (24, 24), (24, 25), (24, 26), (24, 27), (24, 28), (24, 29), (24, 30)]",110,471,222,BFS,c4,h1,8
"(24, 19)","(24, 30)","[(24, 19), (24, 20), (24, 21), (24, 22), (24, 23), (24, 24), (24, 25), (24, 26), (24, 27), (24, 28), (24, 29), (24, 30)]",110,508,240,BFS,c1,h1,9
"(24, 19)","(24, 30)","[(24, 19), (24, 20), (24, 21), (24, 22), (24, 23), (24, 24), (24, 25), (24, 26), (24, 27), (24, 28), (24, 29), (24, 30)]",110,478,226,BFS,c2,h1,9
"(24, 19)","(24, 30)","[(24, 19), (24, 20), (24, 21), (24, 22), (24, 23), (24, 24), (24, 25), (24, 26), (24, 27), (24, 28), (24, 29), (24, 30)]",110,471,222,BFS,c3,h1,9
"(24, 19)","(24, 30)","[(24, 19), (24, 20), (24, 21), (24, 22), (24, 23), (24, 24), (24, 25), (24, 26), (24, 27), (24, 28), (24, 29), (24, 30)]",110,494,233,BFS,c4,h1,9
"(24, 19)","(24, 30)","[(24, 19), (24, 20), (24, 21), (24, 22), (24, 23), (24, 24), (24, 25), (24, 26), (24, 27), (24, 28), (24, 29), (24, 30)]",110,505,239,BFS,c1,h1,10
"(24, 19)","(24, 30)","[(24, 19), (24, 20), (24, 21), (24, 22), (24, 23), (24, 24), (24, 25), (24, 26), (24, 27), (24, 28), (24, 29), (24, 30)]",110,508,240,BFS,c2,h1,10
"(24, 19)","(24, 30)","[(24, 19), (24, 20), (24, 21), (24, 22), (24, 23), (24, 24), (24, 25), (24, 26), (24, 27), (24, 28), (24, 29), (24, 30)]",110,503,238,BFS,c3,h1,10
"(24, 19)","(24, 30)","[(24, 19), (24, 20), (24, 21), (24, 22), (24, 23), (24, 24), (24, 25), (24, 26), (24, 27), (24, 28), (24, 29), (24, 30)]",110,494,233,BFS,c4,h1,10
"(24, 19)","(24, 30)","[(24, 19), (24, 20), (24, 21), (24, 22), (24, 23), (24, 24), (24, 25), (24, 26), (24, 27), (24, 28), (24, 29), (24, 30)]",110,508,240,BFS,c1,h1,11
"(24, 19)","(24, 30)","[(24, 19), (24, 20), (24, 21), (24, 22), (24, 23), (24, 24), (24, 25), (24, 26), (24, 27), (24, 28), (24, 29), (24, 30)]",110,471,222,BFS,c2,h1,11
"(24, 19)","(24, 30)","[(24, 19), (24, 20), (24, 21), (24, 22), (24, 23), (24, 24), (24, 25), (24, 26), (24, 27), (24, 28), (24, 29), (24, 30)]",110,508,240,BFS,c3,h1,11
"(24, 19)","(24, 30)","[(24, 19), (24, 20), (24, 21), (24, 22), (24, 23), (24, 24), (24, 25), (24, 26), (24, 27), (24, 28), (24, 29), (24, 30)]",110,461,217,BFS,c4,h1,11
"(24, 19)","(24, 30)","[(24, 19), (24, 20), (24, 21), (24, 22), (24, 23), (24, 24), (24, 25), (24, 26), (24, 27), (24, 28), (24, 29), (24, 30)]",110,494,233,BFS,c1,h1,12
"(24, 19)","(24, 30)","[(24, 19), (24, 20), (24, 21), (24, 22), (24, 23), (24, 24), (24, 25), (24, 26), (24, 27), (24, 28), (24, 29), (24, 30)]",110,471,222,BFS,c2,h1,12
"(24, 19)","(24, 30)","[(24, 19), (24, 20), (24, 21), (24, 22), (24, 23), (24, 24), (24, 25), (24, 26), (24, 27), (24, 28), (24, 29), (24, 30)]",110,471,222,BFS,c3,h1,12
"(24, 19)","(24, 30)","[(24, 19), (24, 20), (24, 21), (24, 22), (24, 23), (24, 24), (24, 25), (24, 26), (24, 27), (24, 28), (24, 29), (24, 30)]",110,508,240,BFS,c4,h1,12
"(24, 19)","(24, 30)","[(24, 19), (24, 20), (24, 21), (24, 22), (24, 23), (24, 24), (24, 25), (24, 26), (24, 27), (24, 28), (24, 29), (24, 30)]",110,494,233,BFS,c1,h1,13
"(24, 19)","(24, 30)","[(24, 19), (24, 20), (24, 21), (24, 22), (24, 23), (24, 24), (24, 25), (24, 26), (24, 27), (24, 28), (24, 29), (24, 30)]",110,494,233,BFS,c2,h1,13
"(24, 19)","(24, 30)","[(24, 19), (24, 20), (24, 21), (24, 22), (24, 23), (24, 24), (24, 25), (24, 26), (24, 27), (24, 28), (24, 29), (24, 30)]",110,480,227,BFS,c3,h1,13
"(24, 19)","(24, 30)","[(24, 19), (24, 20), (24, 21), (24, 22), (24, 23), (24, 24), (24, 25), (24, 26), (24, 27), (24, 28), (24, 29), (24, 30)]",110,505,239,BFS,c4,h1,13
"(24, 19)","(24, 30)","[(24, 19), (24, 20), (24, 21), (24, 22), (24, 23), (24, 24), (24, 25), (24, 26), (24, 27), (24, 28), (24, 29), (24, 30)]",110,508,240,BFS,c1,h1,14
"(24, 19)","(24, 30)","[(24, 19), (24, 20), (24, 21), (24, 22), (24, 23), (24, 24), (24, 25), (24, 26), (24, 27), (24, 28), (24, 29), (24, 30)]",110,469,221,BFS,c2,h1,14
"(24, 19)","(24, 30)","[(24, 19), (24, 20), (24, 21), (24, 22), (24, 23), (24, 24), (24, 25), (24, 26), (24, 27), (24, 28), (24, 29), (24, 30)]",110,508,240,BFS,c3,h1,14
"(24, 19)","(24, 30)","[(24, 19), (24, 20), (24, 21), (24, 22), (24, 23), (24, 24), (24, 25), (24, 26), (24, 27), (24, 28), (24, 29), (24, 30)]",110,505,239,BFS,c4,h1,14
"(24, 19)","(24, 30)","[(24, 19), (24, 20), (24, 21), (24, 22), (24, 23), (24, 24), (24, 25), (24, 26), (24, 27), (24, 28), (24, 29), (24, 30)]",110,508,240,BFS,c1,h1,15
"(24, 19)","(24, 30)","[(24, 19), (24, 20), (24, 21), (24, 22), (24, 23), (24, 24), (24, 25), (24, 26), (24, 27), (24, 28), (24, 29), (24, 30)]",110,505,239,BFS,c2,h1,15
"(24, 19)","(24, 30)","[(24, 19), (24, 20), (24, 21), (24, 22), (24, 23), (24, 24), (24, 25), (24, 26), (24, 27), (24, 28), (24, 29), (24, 30)]",110,471,222,BFS,c3,h1,15
"(24, 19)","(24, 30)","[(24, 19), (24, 20), (24, 21), (24, 22), (24, 23), (24, 24), (24, 25), (24, 26), (24, 27), (24, 28), (24, 29), (24, 30)]",110,508,240,BFS,c4,h1,15
"(24, 19)","(24, 30)","[(24, 19), (24, 20), (24, 21), (24, 22), (24, 23), (24, 24), (24, 25), (24, 26), (24, 27), (24, 28), (24, 29), (24, 30)]",110,501,237,BFS,c1,h1,16
"(24, 19)","(24, 30)","[(24, 19), (24, 20), (24, 21), (24, 22), (24, 23), (24, 24), (24, 25), (24, 26), (24, 27), (24, 28), (24, 29), (24, 30)]",110,508,240,BFS,c2,h1,16
"(24, 19)","(24, 30)","[(24, 19), (24, 20), (24, 21), (24, 22), (24, 23), (24, 24), (24, 25), (24, 26), (24, 27), (24, 28), (24, 29), (24, 30)]",110,471,222,BFS,c3,h1,16
"(24, 19)","(24, 30)","[(24, 19), (24, 20), (24, 21), (24, 22), (24, 23), (24, 24), (24, 25), (24, 26), (24, 27), (24, 28), (24, 29), (24, 30)]",110,478,226,BFS,c4,h1,16
"(24, 19)","(24, 30)","[(24, 19), (24, 20), (24, 21), (24, 22), (24, 23), (24, 24), (24, 25), (24, 26), (24, 27), (24, 28), (24, 29), (24, 30)]",110,508,240,BFS,c1,h1,17
"(24, 19)","(24, 30)","[(24, 19), (24, 20), (24, 21), (24, 22), (24, 23), (24, 24), (24, 25), (24, 26), (24, 27), (24, 28), (24, 29), (24, 30)]",110,508,240,BFS,c2,h1,17
"(24, 19)","(24, 30)","[(24, 19), (24, 20), (24, 21), (24, 22), (24, 23), (24, 24), (24, 25), (24, 26), (24, 27), (24, 28), (24, 29), (24, 30)]",110,478,226,BFS,c3,h1,17
"(24, 19)","(24, 30)","[(24, 19), (24, 20), (24, 21), (24, 22), (24, 23), (24, 24), (24, 25), (24, 26), (24, 27), (24, 28), (24, 29), (24, 30)]",110,471,222,BFS,c4,h1,17
"(24, 19)","(24, 30)","[(24, 19), (24, 20), (24, 21), (24, 22), (24, 23), (24, 24), (24, 25), (24, 26), (24, 27), (24, 28), (24, 29), (24, 30)]",110,508,240,BFS,c1,h1,18
"(24, 19)","(24, 30)","[(24, 19), (24, 20), (24, 21), (24, 22), (24, 23), (24, 24), (24, 25), (24, 26), (24, 27), (24, 28), (24, 29), (24, 30)]",110,508,240,BFS,c2,h1,18
"(24, 19)","(24, 30)","[(24, 19), (24, 20), (24, 21), (24, 22), (24, 23), (24, 24), (24, 25), (24, 26), (24, 27), (24, 28), (24, 29), (24, 30)]",110,505,239,BFS,c3,h1,18
"(24, 19)","(24, 30)","[(24, 19), (24, 20), (24, 21), (24, 22), (24, 23), (24, 24), (24, 25), (24, 26), (24, 27), (24, 28), (24, 29), (24, 30)]",110,505,239,BFS,c4,h1,18
"(24, 19)","(24, 30)","[(24, 19), (24, 20), (24, 21), (24, 22), (24, 23), (24, 24), (24, 25), (24, 26), (24, 27), (24, 28), (24, 29), (24, 30)]",110,508,240,BFS,c1,h1,19
"(24, 19)","(24, 30)","[(24, 19), (24, 20), (24, 21), (24, 22), (24, 23), (24, 24), (24, 25), (24, 26), (24, 27), (24, 28), (24, 29), (24, 30)]",110,471,222,BFS,c2,h1,19
"(24, 19)","(24, 30)","[(24, 19), (24, 20), (24, 21), (24, 22), (24, 23), (24, 24), (24, 25), (24, 26), (24, 27), (24, 28), (24, 29), (24, 30)]",110,505,239,BFS,c3,h1,19
"(24, 19)","(24, 30)","[(24, 19), (24, 20), (24, 21), (24, 22), (24, 23), (24, 24), (24, 25), (24, 26), (24, 27), (24, 28), (24, 29), (24, 30)]",110,469,221,BFS,c4,h1,19
"(24, 19)","(24, 30)","[(24, 19), (24, 20), (24, 21), (24, 22), (24, 23), (24, 24), (24, 25), (24, 26), (24, 27), (24, 28), (24, 29), (24, 30)]",110,463,218,BFS,c1,h1,20
"(24, 19)","(24, 30)","[(24, 19), (24, 20), (24, 21), (24, 22), (24, 23), (24, 24), (24, 25), (24, 26), (24, 27), (24, 28), (24, 29), (24, 30)]",110,508,240,BFS,c2,h1,20
"(24, 19)","(24, 30)","[(24, 19), (24, 20), (24, 21), (24, 22), (24, 23), (24, 24), (24, 25), (24, 26), (24, 27), (24, 28), (24, 29), (24, 30)]",110,508,240,BFS,c3,h1,20
"(24, 19)","(24, 30)","[(24, 19), (24, 20), (24, 21), (24, 22), (24, 23), (24, 24), (24, 25), (24, 26), (24, 27), (24, 28), (24, 29), (24, 30)]",110,508,240,BFS,c4,h1,20
"(16, 21)","(6, 1)","[(16, 21), (16, 20), (16, 19), (15, 19), (15, 18), (14, 18), (14, 17), (14, 16), (14, 15), (14, 14), (14, 13), (14, 12), (14, 11), (14, 10), (13, 10), (12, 10), (11, 10), (11, 9), (10, 9), (10, 8), (10, 7), (9, 7), (8, 7), (8, 6), (7, 6), (6, 6), (6, 5), (6, 4), (6, 3), (6, 2), (6, 1)]",300,1793,915,BFS,c1,h1,1
"(16, 21)","(6, 1)","[(16, 21), (16, 20), (16, 19), (15, 19), (15, 18), (14, 18), (14, 17), (14, 16), (13, 16), (13, 15), (12, 15), (11, 15), (10, 15), (9, 15), (8, 15), (8, 14), (7, 14), (7, 13), (6, 13), (6, 12), (6, 11), (6, 10), (6, 9), (6, 8), (6, 7), (6, 6), (6, 5), (6, 4), (6, 3), (6, 2), (6, 1)]",350,1796,917,BFS,c2,h1,1
"(16, 21)","(6, 1)","[(16, 21), (16, 20), (16, 19), (15, 19), (15, 18), (14, 18), (14, 17), (14, 16), (13, 16), (13, 15), (13, 14), (12, 14), (12, 13), (11, 13), (10, 13), (10, 12), (9, 12), (9, 11), (9, 10), (8, 10), (7, 10), (6, 10), (6, 9), (6, 8), (6, 7), (6, 6), (6, 5), (6, 4), (6, 3), (6, 2), (6, 1)]",324,1779,907,BFS,c3,h1,1
"(16, 21)","(6, 1)","[(16, 21), (16, 20), (16, 19), (15, 19), (15, 18), (14, 18), (14, 17), (13, 17), (13, 16), (13, 15), (13, 14), (13, 13), (13, 12), (12, 12), (11, 12), (10, 12), (10, 11), (10, 10), (10, 9), (10, 8), (10, 7), (10, 6), (10, 5), (10, 4), (9, 4), (9, 3), (8, 3), (7, 3), (7, 2), (6, 2), (6, 1)]",299,1775,905,BFS,c4,h1,1
"(16, 21)","(6, 1)","[(16, 21), (16, 20), (16, 19), (15, 19), (14, 19), (13, 19), (13, 18), (13, 17), (13, 16), (12, 16), (11, 16), (10, 16), (10, 15), (9, 15), (9, 14), (8, 14), (7, 14), (6, 14), (6, 13), (6, 12), (6, 11), (6, 10), (6, 9), (6, 8), (6, 7), (6, 6), (6, 5), (6, 4), (6, 3), (6, 2), (6, 1)]",300,1796,917,BFS,c1,h1,2
"(16, 21)","(6, 1)","[(16, 21), (15, 21), (14, 21), (13, 21), (13, 20), (12, 20), (12, 19), (12, 18), (12, 17), (12, 16), (12, 15), (11, 15), (10, 15), (10, 14), (9, 14), (8, 14), (8, 13), (8, 12), (7, 12), (6, 12), (6, 11), (6, 10), (6, 9), (6, 8), (6, 7), (6, 6), (6, 5), (6, 4), (6, 3), (6, 2), (6, 1)]",350,1786,911,BFS,c2,h1,2
"(16, 21)","(6, 1)","[(16, 21), (15, 21), (15, 20), (15, 19), (15, 18), (15, 17), (14, 17), (14, 16), (14, 15), (13, 15), (13, 14), (12, 14), (12, 13), (11, 13), (11, 12), (10, 12), (9, 12), (8, 12), (8, 11), (7, 11), (6, 11), (6, 10), (6, 9), (6, 8), (6, 7), (6, 6), (6, 5), (6, 4), (6, 3), (6, 2), (6, 1)]",325,1786,911,BFS,c3,h1,2
"(16, 21)","(6, 1)","[(16, 21), (16, 20), (16, 19), (15, 19), (14, 19), (13, 19), (12, 19), (12, 18), (11, 18), (10, 18), (9, 18), (8, 18), (7, 18), (7, 17), (6, 17), (6, 16), (6, 15), (6, 14), (6, 13), (6, 12), (6, 11), (6, 10), (6, 9), (6, 8), (6, 7), (6, 6), (6, 5), (6, 4), (6, 3), (6, 2), (6, 1)]",282,1786,911,BFS,c4,h1,2
"(16, 21)","(6, 1)","[(16, 21), (16, 20), (15, 20), (14, 20), (13, 20), (12, 20), (12, 19), (11, 19), (11, 18), (11, 17), (10, 17), (10, 16), (10, 15), (10, 14), (10, 13), (9, 13), (9, 12), (9, 11), (8, 11), (7, 11), (7, 10), (7, 9), (7, 8), (6, 8), (6, 7), (6, 6), (6, 5), (6, 4), (6, 3), (6, 2), (6, 1)]",300,1786,911,BFS,c1,h1,3
"(16, 21)","(6, 1)","[(16, 21), (16, 20), (16, 19), (15, 19), (15, 18), (15, 17), (14, 17), (13, 17), (13, 16), (12, 16), (12, 15), (12, 14), (12, 13), (12, 12), (11, 12), (10, 12), (9, 12), (9, 11), (8, 11), (7, 11), (6, 11), (6, 10), (6, 9), (6, 8), (6, 7), (6, 6), (6, 5), (6, 4), (6, 3), (6, 2), (6, 1)]",350,1796,917,BFS,c2,h1,3
"(16, 21)","(6, 1)","[(16, 21), (15, 21), (14, 21), (14, 20), (13, 20), (12, 20), (12, 19), (11, 19), (11, 18), (11, 17), (10, 17), (9, 17), (9, 16), (9, 15), (8, 15), (8, 14), (8, 13), (8, 12), (8, 11), (7, 11), (7, 10), (6, 10), (6, 9), (6, 8), (6, 7), (6, 6), (6, 5), (6, 4), (6, 3), (6, 2), (6, 1)]",324,1786,911,BFS,c3,h1,3
"(16, 21)","(6, 1)","[(16, 21), (15, 21), (15, 20), (14, 20), (14, 19), (13, 19), (12, 19), (12, 18), (12, 17), (11, 17), (10, 17), (9, 17), (9, 16), (9, 15), (8, 15), (7, 15), (7, 14), (6, 14), (6, 13), (6, 12), (6, 11), (6, 10), (6, 9), (6, 8), (6, 7), (6, 6), (6, 5), (6, 4), (6, 3), (6, 2), (6, 1)]",293,1786,911,BFS,c4,h1,3
"(16, 21)","(6, 1)","[(16, 21), (15, 21), (14, 21), (14, 20), (14, 19), (14, 18), (14, 17), (14, 16), (13, 16), (12, 16), (12, 15), (11, 15), (11, 14), (11, 13), (11, 12), (10, 12), (10, 11), (10, 10), (10, 9), (9, 9), (9, 8), (8, 8), (7, 8), (7, 7), (7, 6), (7, 5), (6, 5), (6, 4), (6, 3), (6, 2), (6, 1)]",300,1783,909,BFS,c1,h1,4
"(16, 21)","(6, 1)","[(16, 21), (16, 20), (16, 19), (16, 18), (15, 18), (15, 17), (15, 16), (15, 15), (14, 15), (13, 15), (12, 15), (11, 15), (11, 14), (11, 13), (10, 13), (10, 12), (9, 12), (8, 12), (7, 12), (6, 12), (6, 11), (6, 10), (6, 9), (6, 8), (6, 7), (6, 6), (6, 5), (6, 4), (6, 3), (6, 2), (6, 1)]",350,1786,911,BFS,c2,h1,4
"(16, 21)","(6, 1)","[(16, 21), (16, 20), (16, 19), (16, 18), (16, 17), (15, 17), (14, 17), (14, 16), (14, 15), (14, 14), (13, 14), (13, 13), (12, 13), (12, 12), (11, 12), (10, 12), (9, 12), (9, 11), (9, 10), (9, 9), (8, 9), (8, 8), (8, 7), (8, 6), (7, 6), (6, 6), (6, 5), (6, 4), (6, 3), (6, 2), (6, 1)]",325,1791,914,BFS,c3,h1,4
"(16, 21)","(6, 1)","[(16, 21), (16, 20), (15, 20), (14, 20), (13, 20), (12, 20), (11, 20), (11, 19), (10, 19), (10, 18), (10, 17), (10, 16), (9, 16), (9, 15), (8, 15), (8, 14), (8, 13), (7, 13), (7, 12), (7, 11), (7, 10), (7, 9), (7, 8), (7, 7), (6, 7), (6, 6), (6, 5), (6, 4), (6, 3), (6, 2), (6, 1)]",298,1796,917,BFS,c4,h1,4
"(16, 21)","(6, 1)","[(16, 21), (16, 20), (15, 20), (14, 20), (14, 19), (14, 18), (13, 18), (13, 17), (13, 16), (12, 16), (12, 15), (12, 14), (12, 13), (11, 13), (11, 12), (10, 12), (9, 12), (8, 12), (7, 12), (7, 11), (7, 10), (6, 10), (6, 9), (6, 8), (6, 7), (6, 6), (6, 5), (6, 4), (6, 3), (6, 2), (6, 1)]",300,1796,917,BFS,c1,h1,5
"(16, 21)","(6, 1)","[(16, 21), (15, 21), (15, 20), (14, 20), (13, 20), (13, 19), (12, 19), (11, 19), (10, 19), (9, 19), (9, 18), (8, 18), (8, 17), (8, 16), (7, 16), (6, 16), (6, 15), (6, 14), (6, 13), (6, 12), (6, 11), (6, 10), (6, 9), (6, 8), (6, 7), (6, 6), (6, 5), (6, 4), (6, 3), (6, 2), (6, 1)]",350,1796,917,BFS,c2,h1,5
"(16, 21)","(6, 1)","[(16, 21), (16, 20), (16, 19), (15, 19), (15, 18), (15, 17), (14, 17), (13, 17), (12, 17), (12, 16), (11, 16), (10, 16), (9, 16), (8, 16), (8, 15), (8, 14), (7, 14), (7, 13), (7, 12), (7, 11), (7, 10), (6, 10), (6, 9), (6, 8), (6, 7), (6, 6), (6, 5), (6, 4), (6, 3), (6, 2), (6, 1)]",325,1796,917,BFS,c3,h1,5
"(16, 21)","(6, 1)","[(16, 21), (15, 21), (15, 20), (14, 20), (14, 19), (14, 18), (13, 18), (12, 18), (12, 17), (12, 16), (11, 16), (11, 15), (11, 14), (10, 14), (10, 13), (9, 13), (9, 12), (9, 11), (8, 11), (8, 10), (8, 9), (7, 9), (7, 8), (7, 7), (6, 7), (6, 6), (6, 5), (6, 4), (6, 3), (6, 2), (6, 1)]",292,1793,915,BFS,c4,h1,5
"(16, 21)","(6, 1)","[(16, 21), (16, 20), (15, 20), (14, 20), (14, 19), (13, 19), (12, 19), (11, 19), (11, 18), (10, 18), (10, 17), (9, 17), (8, 17), (8, 16), (8, 15), (8, 14), (7, 14), (6, 14), (6, 13), (6, 12), (6, 11), (6, 10), (6, 9), (6, 8), (6, 7), (6, 6), (6, 5), (6, 4), (6, 3), (6, 2), (6, 1)]",300,1786,911,BFS,c1,h1,6
"(16, 21)","(6, 1)","[(16, 21), (15, 21), (14, 21), (14, 20), (13, 20), (12, 20), (11, 20), (11, 19), (10, 19), (10, 18), (10, 17), (10, 16), (10, 15), (10, 14), (10, 13), (9, 13), (8, 13), (8, 12), (8, 11), (7, 11), (6, 11), (6, 10), (6, 9), (6, 8), (6, 7), (6, 6), (6, 5), (6, 4), (6, 3), (6, 2), (6, 1)]",350,1786,911,BFS,c2,h1,6
"(16, 21)","(6, 1)","[(16, 21), (16, 20), (15, 20), (15, 19), (14, 19), (13, 19), (12, 19), (11, 19), (11, 18), (10, 18), (9, 18), (8, 18), (7, 18), (7, 17), (7, 16), (6, 16), (6, 15), (6, 14), (6, 13), (6, 12), (6, 11), (6, 10), (6, 9), (6, 8), (6, 7), (6, 6), (6, 5), (6, 4), (6, 3), (6, 2), (6, 1)]",321,1796,917,BFS,c3,h1,6
"(16, 21)","(6, 1)","[(16, 21), (15, 21), (14, 21), (13, 21), (13, 20), (12, 20), (12, 19), (11, 19), (10, 19), (9, 19), (9, 18), (9, 17), (8, 17), (7, 17), (7, 16), (7, 15), (7, 14), (7, 13), (6, 13), (6, 12), (6, 11), (6, 10), (6, 9), (6, 8), (6, 7), (6, 6), (6, 5), (6, 4), (6, 3), (6, 2), (6, 1)]",298,1796,917,BFS,c4,h1,6
"(16, 21)","(6, 1)","[(16, 21), (16, 20), (16, 19), (16, 18), (15, 18), (15, 17), (14, 17), (13, 17), (13, 16), (13, 15), (12, 15), (12, 14), (11, 14), (11, 13), (11, 12), (11, 11), (11, 10), (11, 9), (11, 8), (10, 8), (10, 7), (9, 7), (8, 7), (8, 6), (7, 6), (6, 6), (6, 5), (6, 4), (6, 3), (6, 2), (6, 1)]",300,1785,910,BFS,c1,h1,7
"(16, 21)","(6, 1)","[(16, 21), (15, 21), (14, 21), (13, 21), (13, 20), (12, 20), (11, 20), (10, 20), (10, 19), (9, 19), (8, 19), (8, 18), (7, 18), (6, 18), (6, 17), (6, 16), (6, 15), (6, 14), (6, 13), (6, 12), (6, 11), (6, 10), (6, 9), (6, 8), (6, 7), (6, 6), (6, 5), (6, 4), (6, 3), (6, 2), (6, 1)]",350,1796,917,BFS,c2,h1,7
"(16, 21)","(6, 1)","[(16, 21), (16, 20), (16, 19), (15, 19), (15, 18), (14, 18), (14, 17), (13, 17), (13, 16), (13, 15), (12, 15), (12, 14), (11, 14), (10, 14), (10, 13), (10, 12), (10, 11), (9, 11), (8, 11), (8, 10), (8, 9), (8, 8), (7, 8), (7, 7), (7, 6), (6, 6), (6, 5), (6, 4), (6, 3), (6, 2), (6, 1)]",320,1795,916,BFS,c3,h1,7
"(16, 21)","(6, 1)","[(16, 21), (16, 20), (16, 19), (15, 19), (14, 19), (14, 18), (13, 18), (13, 17), (12, 17), (12, 16), (11, 16), (11, 15), (10, 15), (9, 15), (9, 14), (8, 14), (8, 13), (7, 13), (7, 12), (6, 12), (6, 11), (6, 10), (6, 9), (6, 8), (6, 7), (6, 6), (6, 5), (6, 4), (6, 3), (6, 2), (6, 1)]",295,1796,917,BFS,c4,h1,7
"(16, 21)","(6, 1)","[(16, 21), (15, 21), (15, 20), (15, 19), (15, 18), (14, 18), (13, 18), (13, 17), (12, 17), (11, 17), (10, 17), (10, 16), (9, 16), (8, 16), (7, 16), (7, 15), (6, 15), (6, 14), (6, 13), (6, 12), (6, 11), (6, 10), (6, 9), (6, 8), (6, 7), (6, 6), (6, 5), (6, 4), (6, 3), (6, 2), (6, 1)]",300,1796,917,BFS,c1,h1,8
"(16, 21)","(6, 1)","[(16, 21), (15, 21), (14, 21), (13, 21), (12, 21), (11, 21), (11, 20), (10, 20), (10, 19), (10, 18), (10, 17), (9, 17), (9, 16), (9, 15), (8, 15), (8, 14), (8, 13), (8, 12), (7, 12), (7, 11), (7, 10), (6, 10), (6, 9), (6, 8), (6, 7), (6, 6), (6, 5), (6, 4), (6, 3), (6, 2), (6, 1)]",350,1786,911,BFS,c2,h1,8
"(16, 21)","(6, 1)","[(16, 21), (15, 21), (15, 20), (15, 19), (15, 18), (15, 17), (14, 17), (14, 16), (13, 16), (12, 16), (12, 15), (12, 14), (12, 13), (12, 12), (11, 12), (11, 11), (10, 11), (10, 10), (10, 9), (10, 8), (10, 7), (9, 7), (8, 7), (7, 7), (6, 7), (6, 6), (6, 5), (6, 4), (6, 3), (6, 2), (6, 1)]",330,1795,916,BFS,c3,h1,8
"(16, 21)","(6, 1)","[(16, 21), (16, 20), (16, 19), (16, 18), (16, 17), (16, 16), (16, 15), (15, 15), (15, 14), (15, 13), (15, 12), (14, 12), (13, 12), (13, 11), (13, 10), (12, 10), (11, 10), (10, 10), (9, 10), (9, 9), (8, 9), (7, 9), (7, 8), (7, 7), (7, 6), (7, 5), (7, 4), (6, 4), (6, 3), (6, 2), (6, 1)]",298,1791,914,BFS,c4,h1,8
"(16, 21)","(6, 1)","[(16, 21), (15, 21), (14, 21), (14, 20), (14, 19), (13, 19), (13, 18), (13, 17), (12, 17), (12, 16), (11, 16), (11, 15), (10, 15), (10, 14), (9, 14), (8, 14), (8, 13), (8, 12), (8, 11), (8, 10), (8, 9), (7, 9), (6, 9), (6, 8), (6, 7), (6, 6), (6, 5), (6, 4), (6, 3), (6, 2), (6, 1)]",300,1786,911,BFS,c1,h1,9
"(16, 21)","(6, 1)","[(16, 21), (15, 21), (14, 21), (14, 20), (13, 20), (13, 19), (12, 19), (11, 19), (11, 18), (10, 18), (9, 18), (8, 18), (8, 17), (7, 17), (7, 16), (6, 16), (6, 15), (6, 14), (6, 13), (6, 12), (6, 11), (6, 10), (6, 9), (6, 8), (6, 7), (6, 6), (6, 5), (6, 4), (6, 3), (6, 2), (6, 1)]",350,1796,917,BFS,c2,h1,9
"(16, 21)","(6, 1)","[(16, 21), (15, 21), (14, 21), (14, 20), (14, 19), (13, 19), (13, 18), (13, 17), (12, 17), (11, 17), (11, 16), (10, 16), (10, 15), (9, 15), (8, 15), (7, 15), (6, 15), (6, 14), (6, 13), (6, 12), (6, 11), (6, 10), (6, 9), (6, 8), (6, 7), (6, 6), (6, 5), (6, 4), (6, 3), (6, 2), (6, 1)]",328,1786,911,BFS,c3,h1,9
"(16, 21)","(6, 1)","[(16, 21), (15, 21), (15, 20), (15, 19), (15, 18), (14, 18), (13, 18), (12, 18), (12, 17), (12, 16), (11, 16), (10, 16), (10, 15), (10, 14), (9, 14), (9, 13), (9, 12), (8, 12), (7, 12), (7, 11), (6, 11), (6, 10), (6, 9), (6, 8), (6, 7), (6, 6), (6, 5), (6, 4), (6, 3), (6, 2), (6, 1)]",301,1786,911,BFS,c4,h1,9
"(16, 21)","(6, 1)","[(16, 21), (15, 21), (15, 20), (14, 20), (14, 19), (14, 18), (13, 18), (13, 17), (12, 17), (11, 17), (11, 16), (10, 16), (10, 15), (10, 14), (10, 13), (10, 12), (10, 11), (10, 10), (10, 9), (9, 9), (9, 8), (8, 8), (8, 7), (7, 7), (6, 7), (6, 6), (6, 5), (6, 4), (6, 3), (6, 2), (6, 1)]",300,1783,909,BFS,c1,h1,10
"(16, 21)","(6, 1)","[(16, 21), (15, 21), (15, 20), (14, 20), (14, 19), (14, 18), (14, 17), (14, 16), (13, 16), (12, 16), (11, 16), (11, 15), (10, 15), (10, 14), (9, 14), (9, 13), (9, 12), (9, 11), (8, 11), (8, 10), (8, 9), (8, 8), (8, 7), (8, 6), (7, 6), (6, 6), (6, 5), (6, 4), (6, 3), (6, 2), (6, 1)]",350,1783,909,BFS,c2,h1,10
"(16, 21)","(6, 1)","[(16, 21), (16, 20), (16, 19), (16, 18), (15, 18), (14, 18), (14, 17), (13, 17), (13, 16), (12, 16), (12, 15), (12, 14), (11, 14), (10, 14), (10, 13), (9, 13), (8, 13), (8, 12), (7, 12), (7, 11), (7, 10), (7, 9), (7, 8), (6, 8), (6, 7), (6, 6), (6, 5), (6, 4), (6, 3), (6, 2), (6, 1)]",320,1796,917,BFS,c3,h1,10
"(16, 21)","(6, 1)","[(16, 21), (15, 21), (15, 20), (15, 19), (14, 19), (14, 18), (14, 17), (14, 16), (13, 16), (13, 15), (12, 15), (12, 14), (11, 14), (11, 13), (11, 12), (11, 11), (10, 11), (10, 10), (9, 10), (8, 10), (7, 10), (6, 10), (6, 9), (6, 8), (6, 7), (6, 6), (6, 5), (6, 4), (6, 3), (6, 2), (6, 1)]",302,1786,911,BFS,c4,h1,10
"(16, 21)","(6, 1)","[(16, 21), (15, 21), (14, 21), (14, 20), (14, 19), (13, 19), (12, 19), (12, 18), (12, 17), (12, 16), (12, 15), (11, 15), (10, 15), (10, 14), (10, 13), (9, 13), (8, 13), (7, 13), (7, 12), (6, 12), (6, 11), (6, 10), (6, 9), (6, 8), (6, 7), (6, 6), (6, 5), (6, 4), (6, 3), (6, 2), (6, 1)]",300,1786,911,BFS,c1,h1,11
"(16, 21)","(6, 1)","[(16, 21), (15, 21), (14, 21), (14, 20), (13, 20), (12, 20), (11, 20), (10, 20), (9, 20), (9, 19), (9, 18), (8, 18), (7, 18), (7, 17), (6, 17), (6, 16), (6, 15), (6, 14), (6, 13), (6, 12), (6, 11), (6, 10), (6, 9), (6, 8), (6, 7), (6, 6), (6, 5), (6, 4), (6, 3), (6, 2), (6, 1)]",350,1786,911,BFS,c2,h1,11
"(16, 21)","(6, 1)","[(16, 21), (15, 21), (14, 21), (14, 20), (14, 19), (13, 19), (12, 19), (11, 19), (11, 18), (11, 17), (10, 17), (9, 17), (8, 17), (7, 17), (7, 16), (7, 15), (7, 14), (6, 14), (6, 13), (6, 12), (6, 11), (6, 10), (6, 9), (6, 8), (6, 7), (6, 6), (6, 5), (6, 4), (6, 3), (6, 2), (6, 1)]",318,1786,911,BFS,c3,h1,11
"(16, 21)","(6, 1)","[(16, 21), (15, 21), (14, 21), (13, 21), (12, 21), (12, 20), (12, 19), (12, 18), (12, 17), (11, 17), (10, 17), (9, 17), (8, 17), (8, 16), (7, 16), (6, 16), (6, 15), (6, 14), (6, 13), (6, 12), (6, 11), (6, 10), (6, 9), (6, 8), (6, 7), (6, 6), (6, 5), (6, 4), (6, 3), (6, 2), (6, 1)]",293,1786,911,BFS,c4,h1,11
"(16, 21)","(6, 1)","[(16, 21), (15, 21), (15, 20), (14, 20), (14, 19), (13, 19), (12, 19), (12, 18), (11, 18), (11, 17), (10, 17), (10, 16), (9, 16), (9, 15), (8, 15), (8, 14), (8, 13), (8, 12), (8, 11), (8, 10), (7, 10), (6, 10), (6, 9), (6, 8), (6, 7), (6, 6), (6, 5), (6, 4), (6, 3), (6, 2), (6, 1)]",300,1796,917,BFS,c1,h1,12
"(16, 21)","(6, 1)","[(16, 21), (15, 21), (15, 20), (14, 20), (14, 19), (14, 18), (14, 17), (13, 17), (13, 16), (13, 15), (12, 15), (11, 15), (11, 14), (10, 14), (9, 14), (8, 14), (7, 14), (7, 13), (7, 12), (7, 11), (6, 11), (6, 10), (6, 9), (6, 8), (6, 7), (6, 6), (6, 5), (6, 4), (6, 3), (6, 2), (6, 1)]",350,1786,911,BFS,c2,h1,12
"(16, 21)","(6, 1)","[(16, 21), (16, 20), (15, 20), (15, 19), (15, 18), (14, 18), (14, 17), (14, 16), (14, 15), (13, 15), (13, 14), (12, 14), (12, 13), (12, 12), (11, 12), (11, 11), (11, 10), (10, 10), (9, 10), (9, 9), (8, 9), (7, 9), (7, 8), (7, 7), (7, 6), (7, 5), (6, 5), (6, 4), (6, 3), (6, 2), (6, 1)]",321,1783,909,BFS,c3,h1,12
"(16, 21)","(6, 1)","[(16, 21), (15, 21), (14, 21), (13, 21), (12, 21), (12, 20), (12, 19), (11, 19), (10, 19), (9, 19), (8, 19), (8, 18), (7, 18), (7, 17), (6, 17), (6, 16), (6, 15), (6, 14), (6, 13), (6, 12), (6, 11), (6, 10), (6, 9), (6, 8), (6, 7), (6, 6), (6, 5), (6, 4), (6, 3), (6, 2), (6, 1)]",292,1786,911,BFS,c4,h1,12
"(16, 21)","(6, 1)","[(16, 21), (15, 21), (14, 21), (14, 20), (14, 19), (14, 18), (14, 17), (13, 17), (12, 17), (11, 17), (11, 16), (11, 15), (11, 14), (11, 13), (10, 13), (10, 12), (10, 11), (10, 10), (9, 10), (9, 9), (8, 9), (7, 9), (7, 8), (6, 8), (6, 7), (6, 6), (6, 5), (6, 4), (6, 3), (6, 2), (6, 1)]",300,1796,917,BFS,c1,h1,13
"(16, 21)","(6, 1)","[(16, 21), (15, 21), (15, 20), (15, 19), (15, 18), (14, 18), (14, 17), (13, 17), (12, 17), (11, 17), (10, 17), (10, 16), (9, 16), (8, 16), (8, 15), (7, 15), (7, 14), (6, 14), (6, 13), (6, 12), (6, 11), (6, 10), (6, 9), (6, 8), (6, 7), (6, 6), (6, 5), (6, 4), (6, 3), (6, 2), (6, 1)]",350,1796,917,BFS,c2,h1,13
"(16, 21)","(6, 1)","[(16, 21), (15, 21), (15, 20), (14, 20), (13, 20), (12, 20), (12, 19), (12, 18), (12, 17), (12, 16), (11, 16), (11, 15), (11, 14), (10, 14), (10, 13), (9, 13), (8, 13), (8, 12), (8, 11), (7, 11), (7, 10), (6, 10), (6, 9), (6, 8), (6, 7), (6, 6), (6, 5), (6, 4), (6, 3), (6, 2), (6, 1)]",329,1786,911,BFS,c3,h1,13
"(16, 21)","(6, 1)","[(16, 21), (15, 21), (15, 20), (14, 20), (13, 20), (13, 19), (13, 18), (12, 18), (11, 18), (11, 17), (11, 16), (10, 16), (9, 16), (9, 15), (8, 15), (8, 14), (7, 14), (6, 14), (6, 13), (6, 12), (6, 11), (6, 10), (6, 9), (6, 8), (6, 7), (6, 6), (6, 5), (6, 4), (6, 3), (6, 2), (6, 1)]",297,1796,917,BFS,c4,h1,13
"(16, 21)","(6, 1)","[(16, 21), (15, 21), (14, 21), (13, 21), (12, 21), (12, 20), (11, 20), (10, 20), (10, 19), (9, 19), (9, 18), (9, 17), (8, 17), (8, 16), (7, 16), (7, 15), (6, 15), (6, 14), (6, 13), (6, 12), (6, 11), (6, 10), (6, 9), (6, 8), (6, 7), (6, 6), (6, 5), (6, 4), (6, 3), (6, 2), (6, 1)]",300,1796,917,BFS,c1,h1,14
"(16, 21)","(6, 1)","[(16, 21), (16, 20), (15, 20), (15, 19), (15, 18), (14, 18), (14, 17), (14, 16), (13, 16), (12, 16), (12, 15), (11, 15), (11, 14), (10, 14), (9, 14), (8, 14), (8, 13), (7, 13), (7, 12), (6, 12), (6, 11), (6, 10), (6, 9), (6, 8), (6, 7), (6, 6), (6, 5), (6, 4), (6, 3), (6, 2), (6, 1)]",350,1796,917,BFS,c2,h1,14
"(16, 21)","(6, 1)","[(16, 21), (16, 20), (15, 20), (14, 20), (13, 20), (13, 19), (13, 18), (13, 17), (13, 16), (13, 15), (13, 14), (13, 13), (12, 13), (12, 12), (12, 11), (12, 10), (12, 9), (11, 9), (11, 8), (11, 7), (10, 7), (9, 7), (8, 7), (8, 6), (8, 5), (7, 5), (7, 4), (6, 4), (6, 3), (6, 2), (6, 1)]",325,1791,914,BFS,c3,h1,14
"(16, 21)","(6, 1)","[(16, 21), (15, 21), (15, 20), (14, 20), (14, 19), (13, 19), (13, 18), (13, 17), (12, 17), (12, 16), (11, 16), (10, 16), (10, 15), (10, 14), (9, 14), (8, 14), (8, 13), (7, 13), (7, 12), (6, 12), (6, 11), (6, 10), (6, 9), (6, 8), (6, 7), (6, 6), (6, 5), (6, 4), (6, 3), (6, 2), (6, 1)]",299,1786,911,BFS,c4,h1,14
"(16, 21)","(6, 1)","[(16, 21), (16, 20), (15, 20), (14, 20), (14, 19), (14, 18), (13, 18), (12, 18), (11, 18), (10, 18), (10, 17), (9, 17), (9, 16), (8, 16), (8, 15), (7, 15), (7, 14), (7, 13), (7, 12), (6, 12), (6, 11), (6, 10), (6, 9), (6, 8), (6, 7), (6, 6), (6, 5), (6, 4), (6, 3), (6, 2), (6, 1)]",300,1796,917,BFS,c1,h1,15
"(16, 21)","(6, 1)","[(16, 21), (15, 21), (15, 20), (14, 20), (14, 19), (13, 19), (12, 19), (11, 19), (11, 18), (10, 18), (9, 18), (8, 18), (7, 18), (6, 18), (6, 17), (6, 16), (6, 15), (6, 14), (6, 13), (6, 12), (6, 11), (6, 10), (6, 9), (6, 8), (6, 7), (6, 6), (6, 5), (6, 4), (6, 3), (6, 2), (6, 1)]",350,1796,917,BFS,c2,h1,15
"(16, 21)","(6, 1)","[(16, 21), (16, 20), (15, 20), (14, 20), (14, 19), (14, 18), (14, 17), (13, 17), (12, 17), (11, 17), (11, 16), (11, 15), (10, 15), (10, 14), (10, 13), (10, 12), (9, 12), (8, 12), (8, 11), (7, 11), (6, 11), (6, 10), (6, 9), (6, 8), (6, 7), (6, 6), (6, 5), (6, 4), (6, 3), (6, 2), (6, 1)]",325,1796,917,BFS,c3,h1,15
"(16, 21)","(6, 1)","[(16, 21), (16, 20), (15, 20), (14, 20), (14, 19), (13, 19), (13, 18), (12, 18), (11, 18), (10, 18), (9, 18), (9, 17), (9, 16), (8, 16), (7, 16), (7, 15), (7, 14), (7, 13), (6, 13), (6, 12), (6, 11), (6, 10), (6, 9), (6, 8), (6, 7), (6, 6), (6, 5), (6, 4), (6, 3), (6, 2), (6, 1)]",291,1786,911,BFS,c4,h1,15
"(16, 21)","(6, 1)","[(16, 21), (15, 21), (15, 20), (15, 19), (14, 19), (14, 18), (14, 17), (13, 17), (13, 16), (13, 15), (13, 14), (12, 14), (11, 14), (10, 14), (9, 14), (9, 13), (8, 13), (7, 13), (6, 13), (6, 12), (6, 11), (6, 10), (6, 9), (6, 8), (6, 7), (6, 6), (6, 5), (6, 4), (6, 3), (6, 2), (6, 1)]",300,1786,911,BFS,c1,h1,16
"(16, 21)","(6, 1)","[(16, 21), (15, 21), (15, 20), (15, 19), (15, 18), (14, 18), (14, 17), (14, 16), (13, 16), (13, 15), (13, 14), (13, 13), (13, 12), (12, 12), (11, 12), (11, 11), (11, 10), (11, 9), (11, 8), (11, 7), (11, 6), (11, 5), (11, 4), (10, 4), (9, 4), (9, 3), (9, 2), (8, 2), (7, 2), (7, 1), (6, 1)]",350,1785,911,BFS,c2,h1,16
"(16, 21)","(6, 1)","[(16, 21), (15, 21), (15, 20), (15, 19), (15, 18), (15, 17), (14, 17), (14, 16), (14, 15), (13, 15), (13, 14), (12, 14), (11, 14), (11, 13), (11, 12), (10, 12), (9, 12), (8, 12), (8, 11), (8, 10), (7, 10), (7, 9), (6, 9), (6, 8), (6, 7), (6, 6), (6, 5), (6, 4), (6, 3), (6, 2), (6, 1)]",327,1786,911,BFS,c3,h1,16
"(16, 21)","(6, 1)","[(16, 21), (16, 20), (16, 19), (15, 19), (14, 19), (13, 19), (12, 19), (11, 19), (10, 19), (10, 18), (9, 18), (9, 17), (8, 17), (8, 16), (7, 16), (6, 16), (6, 15), (6, 14), (6, 13), (6, 12), (6, 11), (6, 10), (6, 9), (6, 8), (6, 7), (6, 6), (6, 5), (6, 4), (6, 3), (6, 2), (6, 1)]",288,1786,911,BFS,c4,h1,16
"(16, 21)","(6, 1)","[(16, 21), (15, 21), (15, 20), (15, 19), (15, 18), (15, 17), (14, 17), (14, 16), (14, 15), (14, 14), (14, 13), (13, 13), (12, 13), (11, 13), (10, 13), (9, 13), (8, 13), (7, 13), (7, 12), (7, 11), (7, 10), (6, 10), (6, 9), (6, 8), (6, 7), (6, 6), (6, 5), (6, 4), (6, 3), (6, 2), (6, 1)]",300,1786,911,BFS,c1,h1,17
"(16, 21)","(6, 1)","[(16, 21), (15, 21), (15, 20), (14, 20), (13, 20), (12, 20), (11, 20), (11, 19), (11, 18), (10, 18), (9, 18), (8, 18), (8, 17), (7, 17), (6, 17), (6, 16), (6, 15), (6, 14), (6, 13), (6, 12), (6, 11), (6, 10), (6, 9), (6, 8), (6, 7), (6, 6), (6, 5), (6, 4), (6, 3), (6, 2), (6, 1)]",350,1796,917,BFS,c2,h1,17
"(16, 21)","(6, 1)","[(16, 21), (16, 20), (16, 19), (16, 18), (16, 17), (15, 17), (14, 17), (13, 17), (13, 16), (12, 16), (12, 15), (11, 15), (10, 15), (9, 15), (8, 15), (8, 14), (7, 14), (7, 13), (7, 12), (6, 12), (6, 11), (6, 10), (6, 9), (6, 8), (6, 7), (6, 6), (6, 5), (6, 4), (6, 3), (6, 2), (6, 1)]",320,1796,917,BFS,c3,h1,17
"(16, 21)","(6, 1)","[(16, 21), (15, 21), (14, 21), (13, 21), (12, 21), (11, 21), (10, 21), (9, 21), (9, 20), (8, 20), (7, 20), (7, 19), (6, 19), (6, 18), (6, 17), (6, 16), (6, 15), (6, 14), (6, 13), (6, 12), (6, 11), (6, 10), (6, 9), (6, 8), (6, 7), (6, 6), (6, 5), (6, 4), (6, 3), (6, 2), (6, 1)]",295,1786,911,BFS,c4,h1,17
"(16, 21)","(6, 1)","[(16, 21), (16, 20), (15, 20), (15, 19), (14, 19), (14, 18), (13, 18), (12, 18), (11, 18), (10, 18), (9, 18), (8, 18), (7, 18), (7, 17), (7, 16), (6, 16), (6, 15), (6, 14), (6, 13), (6, 12), (6, 11), (6, 10), (6, 9), (6, 8), (6, 7), (6, 6), (6, 5), (6, 4), (6, 3), (6, 2), (6, 1)]",300,1796,917,BFS,c1,h1,18
"(16, 21)","(6, 1)","[(16, 21), (16, 20), (16, 19), (16, 18), (16, 17), (15, 17), (15, 16), (14, 16), (14, 15), (14, 14), (13, 14), (12, 14), (11, 14), (10, 14), (10, 13), (9, 13), (9, 12), (9, 11), (9, 10), (9, 9), (8, 9), (7, 9), (6, 9), (6, 8), (6, 7), (6, 6), (6, 5), (6, 4), (6, 3), (6, 2), (6, 1)]",350,1796,917,BFS,c2,h1,18
"(16, 21)","(6, 1)","[(16, 21), (16, 20), (16, 19), (15, 19), (15, 18), (14, 18), (14, 17), (14, 16), (14, 15), (13, 15), (12, 15), (11, 15), (10, 15), (9, 15), (8, 15), (8, 14), (7, 14), (6, 14), (6, 13), (6, 12), (6, 11), (6, 10), (6, 9), (6, 8), (6, 7), (6, 6), (6, 5), (6, 4), (6, 3), (6, 2), (6, 1)]",322,1796,917,BFS,c3,h1,18
"(16, 21)","(6, 1)","[(16, 21), (15, 21), (14, 21), (13, 21), (13, 20), (12, 20), (12, 19), (11, 19), (10, 19), (10, 18), (10, 17), (10, 16), (10, 15), (9, 15), (8, 15), (8, 14), (8, 13), (8, 12), (8, 11), (8, 10), (8, 9), (7, 9), (6, 9), (6, 8), (6, 7), (6, 6), (6, 5), (6, 4), (6, 3), (6, 2), (6, 1)]",292,1796,917,BFS,c4,h1,18
"(16, 21)","(6, 1)","[(16, 21), (15, 21), (14, 21), (13, 21), (12, 21), (12, 20), (12, 19), (11, 19), (11, 18), (11, 17), (11, 16), (11, 15), (10, 15), (9, 15), (8, 15), (8, 14), (8, 13), (7, 13), (7, 12), (7, 11), (7, 10), (6, 10), (6, 9), (6, 8), (6, 7), (6, 6), (6, 5), (6, 4), (6, 3), (6, 2), (6, 1)]",300,1786,911,BFS,c1,h1,19
"(16, 21)","(6, 1)","[(16, 21), (15, 21), (14, 21), (14, 20), (14, 19), (13, 19), (12, 19), (11, 19), (11, 18), (10, 18), (9, 18), (9, 17), (8, 17), (8, 16), (8, 15), (8, 14), (7, 14), (7, 13), (7, 12), (7, 11), (7, 10), (6, 10), (6, 9), (6, 8), (6, 7), (6, 6), (6, 5), (6, 4), (6, 3), (6, 2), (6, 1)]",350,1786,911,BFS,c2,h1,19
"(16, 21)","(6, 1)","[(16, 21), (15, 21), (15, 20), (14, 20), (13, 20), (13, 19), (13, 18), (13, 17), (12, 17), (12, 16), (11, 16), (11, 15), (11, 14), (11, 13), (10, 13), (10, 12), (10, 11), (9, 11), (9, 10), (9, 9), (9, 8), (9, 7), (9, 6), (8, 6), (8, 5), (7, 5), (6, 5), (6, 4), (6, 3), (6, 2), (6, 1)]",323,1793,915,BFS,c3,h1,19
"(16, 21)","(6, 1)","[(16, 21), (16, 20), (16, 19), (15, 19), (14, 19), (13, 19), (13, 18), (13, 17), (12, 17), (12, 16), (11, 16), (11, 15), (10, 15), (10, 14), (9, 14), (9, 13), (8, 13), (7, 13), (6, 13), (6, 12), (6, 11), (6, 10), (6, 9), (6, 8), (6, 7), (6, 6), (6, 5), (6, 4), (6, 3), (6, 2), (6, 1)]",297,1786,911,BFS,c4,h1,19
"(16, 21)","(6, 1)","[(16, 21), (16, 20), (16, 19), (15, 19), (14, 19), (14, 18), (14, 17), (13, 17), (13, 16), (12, 16), (11, 16), (11, 15), (11, 14), (11, 13), (11, 12), (10, 12), (10, 11), (10, 10), (9, 10), (9, 9), (9, 8), (8, 8), (7, 8), (6, 8), (6, 7), (6, 6), (6, 5), (6, 4), (6, 3), (6, 2), (6, 1)]",300,1796,917,BFS,c1,h1,20
"(16, 21)","(6, 1)","[(16, 21), (15, 21), (14, 21), (13, 21), (12, 21), (11, 21), (10, 21), (10, 20), (10, 19), (9, 19), (8, 19), (7, 19), (7, 18), (6, 18), (6, 17), (6, 16), (6, 15), (6, 14), (6, 13), (6, 12), (6, 11), (6, 10), (6, 9), (6, 8), (6, 7), (6, 6), (6, 5), (6, 4), (6, 3), (6, 2), (6, 1)]",350,1786,911,BFS,c2,h1,20
"(16, 21)","(6, 1)","[(16, 21), (16, 20), (15, 20), (14, 20), (14, 19), (13, 19), (12, 19), (11, 19), (10, 19), (10, 18), (10, 17), (9, 17), (9, 16), (8, 16), (8, 15), (8, 14), (8, 13), (7, 13), (6, 13), (6, 12), (6, 11), (6, 10), (6, 9), (6, 8), (6, 7), (6, 6), (6, 5), (6, 4), (6, 3), (6, 2), (6, 1)]",314,1786,911,BFS,c3,h1,20
"(16, 21)","(6, 1)","[(16, 21), (15, 21), (15, 20), (14, 20), (14, 19), (13, 19), (12, 19), (12, 18), (11, 18), (11, 17), (11, 16), (10, 16), (9, 16), (9, 15), (9, 14), (9, 13), (9, 12), (8, 12), (7, 12), (7, 11), (7, 10), (6, 10), (6, 9), (6, 8), (6, 7), (6, 6), (6, 5), (6, 4), (6, 3), (6, 2), (6, 1)]",295,1786,911,BFS,c4,h1,20
"(13, 11)","(5, 28)","[(13, 11), (12, 11), (11, 11), (10, 11), (9, 11), (9, 12), (9, 13), (8, 13), (7, 13), (7, 14), (6, 14), (6, 15), (5, 15), (5, 16), (5, 17), (5, 18), (5, 19), (5, 20), (5, 21), (5, 22), (5, 23), (5, 24), (5, 25), (5, 26), (5, 27), (5, 28)]",250,1670,843,BFS,c1,h1,1
"(13, 11)","(5, 28)","[(13, 11), (13, 12), (13, 13), (13, 14), (12, 14), (11, 14), (11, 15), (10, 15), (9, 15), (8, 15), (8, 16), (8, 17), (7, 17), (7, 18), (6, 18), (5, 18), (5, 19), (5, 20), (5, 21), (5, 22), (5, 23), (5, 24), (5, 25), (5, 26), (5, 27), (5, 28)]",290,1698,859,BFS,c2,h1,1
"(13, 11)","(5, 28)","[(13, 11), (12, 11), (11, 11), (11, 12), (11, 13), (11, 14), (11, 15), (10, 15), (10, 16), (10, 17), (10, 18), (10, 19), (10, 20), (9, 20), (9, 21), (9, 22), (9, 23), (9, 24), (8, 24), (8, 25), (7, 25), (6, 25), (5, 25), (5, 26), (5, 27), (5, 28)]",274,1695,857,BFS,c3,h1,1
"(13, 11)","(5, 28)","[(13, 11), (12, 11), (12, 12), (12, 13), (11, 13), (11, 14), (10, 14), (10, 15), (9, 15), (9, 16), (9, 17), (8, 17), (7, 17), (6, 17), (6, 18), (5, 18), (5, 19), (5, 20), (5, 21), (5, 22), (5, 23), (5, 24), (5, 25), (5, 26), (5, 27), (5, 28)]",242,1670,843,BFS,c4,h1,1
"(13, 11)","(5, 28)","[(13, 11), (12, 11), (11, 11), (11, 12), (10, 12), (9, 12), (8, 12), (7, 12), (6, 12), (6, 13), (5, 13), (5, 14), (5, 15), (5, 16), (5, 17), (5, 18), (5, 19), (5, 20), (5, 21), (5, 22), (5, 23), (5, 24), (5, 25), (5, 26), (5, 27), (5, 28)]",250,1698,859,BFS,c1,h1,2
"(13, 11)","(5, 28)","[(13, 11), (12, 11), (11, 11), (10, 11), (10, 12), (9, 12), (8, 12), (7, 12), (7, 13), (7, 14), (7, 15), (7, 16), (7, 17), (6, 17), (6, 18), (6, 19), (6, 20), (6, 21), (5, 21), (5, 22), (5, 23), (5, 24), (5, 25), (5, 26), (5, 27), (5, 28)]",290,1670,843,BFS,c2,h1,2
"(13, 11)","(5, 28)","[(13, 11), (12, 11), (11, 11), (11, 12), (10, 12), (10, 13), (9, 13), (9, 14), (8, 14), (7, 14), (6, 14), (6, 15), (5, 15), (5, 16), (5, 17), (5, 18), (5, 19), (5, 20), (5, 21), (5, 22), (5, 23), (5, 24), (5, 25), (5, 26), (5, 27), (5, 28)]",272,1698,859,BFS,c3,h1,2
"(13, 11)","(5, 28)","[(13, 11), (12, 11), (11, 11), (10, 11), (9, 11), (8, 11), (7, 11), (7, 12), (6, 12), (5, 12), (5, 13), (5, 14), (5, 15), (5, 16), (5, 17), (5, 18), (5, 19), (5, 20), (5, 21), (5, 22), (5, 23), (5, 24), (5, 25), (5, 26), (5, 27), (5, 28)]",252,1670,843,BFS,c4,h1,2
"(13, 11)","(5, 28)","[(13, 11), (13, 12), (12, 12), (11, 12), (10, 12), (9, 12), (8, 12), (8, 13), (8, 14), (7, 14), (6, 14), (6, 15), (5, 15), (5, 16), (5, 17), (5, 18), (5, 19), (5, 20), (5, 21), (5, 22), (5, 23), (5, 24), (5, 25), (5, 26), (5, 27), (5, 28)]",250,1698,859,BFS,c1,h1,3
"(13, 11)","(5, 28)","[(13, 11), (13, 12), (12, 12), (11, 12), (10, 12), (9, 12), (9, 13), (8, 13), (8, 14), (7, 14), (7, 15), (6, 15), (5, 15), (5, 16), (5, 17), (5, 18), (5, 19), (5, 20), (5, 21), (5, 22), (5, 23), (5, 24), (5, 25), (5, 26), (5, 27), (5, 28)]",290,1698,859,BFS,c2,h1,3
"(13, 11)","(5, 28)","[(13, 11), (13, 12), (13, 13), (13, 14), (12, 14), (11, 14), (11, 15), (10, 15), (10, 16), (9, 16), (8, 16), (7, 16), (7, 17), (7, 18), (7, 19), (7, 20), (6, 20), (5, 20), (5, 21), (5, 22), (5, 23), (5, 24), (5, 25), (5, 26), (5, 27), (5, 28)]",267,1692,855,BFS,c3,h1,3
"(13, 11)","(5, 28)","[(13, 11), (13, 12), (13, 13), (13, 14), (12, 14), (12, 15), (12, 16), (11, 16), (10, 16), (9, 16), (8, 16), (8, 17), (8, 18), (8, 19), (8, 20), (8, 21), (8, 22), (8, 23), (8, 24), (7, 24), (6, 24), (6, 25), (6, 26), (6, 27), (6, 28), (5, 28)]",245,1691,855,BFS,c4,h1,3
"(13, 11)","(5, 28)","[(13, 11), (12, 11), (11, 11), (11, 12), (10, 12), (9, 12), (9, 13), (8, 13), (8, 14), (7, 14), (6, 14), (5, 14), (5, 15), (5, 16), (5, 17), (5, 18), (5, 19), (5, 20), (5, 21), (5, 22), (5, 23), (5, 24), (5, 25), (5, 26), (5, 27), (5, 28)]",250,1670,843,BFS,c1,h1,4
"(13, 11)","(5, 28)","[(13, 11), (13, 12), (12, 12), (11, 12), (11, 13), (11, 14), (11, 15), (11, 16), (11, 17), (11, 18), (10, 18), (9, 18), (9, 19), (9, 20), (9, 21), (8, 21), (8, 22), (7, 22), (6, 22), (6, 23), (6, 24), (6, 25), (5, 25), (5, 26), (5, 27), (5, 28)]",290,1689,854,BFS,c2,h1,4
"(13, 11)","(5, 28)","[(13, 11), (13, 12), (12, 12), (12, 13), (11, 13), (10, 13), (10, 14), (10, 15), (10, 16), (9, 16), (8, 16), (8, 17), (8, 18), (8, 19), (7, 19), (7, 20), (6, 20), (5, 20), (5, 21), (5, 22), (5, 23), (5, 24), (5, 25), (5, 26), (5, 27), (5, 28)]",271,1692,855,BFS,c3,h1,4
"(13, 11)","(5, 28)","[(13, 11), (13, 12), (12, 12), (11, 12), (10, 12), (10, 13), (9, 13), (9, 14), (9, 15), (8, 15), (8, 16), (8, 17), (8, 18), (7, 18), (7, 19), (6, 19), (5, 19), (5, 20), (5, 21), (5, 22), (5, 23), (5, 24), (5, 25), (5, 26), (5, 27), (5, 28)]",250,1698,859,BFS,c4,h1,4
"(13, 11)","(5, 28)","[(13, 11), (13, 12), (13, 13), (12, 13), (11, 13), (11, 14), (11, 15), (10, 15), (10, 16), (10, 17), (9, 17), (9, 18), (8, 18), (8, 19), (8, 20), (8, 21), (8, 22), (7, 22), (7, 23), (6, 23), (6, 24), (6, 25), (5, 25), (5, 26), (5, 27), (5, 28)]",250,1671,844,BFS,c1,h1,5
"(13, 11)","(5, 28)","[(13, 11), (12, 11), (12, 12), (12, 13), (12, 14), (12, 15), (11, 15), (10, 15), (9, 15), (9, 16), (9, 17), (9, 18), (8, 18), (8, 19), (8, 20), (7, 20), (7, 21), (6, 21), (5, 21), (5, 22), (5, 23), (5, 24), (5, 25), (5, 26), (5, 27), (5, 28)]",290,1670,843,BFS,c2,h1,5
"(13, 11)","(5, 28)","[(13, 11), (13, 12), (13, 13), (12, 13), (11, 13), (11, 14), (11, 15), (10, 15), (9, 15), (8, 15), (8, 16), (8, 17), (8, 18), (7, 18), (7, 19), (7, 20), (6, 20), (5, 20), (5, 21), (5, 22), (5, 23), (5, 24), (5, 25), (5, 26), (5, 27), (5, 28)]",269,1692,855,BFS,c3,h1,5
"(13, 11)","(5, 28)","[(13, 11), (13, 12), (13, 13), (13, 14), (13, 15), (13, 16), (13, 17), (12, 17), (11, 17), (10, 17), (10, 18), (9, 18), (9, 19), (9, 20), (8, 20), (8, 21), (7, 21), (7, 22), (6, 22), (6, 23), (6, 24), (5, 24), (5, 25), (5, 26), (5, 27), (5, 28)]",235,1669,842,BFS,c4,h1,5
"(13, 11)","(5, 28)","[(13, 11), (12, 11), (12, 12), (11, 12), (10, 12), (9, 12), (8, 12), (7, 12), (6, 12), (6, 13), (6, 14), (5, 14), (5, 15), (5, 16), (5, 17), (5, 18), (5, 19), (5, 20), (5, 21), (5, 22), (5, 23), (5, 24), (5, 25), (5, 26), (5, 27), (5, 28)]",250,1698,859,BFS,c1,h1,6
"(13, 11)","(5, 28)","[(13, 11), (13, 12), (12, 12), (11, 12), (11, 13), (10, 13), (9, 13), (9, 14), (9, 15), (8, 15), (7, 15), (7, 16), (7, 17), (7, 18), (6, 18), (6, 19), (5, 19), (5, 20), (5, 21), (5, 22), (5, 23), (5, 24), (5, 25), (5, 26), (5, 27), (5, 28)]",290,1698,859,BFS,c2,h1,6
"(13, 11)","(5, 28)","[(13, 11), (13, 12), (12, 12), (11, 12), (11, 13), (11, 14), (11, 15), (10, 15), (9, 15), (9, 16), (9, 17), (9, 18), (8, 18), (8, 19), (7, 19), (7, 20), (6, 20), (6, 21), (5, 21), (5, 22), (5, 23), (5, 24), (5, 25), (5, 26), (5, 27), (5, 28)]",270,1670,843,BFS,c3,h1,6
"(13, 11)","(5, 28)","[(13, 11), (12, 11), (12, 12), (11, 12), (10, 12), (10, 13), (10, 14), (9, 14), (8, 14), (8, 15), (8, 16), (8, 17), (8, 18), (7, 18), (6, 18), (6, 19), (5, 19), (5, 20), (5, 21), (5, 22), (5, 23), (5, 24), (5, 25), (5, 26), (5, 27), (5, 28)]",250,1676,847,BFS,c4,h1,6
"(13, 11)","(5, 28)","[(13, 11), (13, 12), (13, 13), (12, 13), (12, 14), (12, 15), (11, 15), (10, 15), (10, 16), (9, 16), (8, 16), (7, 16), (7, 17), (6, 17), (6, 18), (6, 19), (6, 20), (6, 21), (5, 21), (5, 22), (5, 23), (5, 24), (5, 25), (5, 26), (5, 27), (5, 28)]",250,1670,843,BFS,c1,h1,7
"(13, 11)","(5, 28)","[(13, 11), (13, 12), (12, 12), (12, 13), (11, 13), (11, 14), (11, 15), (10, 15), (9, 15), (8, 15), (8, 16), (7, 16), (6, 16), (5, 16), (5, 17), (5, 18), (5, 19), (5, 20), (5, 21), (5, 22), (5, 23), (5, 24), (5, 25), (5, 26), (5, 27), (5, 28)]",290,1676,847,BFS,c2,h1,7
"(13, 11)","(5, 28)","[(13, 11), (13, 12), (13, 13), (13, 14), (13, 15), (13, 16), (13, 17), (13, 18), (13, 19), (12, 19), (12, 20), (12, 21), (11, 21), (10, 21), (10, 22), (10, 23), (10, 24), (9, 24), (8, 24), (7, 24), (7, 25), (6, 25), (6, 26), (5, 26), (5, 27), (5, 28)]",264,1683,850,BFS,c3,h1,7
"(13, 11)","(5, 28)","[(13, 11), (12, 11), (11, 11), (10, 11), (9, 11), (9, 12), (8, 12), (8, 13), (8, 14), (8, 15), (8, 16), (8, 17), (8, 18), (8, 19), (8, 20), (8, 21), (7, 21), (7, 22), (6, 22), (5, 22), (5, 23), (5, 24), (5, 25), (5, 26), (5, 27), (5, 28)]",267,1676,847,BFS,c4,h1,7
"(13, 11)","(5, 28)","[(13, 11), (13, 12), (13, 13), (12, 13), (12, 14), (12, 15), (12, 16), (12, 17), (12, 18), (12, 19), (11, 19), (11, 20), (10, 20), (9, 20), (8, 20), (8, 21), (8, 22), (7, 22), (7, 23), (7, 24), (7, 25), (6, 25), (5, 25), (5, 26), (5, 27), (5, 28)]",250,1667,841,BFS,c1,h1,8
"(13, 11)","(5, 28)","[(13, 11), (13, 12), (12, 12), (11, 12), (11, 13), (11, 14), (11, 15), (11, 16), (11, 17), (11, 18), (11, 19), (11, 20), (11, 21), (11, 22), (10, 22), (9, 22), (8, 22), (7, 22), (6, 22), (5, 22), (5, 23), (5, 24), (5, 25), (5, 26), (5, 27), (5, 28)]",290,1670,843,BFS,c2,h1,8
"(13, 11)","(5, 28)","[(13, 11), (12, 11), (12, 12), (11, 12), (10, 12), (10, 13), (9, 13), (8, 13), (8, 14), (7, 14), (6, 14), (5, 14), (5, 15), (5, 16), (5, 17), (5, 18), (5, 19), (5, 20), (5, 21), (5, 22), (5, 23), (5, 24), (5, 25), (5, 26), (5, 27), (5, 28)]",269,1670,843,BFS,c3,h1,8
"(13, 11)","(5, 28)","[(13, 11), (12, 11), (12, 12), (11, 12), (11, 13), (11, 14), (11, 15), (11, 16), (10, 16), (10, 17), (10, 18), (9, 18), (8, 18), (8, 19), (7, 19), (7, 20), (7, 21), (7, 22), (6, 22), (5, 22), (5, 23), (5, 24), (5, 25), (5, 26), (5, 27), (5, 28)]",252,1698,859,BFS,c4,h1,8
"(13, 11)","(5, 28)","[(13, 11), (12, 11), (11, 11), (11, 12), (11, 13), (10, 13), (10, 14), (9, 14), (8, 14), (7, 14), (7, 15), (6, 15), (5, 15), (5, 16), (5, 17), (5, 18), (5, 19), (5, 20), (5, 21), (5, 22), (5, 23), (5, 24), (5, 25), (5, 26), (5, 27), (5, 28)]",250,1670,843,BFS,c1,h1,9
"(13, 11)","(5, 28)","[(13, 11), (12, 11), (11, 11), (11, 12), (11, 13), (10, 13), (9, 13), (8, 13), (8, 14), (8, 15), (7, 15), (6, 15), (6, 16), (6, 17), (5, 17), (5, 18), (5, 19), (5, 20), (5, 21), (5, 22), (5, 23), (5, 24), (5, 25), (5, 26), (5, 27), (5, 28)]",290,1670,843,BFS,c2,h1,9
"(13, 11)","(5, 28)","[(13, 11), (13, 12), (12, 12), (11, 12), (10, 12), (10, 13), (10, 14), (10, 15), (10, 16), (9, 16), (8, 16), (8, 17), (7, 17), (7, 18), (6, 18), (5, 18), (5, 19), (5, 20), (5, 21), (5, 22), (5, 23), (5, 24), (5, 25), (5, 26), (5, 27), (5, 28)]",273,1670,843,BFS,c3,h1,9
"(13, 11)","(5, 28)","[(13, 11), (13, 12), (12, 12), (11, 12), (11, 13), (10, 13), (10, 14), (10, 15), (10, 16), (10, 17), (9, 17), (9, 18), (8, 18), (8, 19), (7, 19), (7, 20), (6, 20), (6, 21), (6, 22), (5, 22), (5, 23), (5, 24), (5, 25), (5, 26), (5, 27), (5, 28)]",251,1697,858,BFS,c4,h1,9
"(13, 11)","(5, 28)","[(13, 11), (12, 11), (11, 11), (11, 12), (10, 12), (9, 12), (9, 13), (9, 14), (9, 15), (8, 15), (7, 15), (6, 15), (6, 16), (6, 17), (5, 17), (5, 18), (5, 19), (5, 20), (5, 21), (5, 22), (5, 23), (5, 24), (5, 25), (5, 26), (5, 27), (5, 28)]",250,1698,859,BFS,c1,h1,10
"(13, 11)","(5, 28)","[(13, 11), (13, 12), (13, 13), (13, 14), (13, 15), (13, 16), (12, 16), (11, 16), (10, 16), (10, 17), (9, 17), (9, 18), (8, 18), (8, 19), (8, 20), (7, 20), (6, 20), (6, 21), (5, 21), (5, 22), (5, 23), (5, 24), (5, 25), (5, 26), (5, 27), (5, 28)]",290,1698,859,BFS,c2,h1,10
"(13, 11)","(5, 28)","[(13, 11), (12, 11), (12, 12), (11, 12), (10, 12), (10, 13), (10, 14), (10, 15), (10, 16), (9, 16), (8, 16), (7, 16), (7, 17), (7, 18), (7, 19), (6, 19), (6, 20), (5, 20), (5, 21), (5, 22), (5, 23), (5, 24), (5, 25), (5, 26), (5, 27), (5, 28)]",270,1676,847,BFS,c3,h1,10
"(13, 11)","(5, 28)","[(13, 11), (12, 11), (11, 11), (11, 12), (10, 12), (9, 12), (9, 13), (9, 14), (8, 14), (7, 14), (6, 14), (5, 14), (5, 15), (5, 16), (5, 17), (5, 18), (5, 19), (5, 20), (5, 21), (5, 22), (5, 23), (5, 24), (5, 25), (5, 26), (5, 27), (5, 28)]",242,1698,859,BFS,c4,h1,10
"(13, 11)","(5, 28)","[(13, 11), (13, 12), (13, 13), (12, 13), (11, 13), (11, 14), (11, 15), (10, 15), (10, 16), (9, 16), (9, 17), (9, 18), (8, 18), (7, 18), (6, 18), (6, 19), (6, 20), (5, 20), (5, 21), (5, 22), (5, 23), (5, 24), (5, 25), (5, 26), (5, 27), (5, 28)]",250,1698,859,BFS,c1,h1,11
"(13, 11)","(5, 28)","[(13, 11), (12, 11), (12, 12), (11, 12), (11, 13), (11, 14), (11, 15), (10, 15), (10, 16), (9, 16), (9, 17), (8, 17), (7, 17), (7, 18), (6, 18), (5, 18), (5, 19), (5, 20), (5, 21), (5, 22), (5, 23), (5, 24), (5, 25), (5, 26), (5, 27), (5, 28)]",290,1698,859,BFS,c2,h1,11
"(13, 11)","(5, 28)","[(13, 11), (13, 12), (12, 12), (11, 12), (11, 13), (11, 14), (10, 14), (10, 15), (9, 15), (8, 15), (8, 16), (8, 17), (7, 17), (6, 17), (6, 18), (5, 18), (5, 19), (5, 20), (5, 21), (5, 22), (5, 23), (5, 24), (5, 25), (5, 26), (5, 27), (5, 28)]",270,1692,855,BFS,c3,h1,11
"(13, 11)","(5, 28)","[(13, 11), (13, 12), (12, 12), (12, 13), (12, 14), (12, 15), (11, 15), (11, 16), (11, 17), (11, 18), (10, 18), (9, 18), (8, 18), (7, 18), (6, 18), (5, 18), (5, 19), (5, 20), (5, 21), (5, 22), (5, 23), (5, 24), (5, 25), (5, 26), (5, 27), (5, 28)]",237,1698,859,BFS,c4,h1,11
"(13, 11)","(5, 28)","[(13, 11), (12, 11), (11, 11), (10, 11), (9, 11), (9, 12), (8, 12), (7, 12), (6, 12), (5, 12), (5, 13), (5, 14), (5, 15), (5, 16), (5, 17), (5, 18), (5, 19), (5, 20), (5, 21), (5, 22), (5, 23), (5, 24), (5, 25), (5, 26), (5, 27), (5, 28)]",250,1698,859,BFS,c1,h1,12
"(13, 11)","(5, 28)","[(13, 11), (12, 11), (12, 12), (11, 12), (10, 12), (9, 12), (9, 13), (9, 14), (9, 15), (8, 15), (8, 16), (7, 16), (7, 17), (6, 17), (6, 18), (6, 19), (5, 19), (5, 20), (5, 21), (5, 22), (5, 23), (5, 24), (5, 25), (5, 26), (5, 27), (5, 28)]",290,1670,843,BFS,c2,h1,12
"(13, 11)","(5, 28)","[(13, 11), (13, 12), (12, 12), (11, 12), (10, 12), (9, 12), (8, 12), (7, 12), (7, 13), (6, 13), (6, 14), (6, 15), (6, 16), (6, 17), (6, 18), (6, 19), (5, 19), (5, 20), (5, 21), (5, 22), (5, 23), (5, 24), (5, 25), (5, 26), (5, 27), (5, 28)]",268,1698,859,BFS,c3,h1,12
"(13, 11)","(5, 28)","[(13, 11), (13, 12), (12, 12), (11, 12), (11, 13), (11, 14), (10, 14), (9, 14), (8, 14), (8, 15), (7, 15), (7, 16), (6, 16), (5, 16), (5, 17), (5, 18), (5, 19), (5, 20), (5, 21), (5, 22), (5, 23), (5, 24), (5, 25), (5, 26), (5, 27), (5, 28)]",239,1670,843,BFS,c4,h1,12
"(13, 11)","(5, 28)","[(13, 11), (12, 11), (12, 12), (11, 12), (10, 12), (10, 13), (9, 13), (9, 14), (8, 14), (8, 15), (7, 15), (6, 15), (5, 15), (5, 16), (5, 17), (5, 18), (5, 19), (5, 20), (5, 21), (5, 22), (5, 23), (5, 24), (5, 25), (5, 26), (5, 27), (5, 28)]",250,1670,843,BFS,c1,h1,13
"(13, 11)","(5, 28)","[(13, 11), (12, 11), (12, 12), (11, 12), (11, 13), (10, 13), (9, 13), (8, 13), (7, 13), (6, 13), (6, 14), (6, 15), (5, 15), (5, 16), (5, 17), (5, 18), (5, 19), (5, 20), (5, 21), (5, 22), (5, 23), (5, 24), (5, 25), (5, 26), (5, 27), (5, 28)]",290,1670,843,BFS,c2,h1,13
"(13, 11)","(5, 28)","[(13, 11), (13, 12), (13, 13), (13, 14), (12, 14), (12, 15), (11, 15), (11, 16), (11, 17), (11, 18), (10, 18), (10, 19), (9, 19), (9, 20), (8, 20), (7, 20), (6, 20), (6, 21), (6, 22), (5, 22), (5, 23), (5, 24), (5, 25), (5, 26), (5, 27), (5, 28)]",272,1670,843,BFS,c3,h1,13
"(13, 11)","(5, 28)","[(13, 11), (12, 11), (11, 11), (10, 11), (10, 12), (10, 13), (10, 14), (10, 15), (10, 16), (9, 16), (8, 16), (7, 16), (6, 16), (6, 17), (6, 18), (5, 18), (5, 19), (5, 20), (5, 21), (5, 22), (5, 23), (5, 24), (5, 25), (5, 26), (5, 27), (5, 28)]",243,1670,843,BFS,c4,h1,13
"(13, 11)","(5, 28)","[(13, 11), (12, 11), (12, 12), (11, 12), (10, 12), (10, 13), (10, 14), (10, 15), (10, 16), (10, 17), (9, 17), (8, 17), (7, 17), (7, 18), (6, 18), (6, 19), (5, 19), (5, 20), (5, 21), (5, 22), (5, 23), (5, 24), (5, 25), (5, 26), (5, 27), (5, 28)]",250,1670,843,BFS,c1,h1,14
"(13, 11)","(5, 28)","[(13, 11), (13, 12), (12, 12), (12, 13), (11, 13), (11, 14), (11, 15), (11, 16), (10, 16), (9, 16), (9, 17), (9, 18), (8, 18), (8, 19), (7, 19), (7, 20), (7, 21), (7, 22), (7, 23), (7, 24), (6, 24), (6, 25), (6, 26), (6, 27), (6, 28), (5, 28)]",290,1683,850,BFS,c2,h1,14
"(13, 11)","(5, 28)","[(13, 11), (13, 12), (13, 13), (12, 13), (11, 13), (11, 14), (11, 15), (11, 16), (11, 17), (11, 18), (10, 18), (9, 18), (9, 19), (8, 19), (8, 20), (8, 21), (7, 21), (7, 22), (7, 23), (6, 23), (6, 24), (5, 24), (5, 25), (5, 26), (5, 27), (5, 28)]",271,1669,842,BFS,c3,h1,14
"(13, 11)","(5, 28)","[(13, 11), (13, 12), (12, 12), (12, 13), (12, 14), (12, 15), (12, 16), (11, 16), (10, 16), (10, 17), (9, 17), (9, 18), (9, 19), (9, 20), (9, 21), (9, 22), (9, 23), (9, 24), (8, 24), (7, 24), (7, 25), (6, 25), (6, 26), (6, 27), (6, 28), (5, 28)]",244,1691,855,BFS,c4,h1,14
"(13, 11)","(5, 28)","[(13, 11), (13, 12), (12, 12), (12, 13), (11, 13), (10, 13), (10, 14), (10, 15), (10, 16), (9, 16), (8, 16), (7, 16), (6, 16), (6, 17), (5, 17), (5, 18), (5, 19), (5, 20), (5, 21), (5, 22), (5, 23), (5, 24), (5, 25), (5, 26), (5, 27), (5, 28)]",250,1698,859,BFS,c1,h1,15
"(13, 11)","(5, 28)","[(13, 11), (12, 11), (12, 12), (11, 12), (11, 13), (11, 14), (11, 15), (11, 16), (10, 16), (10, 17), (9, 17), (9, 18), (9, 19), (9, 20), (8, 20), (7, 20), (7, 21), (6, 21), (5, 21), (5, 22), (5, 23), (5, 24), (5, 25), (5, 26), (5, 27), (5, 28)]",290,1661,838,BFS,c2,h1,15
"(13, 11)","(5, 28)","[(13, 11), (13, 12), (13, 13), (12, 13), (12, 14), (12, 15), (11, 15), (10, 15), (9, 15), (8, 15), (8, 16), (7, 16), (7, 17), (6, 17), (6, 18), (6, 19), (5, 19), (5, 20), (5, 21), (5, 22), (5, 23), (5, 24), (5, 25), (5, 26), (5, 27), (5, 28)]",269,1670,843,BFS,c3,h1,15
"(13, 11)","(5, 28)","[(13, 11), (13, 12), (12, 12), (11, 12), (11, 13), (11, 14), (10, 14), (9, 14), (8, 14), (8, 15), (7, 15), (7, 16), (6, 16), (6, 17), (5, 17), (5, 18), (5, 19), (5, 20), (5, 21), (5, 22), (5, 23), (5, 24), (5, 25), (5, 26), (5, 27), (5, 28)]",240,1698,859,BFS,c4,h1,15
"(13, 11)","(5, 28)","[(13, 11), (13, 12), (12, 12), (12, 13), (11, 13), (10, 13), (10, 14), (9, 14), (9, 15), (9, 16), (9, 17), (8, 17), (8, 18), (7, 18), (6, 18), (5, 18), (5, 19), (5, 20), (5, 21), (5, 22), (5, 23), (5, 24), (5, 25), (5, 26), (5, 27), (5, 28)]",250,1670,843,BFS,c1,h1,16
"(13, 11)","(5, 28)","[(13, 11), (12, 11), (12, 12), (11, 12), (10, 12), (9, 12), (8, 12), (7, 12), (6, 12), (6, 13), (5, 13), (5, 14), (5, 15), (5, 16), (5, 17), (5, 18), (5, 19), (5, 20), (5, 21), (5, 22), (5, 23), (5, 24), (5, 25), (5, 26), (5, 27), (5, 28)]",290,1670,843,BFS,c2,h1,16
"(13, 11)","(5, 28)","[(13, 11), (13, 12), (12, 12), (12, 13), (12, 14), (12, 15), (12, 16), (12, 17), (12, 18), (12, 19), (11, 19), (11, 20), (10, 20), (9, 20), (9, 21), (8, 21), (8, 22), (7, 22), (7, 23), (6, 23), (5, 23), (5, 24), (5, 25), (5, 26), (5, 27), (5, 28)]",270,1692,855,BFS,c3,h1,16
"(13, 11)","(5, 28)","[(13, 11), (13, 12), (13, 13), (13, 14), (13, 15), (13, 16), (12, 16), (12, 17), (12, 18), (12, 19), (11, 19), (11, 20), (11, 21), (10, 21), (10, 22), (9, 22), (8, 22), (7, 22), (7, 23), (7, 24), (7, 25), (6, 25), (6, 26), (6, 27), (5, 27), (5, 28)]",238,1691,855,BFS,c4,h1,16
"(13, 11)","(5, 28)","[(13, 11), (12, 11), (12, 12), (11, 12), (10, 12), (10, 13), (9, 13), (8, 13), (8, 14), (8, 15), (7, 15), (6, 15), (6, 16), (5, 16), (5, 17), (5, 18), (5, 19), (5, 20), (5, 21), (5, 22), (5, 23), (5, 24), (5, 25), (5, 26), (5, 27), (5, 28)]",250,1698,859,BFS,c1,h1,17
"(13, 11)","(5, 28)","[(13, 11), (13, 12), (12, 12), (12, 13), (12, 14), (11, 14), (10, 14), (9, 14), (9, 15), (9, 16), (8, 16), (8, 17), (8, 18), (7, 18), (7, 19), (7, 20), (6, 20), (5, 20), (5, 21), (5, 22), (5, 23), (5, 24), (5, 25), (5, 26), (5, 27), (5, 28)]",290,1676,847,BFS,c2,h1,17
"(13, 11)","(5, 28)","[(13, 11), (12, 11), (11, 11), (10, 11), (10, 12), (9, 12), (9, 13), (8, 13), (7, 13), (6, 13), (5, 13), (5, 14), (5, 15), (5, 16), (5, 17), (5, 18), (5, 19), (5, 20), (5, 21), (5, 22), (5, 23), (5, 24), (5, 25), (5, 26), (5, 27), (5, 28)]",273,1670,843,BFS,c3,h1,17
"(13, 11)","(5, 28)","[(13, 11), (12, 11), (12, 12), (11, 12), (11, 13), (11, 14), (11, 15), (11, 16), (10, 16), (10, 17), (9, 17), (9, 18), (9, 19), (8, 19), (8, 20), (7, 20), (6, 20), (6, 21), (6, 22), (6, 23), (6, 24), (6, 25), (5, 25), (5, 26), (5, 27), (5, 28)]",243,1667,841,BFS,c4,h1,17
"(13, 11)","(5, 28)","[(13, 11), (13, 12), (12, 12), (11, 12), (10, 12), (9, 12), (8, 12), (8, 13), (8, 14), (7, 14), (6, 14), (6, 15), (6, 16), (5, 16), (5, 17), (5, 18), (5, 19), (5, 20), (5, 21), (5, 22), (5, 23), (5, 24), (5, 25), (5, 26), (5, 27), (5, 28)]",250,1698,859,BFS,c1,h1,18
"(13, 11)","(5, 28)","[(13, 11), (13, 12), (13, 13), (12, 13), (11, 13), (11, 14), (11, 15), (11, 16), (10, 16), (9, 16), (9, 17), (9, 18), (8, 18), (8, 19), (7, 19), (7, 20), (6, 20), (6, 21), (5, 21), (5, 22), (5, 23), (5, 24), (5, 25), (5, 26), (5, 27), (5, 28)]",290,1670,843,BFS,c2,h1,18
"(13, 11)","(5, 28)","[(13, 11), (13, 12), (13, 13), (12, 13), (12, 14), (12, 15), (11, 15), (11, 16), (10, 16), (9, 16), (9, 17), (8, 17), (8, 18), (8, 19), (8, 20), (8, 21), (7, 21), (7, 22), (7, 23), (7, 24), (6, 24), (5, 24), (5, 25), (5, 26), (5, 27), (5, 28)]",272,1691,855,BFS,c3,h1,18
"(13, 11)","(5, 28)","[(13, 11), (12, 11), (12, 12), (11, 12), (10, 12), (9, 12), (9, 13), (8, 13), (8, 14), (8, 15), (8, 16), (8, 17), (7, 17), (7, 18), (6, 18), (6, 19), (5, 19), (5, 20), (5, 21), (5, 22), (5, 23), (5, 24), (5, 25), (5, 26), (5, 27), (5, 28)]",252,1670,843,BFS,c4,h1,18
"(13, 11)","(5, 28)","[(13, 11), (13, 12), (13, 13), (12, 13), (11, 13), (10, 13), (9, 13), (8, 13), (8, 14), (8, 15), (7, 15), (7, 16), (7, 17), (6, 17), (6, 18), (5, 18), (5, 19), (5, 20), (5, 21), (5, 22), (5, 23), (5, 24), (5, 25), (5, 26), (5, 27), (5, 28)]",250,1670,843,BFS,c1,h1,19
"(13, 11)","(5, 28)","[(13, 11), (12, 11), (11, 11), (11, 12), (11, 13), (11, 14), (11, 15), (10, 15), (9, 15), (8, 15), (7, 15), (6, 15), (6, 16), (5, 16), (5, 17), (5, 18), (5, 19), (5, 20), (5, 21), (5, 22), (5, 23), (5, 24), (5, 25), (5, 26), (5, 27), (5, 28)]",290,1698,859,BFS,c2,h1,19
"(13, 11)","(5, 28)","[(13, 11), (13, 12), (13, 13), (12, 13), (12, 14), (11, 14), (10, 14), (9, 14), (8, 14), (7, 14), (6, 14), (5, 14), (5, 15), (5, 16), (5, 17), (5, 18), (5, 19), (5, 20), (5, 21), (5, 22), (5, 23), (5, 24), (5, 25), (5, 26), (5, 27), (5, 28)]",267,1692,855,BFS,c3,h1,19
"(13, 11)","(5, 28)","[(13, 11), (13, 12), (13, 13), (13, 14), (12, 14), (12, 15), (12, 16), (12, 17), (11, 17), (11, 18), (10, 18), (10, 19), (9, 19), (8, 19), (8, 20), (7, 20), (6, 20), (6, 21), (6, 22), (6, 23), (6, 24), (6, 25), (6, 26), (5, 26), (5, 27), (5, 28)]",236,1685,851,BFS,c4,h1,19
"(13, 11)","(5, 28)","[(13, 11), (12, 11), (12, 12), (12, 13), (11, 13), (10, 13), (10, 14), (10, 15), (9, 15), (9, 16), (8, 16), (8, 17), (7, 17), (7, 18), (7, 19), (7, 20), (6, 20), (6, 21), (6, 22), (5, 22), (5, 23), (5, 24), (5, 25), (5, 26), (5, 27), (5, 28)]",250,1670,843,BFS,c1,h1,20
"(13, 11)","(5, 28)","[(13, 11), (13, 12), (12, 12), (11, 12), (11, 13), (11, 14), (10, 14), (10, 15), (9, 15), (8, 15), (8, 16), (7, 16), (7, 17), (7, 18), (7, 19), (6, 19), (5, 19), (5, 20), (5, 21), (5, 22), (5, 23), (5, 24), (5, 25), (5, 26), (5, 27), (5, 28)]",290,1670,843,BFS,c2,h1,20
"(13, 11)","(5, 28)","[(13, 11), (12, 11), (11, 11), (11, 12), (10, 12), (10, 13), (10, 14), (9, 14), (8, 14), (7, 14), (7, 15), (6, 15), (5, 15), (5, 16), (5, 17), (5, 18), (5, 19), (5, 20), (5, 21), (5, 22), (5, 23), (5, 24), (5, 25), (5, 26), (5, 27), (5, 28)]",268,1698,859,BFS,c3,h1,20
"(13, 11)","(5, 28)","[(13, 11), (13, 12), (13, 13), (13, 14), (12, 14), (11, 14), (10, 14), (9, 14), (9, 15), (9, 16), (9, 17), (9, 18), (9, 19), (9, 20), (9, 21), (8, 21), (8, 22), (7, 22), (7, 23), (6, 23), (5, 23), (5, 24), (5, 25), (5, 26), (5, 27), (5, 28)]",259,1698,859,BFS,c4,h1,20
"(1, 12)","(18, 4)","[(1, 12), (1, 11), (1, 10), (1, 9), (1, 8), (2, 8), (3, 8), (3, 7), (3, 6), (4, 6), (4, 5), (4, 4), (5, 4), (6, 4), (7, 4), (8, 4), (9, 4), (10, 4), (11, 4), (12, 4), (13, 4), (14, 4), (15, 4), (16, 4), (17, 4), (18, 4)]",250,1161,580,BFS,c1,h1,1
"(1, 12)","(18, 4)","[(1, 12), (2, 12), (2, 11), (2, 10), (3, 10), (4, 10), (4, 9), (5, 9), (5, 8), (5, 7), (5, 6), (5, 5), (5, 4), (6, 4), (7, 4), (8, 4), (9, 4), (10, 4), (11, 4), (12, 4), (13, 4), (14, 4), (15, 4), (16, 4), (17, 4), (18, 4)]",335,1161,580,BFS,c2,h1,1
"(1, 12)","(18, 4)","[(1, 12), (1, 11), (1, 10), (1, 9), (1, 8), (1, 7), (2, 7), (3, 7), (4, 7), (5, 7), (5, 6), (6, 6), (6, 5), (6, 4), (7, 4), (8, 4), (9, 4), (10, 4), (11, 4), (12, 4), (13, 4), (14, 4), (15, 4), (16, 4), (17, 4), (18, 4)]",290,1126,562,BFS,c3,h1,1
"(1, 12)","(18, 4)","[(1, 12), (1, 11), (2, 11), (2, 10), (3, 10), (3, 9), (4, 9), (5, 9), (6, 9), (6, 8), (7, 8), (8, 8), (8, 7), (8, 6), (9, 6), (10, 6), (10, 5), (10, 4), (11, 4), (12, 4), (13, 4), (14, 4), (15, 4), (16, 4), (17, 4), (18, 4)]",235,1126,562,BFS,c4,h1,1
"(1, 12)","(18, 4)","[(1, 12), (1, 11), (1, 10), (2, 10), (2, 9), (2, 8), (2, 7), (3, 7), (3, 6), (4, 6), (4, 5), (5, 5), (6, 5), (7, 5), (7, 4), (8, 4), (9, 4), (10, 4), (11, 4), (12, 4), (13, 4), (14, 4), (15, 4), (16, 4), (17, 4), (18, 4)]",250,1126,562,BFS,c1,h1,2
"(1, 12)","(18, 4)","[(1, 12), (1, 11), (1, 10), (1, 9), (1, 8), (1, 7), (2, 7), (2, 6), (2, 5), (3, 5), (4, 5), (5, 5), (5, 4), (6, 4), (7, 4), (8, 4), (9, 4), (10, 4), (11, 4), (12, 4), (13, 4), (14, 4), (15, 4), (16, 4), (17, 4), (18, 4)]",335,1126,562,BFS,c2,h1,2
"(1, 12)","(18, 4)","[(1, 12), (1, 11), (2, 11), (3, 11), (4, 11), (5, 11), (6, 11), (6, 10), (7, 10), (7, 9), (8, 9), (8, 8), (9, 8), (9, 7), (10, 7), (10, 6), (11, 6), (11, 5), (11, 4), (12, 4), (13, 4), (14, 4), (15, 4), (16, 4), (17, 4), (18, 4)]",291,1126,562,BFS,c3,h1,2
"(1, 12)","(18, 4)","[(1, 12), (1, 11), (2, 11), (3, 11), (4, 11), (5, 11), (6, 11), (7, 11), (8, 11), (8, 10), (8, 9), (9, 9), (10, 9), (11, 9), (11, 8), (11, 7), (12, 7), (12, 6), (13, 6), (13, 5), (14, 5), (14, 4), (15, 4), (16, 4), (17, 4), (18, 4)]",240,1126,562,BFS,c4,h1,2
"(1, 12)","(18, 4)","[(1, 12), (2, 12), (3, 12), (3, 11), (4, 11), (5, 11), (6, 11), (6, 10), (7, 10), (7, 9), (8, 9), (9, 9), (9, 8), (10, 8), (10, 7), (11, 7), (12, 7), (12, 6), (13, 6), (13, 5), (14, 5), (15, 5), (16, 5), (16, 4), (17, 4), (18, 4)]",250,1123,560,BFS,c1,h1,3
"(1, 12)","(18, 4)","[(1, 12), (2, 12), (2, 11), (2, 10), (2, 9), (2, 8), (2, 7), (3, 7), (4, 7), (5, 7), (5, 6), (5, 5), (5, 4), (6, 4), (7, 4), (8, 4), (9, 4), (10, 4), (11, 4), (12, 4), (13, 4), (14, 4), (15, 4), (16, 4), (17, 4), (18, 4)]",335,1126,562,BFS,c2,h1,3
"(1, 12)","(18, 4)","[(1, 12), (2, 12), (2, 11), (2, 10), (2, 9), (3, 9), (4, 9), (4, 8), (5, 8), (6, 8), (6, 7), (7, 7), (7, 6), (8, 6), (9, 6), (10, 6), (11, 6), (12, 6), (13, 6), (13, 5), (14, 5), (15, 5), (16, 5), (17, 5), (17, 4), (18, 4)]",291,1156,577,BFS,c3,h1,3
"(1, 12)","(18, 4)","[(1, 12), (2, 12), (2, 11), (3, 11), (4, 11), (5, 11), (6, 11), (6, 10), (7, 10), (7, 9), (7, 8), (8, 8), (9, 8), (9, 7), (9, 6), (9, 5), (9, 4), (10, 4), (11, 4), (12, 4), (13, 4), (14, 4), (15, 4), (16, 4), (17, 4), (18, 4)]",245,1161,580,BFS,c4,h1,3
"(1, 12)","(18, 4)","[(1, 12), (1, 11), (2, 11), (3, 11), (3, 10), (4, 10), (5, 10), (6, 10), (6, 9), (7, 9), (8, 9), (8, 8), (9, 8), (10, 8), (11, 8), (12, 8), (13, 8), (14, 8), (15, 8), (16, 8), (16, 7), (16, 6), (17, 6), (18, 6), (18, 5), (18, 4)]",250,1158,578,BFS,c1,h1,4
"(1, 12)","(18, 4)","[(1, 12), (1, 11), (2, 11), (2, 10), (2, 9), (2, 8), (2, 7), (3, 7), (4, 7), (5, 7), (6, 7), (7, 7), (8, 7), (9, 7), (9, 6), (10, 6), (10, 5), (10, 4), (11, 4), (12, 4), (13, 4), (14, 4), (15, 4), (16, 4), (17, 4), (18, 4)]",335,1126,562,BFS,c2,h1,4
"(1, 12)","(18, 4)","[(1, 12), (2, 12), (2, 11), (3, 11), (4, 11), (5, 11), (6, 11), (7, 11), (8, 11), (8, 10), (9, 10), (9, 9), (9, 8), (10, 8), (11, 8), (12, 8), (13, 8), (14, 8), (14, 7), (15, 7), (15, 6), (15, 5), (15, 4), (16, 4), (17, 4), (18, 4)]",287,1154,576,BFS,c3,h1,4
"(1, 12)","(18, 4)","[(1, 12), (2, 12), (2, 11), (2, 10), (3, 10), (3, 9), (4, 9), (4, 8), (4, 7), (4, 6), (4, 5), (5, 5), (5, 4), (6, 4), (7, 4), (8, 4), (9, 4), (10, 4), (11, 4), (12, 4), (13, 4), (14, 4), (15, 4), (16, 4), (17, 4), (18, 4)]",247,1161,580,BFS,c4,h1,4
"(1, 12)","(18, 4)","[(1, 12), (2, 12), (2, 11), (2, 10), (2, 9), (3, 9), (4, 9), (5, 9), (6, 9), (7, 9), (8, 9), (9, 9), (9, 8), (9, 7), (9, 6), (10, 6), (11, 6), (11, 5), (12, 5), (12, 4), (13, 4), (14, 4), (15, 4), (16, 4), (17, 4), (18, 4)]",250,1161,580,BFS,c1,h1,5
"(1, 12)","(18, 4)","[(1, 12), (1, 11), (1, 10), (1, 9), (1, 8), (2, 8), (3, 8), (4, 8), (5, 8), (5, 7), (5, 6), (6, 6), (6, 5), (6, 4), (7, 4), (8, 4), (9, 4), (10, 4), (11, 4), (12, 4), (13, 4), (14, 4), (15, 4), (16, 4), (17, 4), (18, 4)]",335,1126,562,BFS,c2,h1,5
"(1, 12)","(18, 4)","[(1, 12), (2, 12), (2, 11), (2, 10), (3, 10), (3, 9), (3, 8), (3, 7), (3, 6), (4, 6), (5, 6), (5, 5), (6, 5), (7, 5), (7, 4), (8, 4), (9, 4), (10, 4), (11, 4), (12, 4), (13, 4), (14, 4), (15, 4), (16, 4), (17, 4), (18, 4)]",294,1126,562,BFS,c3,h1,5
"(1, 12)","(18, 4)","[(1, 12), (2, 12), (2, 11), (3, 11), (3, 10), (4, 10), (5, 10), (6, 10), (7, 10), (7, 9), (8, 9), (8, 8), (9, 8), (10, 8), (11, 8), (12, 8), (13, 8), (13, 7), (13, 6), (14, 6), (14, 5), (15, 5), (16, 5), (16, 4), (17, 4), (18, 4)]",232,1123,560,BFS,c4,h1,5
"(1, 12)","(18, 4)","[(1, 12), (2, 12), (3, 12), (4, 12), (4, 11), (4, 10), (5, 10), (5, 9), (5, 8), (6, 8), (7, 8), (8, 8), (8, 7), (9, 7), (9, 6), (10, 6), (10, 5), (11, 5), (11, 4), (12, 4), (13, 4), (14, 4), (15, 4), (16, 4), (17, 4), (18, 4)]",250,1154,576,BFS,c1,h1,6
"(1, 12)","(18, 4)","[(1, 12), (1, 11), (2, 11), (3, 11), (3, 10), (4, 10), (5, 10), (6, 10), (7, 10), (7, 9), (7, 8), (7, 7), (8, 7), (9, 7), (10, 7), (10, 6), (11, 6), (11, 5), (12, 5), (13, 5), (13, 4), (14, 4), (15, 4), (16, 4), (17, 4), (18, 4)]",335,1126,562,BFS,c2,h1,6
"(1, 12)","(18, 4)","[(1, 12), (2, 12), (3, 12), (4, 12), (4, 11), (4, 10), (4, 9), (5, 9), (5, 8), (5, 7), (5, 6), (6, 6), (6, 5), (6, 4), (7, 4), (8, 4), (9, 4), (10, 4), (11, 4), (12, 4), (13, 4), (14, 4), (15, 4), (16, 4), (17, 4), (18, 4)]",291,1161,580,BFS,c3,h1,6
"(1, 12)","(18, 4)","[(1, 12), (1, 11), (2, 11), (3, 11), (4, 11), (4, 10), (4, 9), (4, 8), (5, 8), (6, 8), (6, 7), (6, 6), (6, 5), (6, 4), (7, 4), (8, 4), (9, 4), (10, 4), (11, 4), (12, 4), (13, 4), (14, 4), (15, 4), (16, 4), (17, 4), (18, 4)]",248,1126,562,BFS,c4,h1,6
"(1, 12)","(18, 4)","[(1, 12), (2, 12), (2, 11), (2, 10), (3, 10), (3, 9), (4, 9), (4, 8), (4, 7), (4, 6), (4, 5), (4, 4), (5, 4), (6, 4), (7, 4), (8, 4), (9, 4), (10, 4), (11, 4), (12, 4), (13, 4), (14, 4), (15, 4), (16, 4), (17, 4), (18, 4)]",250,1126,562,BFS,c1,h1,7
"(1, 12)","(18, 4)","[(1, 12), (2, 12), (3, 12), (4, 12), (5, 12), (5, 11), (5, 10), (6, 10), (7, 10), (8, 10), (8, 9), (9, 9), (10, 9), (10, 8), (11, 8), (12, 8), (12, 7), (12, 6), (12, 5), (12, 4), (13, 4), (14, 4), (15, 4), (16, 4), (17, 4), (18, 4)]",335,1161,580,BFS,c2,h1,7
"(1, 12)","(18, 4)","[(1, 12), (1, 11), (1, 10), (2, 10), (3, 10), (4, 10), (4, 9), (5, 9), (5, 8), (6, 8), (7, 8), (7, 7), (8, 7), (9, 7), (10, 7), (11, 7), (11, 6), (11, 5), (12, 5), (13, 5), (14, 5), (15, 5), (16, 5), (16, 4), (17, 4), (18, 4)]",292,1123,560,BFS,c3,h1,7
"(1, 12)","(18, 4)","[(1, 12), (2, 12), (3, 12), (4, 12), (4, 11), (5, 11), (6, 11), (6, 10), (6, 9), (7, 9), (7, 8), (7, 7), (7, 6), (8, 6), (8, 5), (9, 5), (9, 4), (10, 4), (11, 4), (12, 4), (13, 4), (14, 4), (15, 4), (16, 4), (17, 4), (18, 4)]",251,1161,580,BFS,c4,h1,7
"(1, 12)","(18, 4)","[(1, 12), (1, 11), (1, 10), (1, 9), (2, 9), (3, 9), (4, 9), (5, 9), (5, 8), (5, 7), (5, 6), (6, 6), (6, 5), (6, 4), (7, 4), (8, 4), (9, 4), (10, 4), (11, 4), (12, 4), (13, 4), (14, 4), (15, 4), (16, 4), (17, 4), (18, 4)]",250,1126,562,BFS,c1,h1,8
"(1, 12)","(18, 4)","[(1, 12), (2, 12), (3, 12), (4, 12), (4, 11), (4, 10), (5, 10), (6, 10), (6, 9), (6, 8), (6, 7), (6, 6), (7, 6), (8, 6), (9, 6), (10, 6), (11, 6), (11, 5), (12, 5), (13, 5), (14, 5), (14, 4), (15, 4), (16, 4), (17, 4), (18, 4)]",335,1121,559,BFS,c2,h1,8
"(1, 12)","(18, 4)","[(1, 12), (1, 11), (1, 10), (2, 10), (2, 9), (3, 9), (3, 8), (4, 8), (5, 8), (5, 7), (6, 7), (6, 6), (7, 6), (7, 5), (8, 5), (9, 5), (9, 4), (10, 4), (11, 4), (12, 4), (13, 4), (14, 4), (15, 4), (16, 4), (17, 4), (18, 4)]",288,1161,580,BFS,c3,h1,8
"(1, 12)","(18, 4)","[(1, 12), (1, 11), (2, 11), (3, 11), (4, 11), (5, 11), (6, 11), (7, 11), (8, 11), (9, 11), (9, 10), (9, 9), (9, 8), (9, 7), (9, 6), (9, 5), (9, 4), (10, 4), (11, 4), (12, 4), (13, 4), (14, 4), (15, 4), (16, 4), (17, 4), (18, 4)]",245,1161,580,BFS,c4,h1,8
"(1, 12)","(18, 4)","[(1, 12), (2, 12), (3, 12), (3, 11), (4, 11), (4, 10), (4, 9), (5, 9), (5, 8), (6, 8), (7, 8), (7, 7), (8, 7), (9, 7), (10, 7), (10, 6), (10, 5), (10, 4), (11, 4), (12, 4), (13, 4), (14, 4), (15, 4), (16, 4), (17, 4), (18, 4)]",250,1126,562,BFS,c1,h1,9
"(1, 12)","(18, 4)","[(1, 12), (2, 12), (2, 11), (3, 11), (4, 11), (4, 10), (4, 9), (4, 8), (5, 8), (5, 7), (6, 7), (7, 7), (8, 7), (9, 7), (10, 7), (10, 6), (10, 5), (11, 5), (12, 5), (13, 5), (13, 4), (14, 4), (15, 4), (16, 4), (17, 4), (18, 4)]",335,1121,559,BFS,c2,h1,9
"(1, 12)","(18, 4)","[(1, 12), (1, 11), (2, 11), (2, 10), (2, 9), (2, 8), (2, 7), (3, 7), (4, 7), (4, 6), (5, 6), (6, 6), (6, 5), (7, 5), (7, 4), (8, 4), (9, 4), (10, 4), (11, 4), (12, 4), (13, 4), (14, 4), (15, 4), (16, 4), (17, 4), (18, 4)]",292,1126,562,BFS,c3,h1,9
"(1, 12)","(18, 4)","[(1, 12), (2, 12), (2, 11), (2, 10), (2, 9), (3, 9), (3, 8), (4, 8), (5, 8), (6, 8), (7, 8), (7, 7), (8, 7), (8, 6), (8, 5), (8, 4), (9, 4), (10, 4), (11, 4), (12, 4), (13, 4), (14, 4), (15, 4), (16, 4), (17, 4), (18, 4)]",237,1161,580,BFS,c4,h1,9
"(1, 12)","(18, 4)","[(1, 12), (1, 11), (1, 10), (1, 9), (1, 8), (2, 8), (2, 7), (2, 6), (2, 5), (2, 4), (3, 4), (4, 4), (5, 4), (6, 4), (7, 4), (8, 4), (9, 4), (10, 4), (11, 4), (12, 4), (13, 4), (14, 4), (15, 4), (16, 4), (17, 4), (18, 4)]",250,1126,562,BFS,c1,h1,10
"(1, 12)","(18, 4)","[(1, 12), (1, 11), (1, 10), (2, 10), (3, 10), (3, 9), (4, 9), (4, 8), (5, 8), (5, 7), (5, 6), (6, 6), (6, 5), (7, 5), (7, 4), (8, 4), (9, 4), (10, 4), (11, 4), (12, 4), (13, 4), (14, 4), (15, 4), (16, 4), (17, 4), (18, 4)]",335,1161,580,BFS,c2,h1,10
"(1, 12)","(18, 4)","[(1, 12), (2, 12), (3, 12), (4, 12), (5, 12), (5, 11), (5, 10), (6, 10), (6, 9), (6, 8), (7, 8), (8, 8), (9, 8), (10, 8), (10, 7), (11, 7), (11, 6), (12, 6), (13, 6), (14, 6), (15, 6), (16, 6), (17, 6), (18, 6), (18, 5), (18, 4)]",289,1158,578,BFS,c3,h1,10
"(1, 12)","(18, 4)","[(1, 12), (1, 11), (2, 11), (3, 11), (3, 10), (4, 10), (4, 9), (4, 8), (5, 8), (5, 7), (6, 7), (6, 6), (7, 6), (7, 5), (7, 4), (8, 4), (9, 4), (10, 4), (11, 4), (12, 4), (13, 4), (14, 4), (15, 4), (16, 4), (17, 4), (18, 4)]",244,1126,562,BFS,c4,h1,10
"(1, 12)","(18, 4)","[(1, 12), (2, 12), (3, 12), (4, 12), (5, 12), (6, 12), (6, 11), (7, 11), (7, 10), (7, 9), (7, 8), (8, 8), (9, 8), (10, 8), (11, 8), (12, 8), (13, 8), (14, 8), (15, 8), (15, 7), (16, 7), (17, 7), (17, 6), (17, 5), (18, 5), (18, 4)]",250,1154,576,BFS,c1,h1,11
"(1, 12)","(18, 4)","[(1, 12), (2, 12), (2, 11), (3, 11), (3, 10), (4, 10), (4, 9), (5, 9), (6, 9), (7, 9), (8, 9), (9, 9), (9, 8), (10, 8), (10, 7), (10, 6), (11, 6), (12, 6), (13, 6), (14, 6), (14, 5), (15, 5), (16, 5), (16, 4), (17, 4), (18, 4)]",335,1123,560,BFS,c2,h1,11
"(1, 12)","(18, 4)","[(1, 12), (2, 12), (2, 11), (2, 10), (3, 10), (4, 10), (4, 9), (5, 9), (6, 9), (6, 8), (6, 7), (7, 7), (7, 6), (7, 5), (7, 4), (8, 4), (9, 4), (10, 4), (11, 4), (12, 4), (13, 4), (14, 4), (15, 4), (16, 4), (17, 4), (18, 4)]",287,1126,562,BFS,c3,h1,11
"(1, 12)","(18, 4)","[(1, 12), (2, 12), (2, 11), (3, 11), (3, 10), (3, 9), (3, 8), (3, 7), (3, 6), (3, 5), (4, 5), (5, 5), (5, 4), (6, 4), (7, 4), (8, 4), (9, 4), (10, 4), (11, 4), (12, 4), (13, 4), (14, 4), (15, 4), (16, 4), (17, 4), (18, 4)]",244,1161,580,BFS,c4,h1,11
"(1, 12)","(18, 4)","[(1, 12), (2, 12), (3, 12), (4, 12), (4, 11), (4, 10), (4, 9), (5, 9), (5, 8), (5, 7), (6, 7), (6, 6), (6, 5), (6, 4), (7, 4), (8, 4), (9, 4), (10, 4), (11, 4), (12, 4), (13, 4), (14, 4), (15, 4), (16, 4), (17, 4), (18, 4)]",250,1161,580,BFS,c1,h1,12
"(1, 12)","(18, 4)","[(1, 12), (1, 11), (2, 11), (2, 10), (2, 9), (2, 8), (2, 7), (2, 6), (2, 5), (3, 5), (3, 4), (4, 4), (5, 4), (6, 4), (7, 4), (8, 4), (9, 4), (10, 4), (11, 4), (12, 4), (13, 4), (14, 4), (15, 4), (16, 4), (17, 4), (18, 4)]",335,1126,562,BFS,c2,h1,12
"(1, 12)","(18, 4)","[(1, 12), (2, 12), (3, 12), (3, 11), (4, 11), (5, 11), (5, 10), (5, 9), (5, 8), (6, 8), (6, 7), (7, 7), (7, 6), (7, 5), (8, 5), (8, 4), (9, 4), (10, 4), (11, 4), (12, 4), (13, 4), (14, 4), (15, 4), (16, 4), (17, 4), (18, 4)]",288,1161,580,BFS,c3,h1,12
"(1, 12)","(18, 4)","[(1, 12), (1, 11), (2, 11), (2, 10), (3, 10), (4, 10), (5, 10), (6, 10), (7, 10), (8, 10), (9, 10), (10, 10), (10, 9), (10, 8), (11, 8), (12, 8), (12, 7), (12, 6), (13, 6), (14, 6), (14, 5), (15, 5), (16, 5), (17, 5), (17, 4), (18, 4)]",228,1154,576,BFS,c4,h1,12
"(1, 12)","(18, 4)","[(1, 12), (1, 11), (2, 11), (3, 11), (3, 10), (3, 9), (4, 9), (4, 8), (5, 8), (6, 8), (7, 8), (7, 7), (7, 6), (8, 6), (8, 5), (8, 4), (9, 4), (10, 4), (11, 4), (12, 4), (13, 4), (14, 4), (15, 4), (16, 4), (17, 4), (18, 4)]",250,1126,562,BFS,c1,h1,13
"(1, 12)","(18, 4)","[(1, 12), (2, 12), (3, 12), (4, 12), (5, 12), (6, 12), (7, 12), (8, 12), (8, 11), (8, 10), (8, 9), (8, 8), (8, 7), (9, 7), (9, 6), (10, 6), (10, 5), (10, 4), (11, 4), (12, 4), (13, 4), (14, 4), (15, 4), (16, 4), (17, 4), (18, 4)]",335,1161,580,BFS,c2,h1,13
"(1, 12)","(18, 4)","[(1, 12), (1, 11), (1, 10), (2, 10), (3, 10), (4, 10), (4, 9), (4, 8), (5, 8), (6, 8), (6, 7), (6, 6), (7, 6), (7, 5), (7, 4), (8, 4), (9, 4), (10, 4), (11, 4), (12, 4), (13, 4), (14, 4), (15, 4), (16, 4), (17, 4), (18, 4)]",288,1126,562,BFS,c3,h1,13
"(1, 12)","(18, 4)","[(1, 12), (2, 12), (3, 12), (3, 11), (3, 10), (3, 9), (4, 9), (4, 8), (4, 7), (5, 7), (6, 7), (6, 6), (6, 5), (6, 4), (7, 4), (8, 4), (9, 4), (10, 4), (11, 4), (12, 4), (13, 4), (14, 4), (15, 4), (16, 4), (17, 4), (18, 4)]",246,1161,580,BFS,c4,h1,13
"(1, 12)","(18, 4)","[(1, 12), (2, 12), (3, 12), (3, 11), (4, 11), (4, 10), (4, 9), (4, 8), (5, 8), (6, 8), (6, 7), (6, 6), (6, 5), (6, 4), (7, 4), (8, 4), (9, 4), (10, 4), (11, 4), (12, 4), (13, 4), (14, 4), (15, 4), (16, 4), (17, 4), (18, 4)]",250,1126,562,BFS,c1,h1,14
"(1, 12)","(18, 4)","[(1, 12), (2, 12), (3, 12), (3, 11), (3, 10), (3, 9), (3, 8), (4, 8), (5, 8), (5, 7), (5, 6), (5, 5), (5, 4), (6, 4), (7, 4), (8, 4), (9, 4), (10, 4), (11, 4), (12, 4), (13, 4), (14, 4), (15, 4), (16, 4), (17, 4), (18, 4)]",335,1161,580,BFS,c2,h1,14
"(1, 12)","(18, 4)","[(1, 12), (1, 11), (2, 11), (2, 10), (2, 9), (2, 8), (3, 8), (3, 7), (4, 7), (5, 7), (5, 6), (5, 5), (6, 5), (7, 5), (8, 5), (8, 4), (9, 4), (10, 4), (11, 4), (12, 4), (13, 4), (14, 4), (15, 4), (16, 4), (17, 4), (18, 4)]",290,1161,580,BFS,c3,h1,14
"(1, 12)","(18, 4)","[(1, 12), (1, 11), (1, 10), (1, 9), (2, 9), (3, 9), (3, 8), (4, 8), (4, 7), (4, 6), (4, 5), (4, 4), (5, 4), (6, 4), (7, 4), (8, 4), (9, 4), (10, 4), (11, 4), (12, 4), (13, 4), (14, 4), (15, 4), (16, 4), (17, 4), (18, 4)]",243,1161,580,BFS,c4,h1,14
"(1, 12)","(18, 4)","[(1, 12), (2, 12), (2, 11), (2, 10), (2, 9), (3, 9), (4, 9), (4, 8), (5, 8), (5, 7), (6, 7), (7, 7), (7, 6), (7, 5), (7, 4), (8, 4), (9, 4), (10, 4), (11, 4), (12, 4), (13, 4), (14, 4), (15, 4), (16, 4), (17, 4), (18, 4)]",250,1161,580,BFS,c1,h1,15
"(1, 12)","(18, 4)","[(1, 12), (2, 12), (3, 12), (3, 11), (3, 10), (3, 9), (4, 9), (4, 8), (5, 8), (5, 7), (5, 6), (5, 5), (5, 4), (6, 4), (7, 4), (8, 4), (9, 4), (10, 4), (11, 4), (12, 4), (13, 4), (14, 4), (15, 4), (16, 4), (17, 4), (18, 4)]",335,1126,562,BFS,c2,h1,15
"(1, 12)","(18, 4)","[(1, 12), (2, 12), (3, 12), (3, 11), (3, 10), (4, 10), (5, 10), (5, 9), (6, 9), (6, 8), (7, 8), (8, 8), (8, 7), (8, 6), (8, 5), (9, 5), (9, 4), (10, 4), (11, 4), (12, 4), (13, 4), (14, 4), (15, 4), (16, 4), (17, 4), (18, 4)]",288,1161,580,BFS,c3,h1,15
"(1, 12)","(18, 4)","[(1, 12), (1, 11), (1, 10), (1, 9), (2, 9), (3, 9), (3, 8), (4, 8), (4, 7), (5, 7), (5, 6), (5, 5), (6, 5), (7, 5), (7, 4), (8, 4), (9, 4), (10, 4), (11, 4), (12, 4), (13, 4), (14, 4), (15, 4), (16, 4), (17, 4), (18, 4)]",240,1161,580,BFS,c4,h1,15
"(1, 12)","(18, 4)","[(1, 12), (2, 12), (2, 11), (3, 11), (3, 10), (4, 10), (5, 10), (6, 10), (7, 10), (7, 9), (7, 8), (7, 7), (8, 7), (8, 6), (9, 6), (10, 6), (11, 6), (11, 5), (12, 5), (12, 4), (13, 4), (14, 4), (15, 4), (16, 4), (17, 4), (18, 4)]",250,1126,562,BFS,c1,h1,16
"(1, 12)","(18, 4)","[(1, 12), (2, 12), (2, 11), (2, 10), (2, 9), (2, 8), (2, 7), (2, 6), (3, 6), (4, 6), (5, 6), (5, 5), (5, 4), (6, 4), (7, 4), (8, 4), (9, 4), (10, 4), (11, 4), (12, 4), (13, 4), (14, 4), (15, 4), (16, 4), (17, 4), (18, 4)]",335,1126,562,BFS,c2,h1,16
"(1, 12)","(18, 4)","[(1, 12), (1, 11), (2, 11), (2, 10), (3, 10), (3, 9), (4, 9), (5, 9), (6, 9), (7, 9), (8, 9), (9, 9), (9, 8), (10, 8), (10, 7), (10, 6), (10, 5), (11, 5), (12, 5), (12, 4), (13, 4), (14, 4), (15, 4), (16, 4), (17, 4), (18, 4)]",287,1126,562,BFS,c3,h1,16
"(1, 12)","(18, 4)","[(1, 12), (1, 11), (1, 10), (2, 10), (3, 10), (3, 9), (3, 8), (3, 7), (4, 7), (5, 7), (5, 6), (5, 5), (5, 4), (6, 4), (7, 4), (8, 4), (9, 4), (10, 4), (11, 4), (12, 4), (13, 4), (14, 4), (15, 4), (16, 4), (17, 4), (18, 4)]",243,1161,580,BFS,c4,h1,16
"(1, 12)","(18, 4)","[(1, 12), (1, 11), (2, 11), (2, 10), (3, 10), (4, 10), (4, 9), (5, 9), (5, 8), (6, 8), (7, 8), (8, 8), (8, 7), (8, 6), (8, 5), (8, 4), (9, 4), (10, 4), (11, 4), (12, 4), (13, 4), (14, 4), (15, 4), (16, 4), (17, 4), (18, 4)]",250,1126,562,BFS,c1,h1,17
"(1, 12)","(18, 4)","[(1, 12), (1, 11), (2, 11), (3, 11), (4, 11), (5, 11), (6, 11), (7, 11), (7, 10), (8, 10), (9, 10), (10, 10), (10, 9), (11, 9), (12, 9), (12, 8), (12, 7), (13, 7), (13, 6), (14, 6), (15, 6), (16, 6), (16, 5), (16, 4), (17, 4), (18, 4)]",335,1158,578,BFS,c2,h1,17
"(1, 12)","(18, 4)","[(1, 12), (1, 11), (1, 10), (2, 10), (2, 9), (3, 9), (4, 9), (5, 9), (6, 9), (7, 9), (7, 8), (8, 8), (8, 7), (9, 7), (9, 6), (10, 6), (11, 6), (11, 5), (12, 5), (12, 4), (13, 4), (14, 4), (15, 4), (16, 4), (17, 4), (18, 4)]",289,1125,561,BFS,c3,h1,17
"(1, 12)","(18, 4)","[(1, 12), (2, 12), (3, 12), (3, 11), (3, 10), (4, 10), (5, 10), (6, 10), (7, 10), (8, 10), (8, 9), (9, 9), (10, 9), (10, 8), (10, 7), (11, 7), (12, 7), (12, 6), (13, 6), (13, 5), (13, 4), (14, 4), (15, 4), (16, 4), (17, 4), (18, 4)]",229,1126,562,BFS,c4,h1,17
"(1, 12)","(18, 4)","[(1, 12), (2, 12), (3, 12), (3, 11), (4, 11), (4, 10), (4, 9), (5, 9), (5, 8), (6, 8), (6, 7), (6, 6), (7, 6), (7, 5), (8, 5), (8, 4), (9, 4), (10, 4), (11, 4), (12, 4), (13, 4), (14, 4), (15, 4), (16, 4), (17, 4), (18, 4)]",250,1126,562,BFS,c1,h1,18
"(1, 12)","(18, 4)","[(1, 12), (1, 11), (1, 10), (2, 10), (2, 9), (2, 8), (2, 7), (2, 6), (2, 5), (2, 4), (3, 4), (4, 4), (5, 4), (6, 4), (7, 4), (8, 4), (9, 4), (10, 4), (11, 4), (12, 4), (13, 4), (14, 4), (15, 4), (16, 4), (17, 4), (18, 4)]",335,1126,562,BFS,c2,h1,18
"(1, 12)","(18, 4)","[(1, 12), (2, 12), (3, 12), (3, 11), (4, 11), (5, 11), (5, 10), (5, 9), (6, 9), (6, 8), (7, 8), (7, 7), (7, 6), (7, 5), (8, 5), (9, 5), (10, 5), (11, 5), (12, 5), (13, 5), (13, 4), (14, 4), (15, 4), (16, 4), (17, 4), (18, 4)]",293,1126,562,BFS,c3,h1,18
"(1, 12)","(18, 4)","[(1, 12), (2, 12), (2, 11), (3, 11), (3, 10), (4, 10), (4, 9), (4, 8), (5, 8), (5, 7), (5, 6), (5, 5), (5, 4), (6, 4), (7, 4), (8, 4), (9, 4), (10, 4), (11, 4), (12, 4), (13, 4), (14, 4), (15, 4), (16, 4), (17, 4), (18, 4)]",250,1126,562,BFS,c4,h1,18
"(1, 12)","(18, 4)","[(1, 12), (1, 11), (2, 11), (2, 10), (3, 10), (3, 9), (3, 8), (3, 7), (3, 6), (4, 6), (5, 6), (6, 6), (7, 6), (7, 5), (7, 4), (8, 4), (9, 4), (10, 4), (11, 4), (12, 4), (13, 4), (14, 4), (15, 4), (16, 4), (17, 4), (18, 4)]",250,1126,562,BFS,c1,h1,19
"(1, 12)","(18, 4)","[(1, 12), (2, 12), (2, 11), (3, 11), (4, 11), (5, 11), (5, 10), (5, 9), (5, 8), (5, 7), (6, 7), (6, 6), (7, 6), (8, 6), (8, 5), (9, 5), (9, 4), (10, 4), (11, 4), (12, 4), (13, 4), (14, 4), (15, 4), (16, 4), (17, 4), (18, 4)]",335,1161,580,BFS,c2,h1,19
"(1, 12)","(18, 4)","[(1, 12), (1, 11), (2, 11), (3, 11), (3, 10), (3, 9), (3, 8), (4, 8), (4, 7), (4, 6), (5, 6), (6, 6), (6, 5), (6, 4), (7, 4), (8, 4), (9, 4), (10, 4), (11, 4), (12, 4), (13, 4), (14, 4), (15, 4), (16, 4), (17, 4), (18, 4)]",292,1126,562,BFS,c3,h1,19
"(1, 12)","(18, 4)","[(1, 12), (1, 11), (2, 11), (2, 10), (3, 10), (4, 10), (5, 10), (5, 9), (5, 8), (5, 7), (5, 6), (6, 6), (6, 5), (7, 5), (7, 4), (8, 4), (9, 4), (10, 4), (11, 4), (12, 4), (13, 4), (14, 4), (15, 4), (16, 4), (17, 4), (18, 4)]",247,1126,562,BFS,c4,h1,19
"(1, 12)","(18, 4)","[(1, 12), (2, 12), (3, 12), (4, 12), (4, 11), (5, 11), (5, 10), (6, 10), (6, 9), (6, 8), (7, 8), (8, 8), (9, 8), (10, 8), (11, 8), (11, 7), (11, 6), (12, 6), (12, 5), (13, 5), (13, 4), (14, 4), (15, 4), (16, 4), (17, 4), (18, 4)]",250,1161,580,BFS,c1,h1,20
"(1, 12)","(18, 4)","[(1, 12), (1, 11), (1, 10), (2, 10), (3, 10), (4, 10), (5, 10), (5, 9), (5, 8), (6, 8), (6, 7), (7, 7), (8, 7), (9, 7), (9, 6), (9, 5), (9, 4), (10, 4), (11, 4), (12, 4), (13, 4), (14, 4), (15, 4), (16, 4), (17, 4), (18, 4)]",335,1161,580,BFS,c2,h1,20
"(1, 12)","(18, 4)","[(1, 12), (1, 11), (1, 10), (1, 9), (2, 9), (3, 9), (3, 8), (3, 7), (3, 6), (4, 6), (5, 6), (5, 5), (6, 5), (6, 4), (7, 4), (8, 4), (9, 4), (10, 4), (11, 4), (12, 4), (13, 4), (14, 4), (15, 4), (16, 4), (17, 4), (18, 4)]",291,1126,562,BFS,c3,h1,20
"(1, 12)","(18, 4)","[(1, 12), (2, 12), (2, 11), (3, 11), (3, 10), (3, 9), (3, 8), (3, 7), (4, 7), (4, 6), (4, 5), (4, 4), (5, 4), (6, 4), (7, 4), (8, 4), (9, 4), (10, 4), (11, 4), (12, 4), (13, 4), (14, 4), (15, 4), (16, 4), (17, 4), (18, 4)]",247,1161,580,BFS,c4,h1,20
"(5, 6)","(20, 21)","[(5, 6), (6, 6), (6, 7), (7, 7), (7, 8), (8, 8), (8, 9), (9, 9), (10, 9), (10, 10), (11, 10), (12, 10), (12, 11), (13, 11), (13, 12), (14, 12), (14, 13), (14, 14), (14, 15), (15, 15), (16, 15), (17, 15), (18, 15), (18, 16), (18, 17), (19, 17), (20, 17), (20, 18), (20, 19), (20, 20), (20, 21)]",300,1487,754,BFS,c1,h1,1
"(5, 6)","(20, 21)","[(5, 6), (5, 7), (5, 8), (5, 9), (5, 10), (6, 10), (7, 10), (8, 10), (8, 11), (8, 12), (8, 13), (9, 13), (10, 13), (10, 14), (11, 14), (11, 15), (11, 16), (12, 16), (12, 17), (12, 18), (12, 19), (13, 19), (14, 19), (15, 19), (15, 20), (15, 21), (16, 21), (17, 21), (18, 21), (19, 21), (20, 21)]",375,1489,754,BFS,c2,h1,1
"(5, 6)","(20, 21)","[(5, 6), (6, 6), (6, 7), (6, 8), (6, 9), (7, 9), (7, 10), (7, 11), (7, 12), (7, 13), (8, 13), (9, 13), (9, 14), (10, 14), (11, 14), (11, 15), (12, 15), (12, 16), (12, 17), (12, 18), (13, 18), (14, 18), (14, 19), (14, 20), (15, 20), (15, 21), (16, 21), (17, 21), (18, 21), (19, 21), (20, 21)]",340,1487,753,BFS,c3,h1,1
"(5, 6)","(20, 21)","[(5, 6), (6, 6), (7, 6), (7, 7), (7, 8), (8, 8), (9, 8), (10, 8), (10, 9), (10, 10), (10, 11), (11, 11), (12, 11), (12, 12), (12, 13), (13, 13), (13, 14), (13, 15), (13, 16), (13, 17), (14, 17), (15, 17), (15, 18), (16, 18), (17, 18), (17, 19), (17, 20), (17, 21), (18, 21), (19, 21), (20, 21)]",301,1485,753,BFS,c4,h1,1
"(5, 6)","(20, 21)","[(5, 6), (6, 6), (7, 6), (7, 7), (7, 8), (8, 8), (9, 8), (10, 8), (11, 8), (11, 9), (11, 10), (11, 11), (12, 11), (12, 12), (13, 12), (13, 13), (14, 13), (14, 14), (14, 15), (14, 16), (15, 16), (15, 17), (15, 18), (15, 19), (16, 19), (16, 20), (17, 20), (18, 20), (18, 21), (19, 21), (20, 21)]",300,1481,750,BFS,c1,h1,2
"(5, 6)","(20, 21)","[(5, 6), (5, 7), (6, 7), (6, 8), (7, 8), (8, 8), (8, 9), (9, 9), (9, 10), (10, 10), (11, 10), (11, 11), (12, 11), (12, 12), (12, 13), (12, 14), (13, 14), (13, 15), (14, 15), (15, 15), (16, 15), (16, 16), (16, 17), (16, 18), (16, 19), (17, 19), (18, 19), (19, 19), (20, 19), (20, 20), (20, 21)]",375,1479,749,BFS,c2,h1,2
"(5, 6)","(20, 21)","[(5, 6), (5, 7), (6, 7), (7, 7), (7, 8), (8, 8), (9, 8), (10, 8), (10, 9), (11, 9), (11, 10), (12, 10), (13, 10), (14, 10), (15, 10), (16, 10), (16, 11), (16, 12), (17, 12), (17, 13), (17, 14), (18, 14), (18, 15), (19, 15), (20, 15), (20, 16), (20, 17), (20, 18), (20, 19), (20, 20), (20, 21)]",328,1493,757,BFS,c3,h1,2
"(5, 6)","(20, 21)","[(5, 6), (5, 7), (6, 7), (6, 8), (6, 9), (7, 9), (7, 10), (8, 10), (8, 11), (8, 12), (8, 13), (8, 14), (8, 15), (8, 16), (8, 17), (9, 17), (9, 18), (10, 18), (11, 18), (12, 18), (13, 18), (14, 18), (14, 19), (14, 20), (15, 20), (15, 21), (16, 21), (17, 21), (18, 21), (19, 21), (20, 21)]",318,1489,754,BFS,c4,h1,2
"(5, 6)","(20, 21)","[(5, 6), (5, 7), (6, 7), (6, 8), (6, 9), (7, 9), (7, 10), (7, 11), (8, 11), (8, 12), (9, 12), (10, 12), (11, 12), (11, 13), (11, 14), (11, 15), (11, 16), (12, 16), (12, 17), (12, 18), (13, 18), (13, 19), (13, 20), (13, 21), (14, 21), (15, 21), (16, 21), (17, 21), (18, 21), (19, 21), (20, 21)]",300,1493,756,BFS,c1,h1,3
"(5, 6)","(20, 21)","[(5, 6), (6, 6), (7, 6), (8, 6), (8, 7), (8, 8), (8, 9), (8, 10), (8, 11), (9, 11), (9, 12), (10, 12), (10, 13), (10, 14), (11, 14), (12, 14), (12, 15), (12, 16), (13, 16), (13, 17), (14, 17), (15, 17), (15, 18), (15, 19), (15, 20), (16, 20), (17, 20), (18, 20), (19, 20), (19, 21), (20, 21)]",375,1483,752,BFS,c2,h1,3
"(5, 6)","(20, 21)","[(5, 6), (5, 7), (6, 7), (6, 8), (7, 8), (7, 9), (8, 9), (9, 9), (9, 10), (10, 10), (11, 10), (11, 11), (11, 12), (11, 13), (12, 13), (12, 14), (13, 14), (14, 14), (15, 14), (15, 15), (15, 16), (15, 17), (15, 18), (15, 19), (15, 20), (15, 21), (16, 21), (17, 21), (18, 21), (19, 21), (20, 21)]",338,1489,754,BFS,c3,h1,3
"(5, 6)","(20, 21)","[(5, 6), (5, 7), (6, 7), (7, 7), (8, 7), (9, 7), (9, 8), (9, 9), (10, 9), (11, 9), (11, 10), (12, 10), (13, 10), (14, 10), (15, 10), (15, 11), (15, 12), (16, 12), (17, 12), (18, 12), (18, 13), (19, 13), (19, 14), (20, 14), (20, 15), (20, 16), (20, 17), (20, 18), (20, 19), (20, 20), (20, 21)]",290,1493,756,BFS,c4,h1,3
"(5, 6)","(20, 21)","[(5, 6), (6, 6), (7, 6), (8, 6), (8, 7), (8, 8), (8, 9), (8, 10), (9, 10), (10, 10), (10, 11), (10, 12), (10, 13), (11, 13), (12, 13), (13, 13), (13, 14), (13, 15), (14, 15), (14, 16), (14, 17), (14, 18), (15, 18), (15, 19), (15, 20), (16, 20), (17, 20), (18, 20), (18, 21), (19, 21), (20, 21)]",300,1485,753,BFS,c1,h1,4
"(5, 6)","(20, 21)","[(5, 6), (6, 6), (6, 7), (6, 8), (6, 9), (7, 9), (7, 10), (8, 10), (9, 10), (10, 10), (10, 11), (10, 12), (11, 12), (12, 12), (13, 12), (13, 13), (13, 14), (13, 15), (13, 16), (13, 17), (14, 17), (15, 17), (16, 17), (16, 18), (16, 19), (17, 19), (18, 19), (18, 20), (18, 21), (19, 21), (20, 21)]",375,1483,752,BFS,c2,h1,4
"(5, 6)","(20, 21)","[(5, 6), (5, 7), (6, 7), (7, 7), (8, 7), (9, 7), (10, 7), (10, 8), (10, 9), (11, 9), (12, 9), (12, 10), (12, 11), (12, 12), (12, 13), (12, 14), (12, 15), (13, 15), (13, 16), (13, 17), (14, 17), (14, 18), (15, 18), (16, 18), (17, 18), (17, 19), (17, 20), (18, 20), (18, 21), (19, 21), (20, 21)]",330,1483,752,BFS,c3,h1,4
"(5, 6)","(20, 21)","[(5, 6), (6, 6), (6, 7), (7, 7), (7, 8), (7, 9), (7, 10), (8, 10), (9, 10), (10, 10), (10, 11), (10, 12), (10, 13), (10, 14), (11, 14), (11, 15), (12, 15), (13, 15), (13, 16), (13, 17), (14, 17), (15, 17), (15, 18), (15, 19), (16, 19), (16, 20), (16, 21), (17, 21), (18, 21), (19, 21), (20, 21)]",307,1483,751,BFS,c4,h1,4
"(5, 6)","(20, 21)","[(5, 6), (6, 6), (6, 7), (7, 7), (7, 8), (7, 9), (7, 10), (7, 11), (8, 11), (9, 11), (10, 11), (11, 11), (12, 11), (12, 12), (12, 13), (12, 14), (13, 14), (13, 15), (13, 16), (13, 17), (14, 17), (14, 18), (14, 19), (15, 19), (15, 20), (15, 21), (16, 21), (17, 21), (18, 21), (19, 21), (20, 21)]",300,1491,756,BFS,c1,h1,5
"(5, 6)","(20, 21)","[(5, 6), (6, 6), (7, 6), (8, 6), (9, 6), (9, 7), (9, 8), (10, 8), (11, 8), (12, 8), (12, 9), (13, 9), (13, 10), (13, 11), (13, 12), (13, 13), (13, 14), (14, 14), (15, 14), (16, 14), (17, 14), (18, 14), (18, 15), (19, 15), (20, 15), (20, 16), (20, 17), (20, 18), (20, 19), (20, 20), (20, 21)]",375,1491,756,BFS,c2,h1,5
"(5, 6)","(20, 21)","[(5, 6), (5, 7), (5, 8), (6, 8), (7, 8), (8, 8), (9, 8), (10, 8), (10, 9), (10, 10), (10, 11), (11, 11), (12, 11), (13, 11), (14, 11), (14, 12), (14, 13), (14, 14), (14, 15), (15, 15), (16, 15), (17, 15), (18, 15), (19, 15), (20, 15), (20, 16), (20, 17), (20, 18), (20, 19), (20, 20), (20, 21)]",327,1489,754,BFS,c3,h1,5
"(5, 6)","(20, 21)","[(5, 6), (6, 6), (6, 7), (6, 8), (7, 8), (8, 8), (8, 9), (9, 9), (10, 9), (10, 10), (10, 11), (10, 12), (10, 13), (10, 14), (10, 15), (11, 15), (12, 15), (13, 15), (13, 16), (13, 17), (13, 18), (14, 18), (15, 18), (16, 18), (17, 18), (18, 18), (19, 18), (19, 19), (19, 20), (19, 21), (20, 21)]",292,1483,752,BFS,c4,h1,5
"(5, 6)","(20, 21)","[(5, 6), (6, 6), (6, 7), (7, 7), (7, 8), (8, 8), (8, 9), (8, 10), (9, 10), (10, 10), (10, 11), (10, 12), (10, 13), (10, 14), (11, 14), (12, 14), (13, 14), (14, 14), (14, 15), (14, 16), (15, 16), (15, 17), (16, 17), (16, 18), (17, 18), (17, 19), (18, 19), (18, 20), (19, 20), (19, 21), (20, 21)]",300,1481,751,BFS,c1,h1,6
"(5, 6)","(20, 21)","[(5, 6), (5, 7), (5, 8), (5, 9), (6, 9), (6, 10), (7, 10), (7, 11), (8, 11), (9, 11), (10, 11), (11, 11), (11, 12), (12, 12), (12, 13), (12, 14), (13, 14), (14, 14), (15, 14), (16, 14), (16, 15), (16, 16), (16, 17), (16, 18), (16, 19), (16, 20), (16, 21), (17, 21), (18, 21), (19, 21), (20, 21)]",375,1483,751,BFS,c2,h1,6
"(5, 6)","(20, 21)","[(5, 6), (6, 6), (7, 6), (7, 7), (7, 8), (8, 8), (9, 8), (9, 9), (9, 10), (9, 11), (10, 11), (11, 11), (12, 11), (12, 12), (12, 13), (12, 14), (12, 15), (12, 16), (12, 17), (12, 18), (12, 19), (12, 20), (12, 21), (13, 21), (14, 21), (15, 21), (16, 21), (17, 21), (18, 21), (19, 21), (20, 21)]",330,1497,759,BFS,c3,h1,6
"(5, 6)","(20, 21)","[(5, 6), (5, 7), (5, 8), (6, 8), (7, 8), (7, 9), (7, 10), (8, 10), (8, 11), (8, 12), (8, 13), (8, 14), (9, 14), (10, 14), (10, 15), (10, 16), (10, 17), (10, 18), (10, 19), (11, 19), (12, 19), (12, 20), (12, 21), (13, 21), (14, 21), (15, 21), (16, 21), (17, 21), (18, 21), (19, 21), (20, 21)]",309,1491,755,BFS,c4,h1,6
"(5, 6)","(20, 21)","[(5, 6), (6, 6), (6, 7), (6, 8), (6, 9), (6, 10), (6, 11), (7, 11), (7, 12), (7, 13), (7, 14), (7, 15), (8, 15), (9, 15), (10, 15), (11, 15), (12, 15), (13, 15), (14, 15), (14, 16), (15, 16), (15, 17), (16, 17), (17, 17), (18, 17), (18, 18), (19, 18), (19, 19), (19, 20), (19, 21), (20, 21)]",300,1479,749,BFS,c1,h1,7
"(5, 6)","(20, 21)","[(5, 6), (5, 7), (5, 8), (5, 9), (5, 10), (5, 11), (5, 12), (5, 13), (6, 13), (6, 14), (6, 15), (7, 15), (8, 15), (9, 15), (9, 16), (10, 16), (10, 17), (10, 18), (11, 18), (11, 19), (11, 20), (12, 20), (13, 20), (14, 20), (14, 21), (15, 21), (16, 21), (17, 21), (18, 21), (19, 21), (20, 21)]",375,1493,757,BFS,c2,h1,7
"(5, 6)","(20, 21)","[(5, 6), (5, 7), (6, 7), (6, 8), (7, 8), (8, 8), (9, 8), (10, 8), (11, 8), (11, 9), (11, 10), (12, 10), (12, 11), (13, 11), (13, 12), (14, 12), (15, 12), (16, 12), (16, 13), (17, 13), (17, 14), (18, 14), (19, 14), (20, 14), (20, 15), (20, 16), (20, 17), (20, 18), (20, 19), (20, 20), (20, 21)]",332,1491,755,BFS,c3,h1,7
"(5, 6)","(20, 21)","[(5, 6), (5, 7), (5, 8), (6, 8), (7, 8), (8, 8), (9, 8), (10, 8), (11, 8), (11, 9), (12, 9), (12, 10), (12, 11), (13, 11), (13, 12), (14, 12), (15, 12), (15, 13), (16, 13), (17, 13), (18, 13), (19, 13), (19, 14), (19, 15), (19, 16), (19, 17), (20, 17), (20, 18), (20, 19), (20, 20), (20, 21)]",298,1485,752,BFS,c4,h1,7
"(5, 6)","(20, 21)","[(5, 6), (6, 6), (7, 6), (8, 6), (9, 6), (9, 7), (9, 8), (9, 9), (9, 10), (10, 10), (11, 10), (12, 10), (12, 11), (13, 11), (13, 12), (14, 12), (15, 12), (16, 12), (17, 12), (18, 12), (18, 13), (18, 14), (18, 15), (18, 16), (19, 16), (19, 17), (20, 17), (20, 18), (20, 19), (20, 20), (20, 21)]",300,1489,755,BFS,c1,h1,8
"(5, 6)","(20, 21)","[(5, 6), (5, 7), (5, 8), (6, 8), (6, 9), (7, 9), (7, 10), (8, 10), (8, 11), (9, 11), (10, 11), (11, 11), (12, 11), (13, 11), (14, 11), (15, 11), (15, 12), (16, 12), (17, 12), (17, 13), (17, 14), (18, 14), (19, 14), (19, 15), (20, 15), (20, 16), (20, 17), (20, 18), (20, 19), (20, 20), (20, 21)]",375,1489,754,BFS,c2,h1,8
"(5, 6)","(20, 21)","[(5, 6), (5, 7), (6, 7), (7, 7), (8, 7), (9, 7), (9, 8), (9, 9), (9, 10), (9, 11), (10, 11), (10, 12), (11, 12), (12, 12), (12, 13), (12, 14), (12, 15), (12, 16), (13, 16), (13, 17), (13, 18), (13, 19), (13, 20), (13, 21), (14, 21), (15, 21), (16, 21), (17, 21), (18, 21), (19, 21), (20, 21)]",331,1495,758,BFS,c3,h1,8
"(5, 6)","(20, 21)","[(5, 6), (5, 7), (5, 8), (6, 8), (7, 8), (8, 8), (8, 9), (8, 10), (9, 10), (10, 10), (11, 10), (11, 11), (11, 12), (12, 12), (12, 13), (13, 13), (13, 14), (14, 14), (15, 14), (15, 15), (16, 15), (17, 15), (18, 15), (19, 15), (20, 15), (20, 16), (20, 17), (20, 18), (20, 19), (20, 20), (20, 21)]",285,1493,757,BFS,c4,h1,8
"(5, 6)","(20, 21)","[(5, 6), (6, 6), (6, 7), (7, 7), (7, 8), (7, 9), (8, 9), (8, 10), (8, 11), (9, 11), (9, 12), (10, 12), (11, 12), (12, 12), (13, 12), (14, 12), (15, 12), (15, 13), (16, 13), (16, 14), (17, 14), (18, 14), (18, 15), (18, 16), (18, 17), (18, 18), (18, 19), (19, 19), (20, 19), (20, 20), (20, 21)]",300,1485,753,BFS,c1,h1,9
"(5, 6)","(20, 21)","[(5, 6), (5, 7), (5, 8), (5, 9), (5, 10), (5, 11), (5, 12), (6, 12), (6, 13), (7, 13), (8, 13), (8, 14), (8, 15), (9, 15), (10, 15), (11, 15), (12, 15), (13, 15), (14, 15), (15, 15), (15, 16), (16, 16), (17, 16), (18, 16), (18, 17), (18, 18), (19, 18), (19, 19), (20, 19), (20, 20), (20, 21)]",375,1481,751,BFS,c2,h1,9
"(5, 6)","(20, 21)","[(5, 6), (6, 6), (7, 6), (7, 7), (8, 7), (9, 7), (10, 7), (11, 7), (12, 7), (13, 7), (14, 7), (15, 7), (16, 7), (16, 8), (16, 9), (17, 9), (18, 9), (18, 10), (19, 10), (19, 11), (19, 12), (19, 13), (20, 13), (20, 14), (20, 15), (20, 16), (20, 17), (20, 18), (20, 19), (20, 20), (20, 21)]",339,1495,757,BFS,c3,h1,9
"(5, 6)","(20, 21)","[(5, 6), (5, 7), (6, 7), (6, 8), (7, 8), (7, 9), (7, 10), (7, 11), (8, 11), (8, 12), (8, 13), (9, 13), (10, 13), (11, 13), (11, 14), (12, 14), (12, 15), (13, 15), (13, 16), (14, 16), (14, 17), (15, 17), (15, 18), (16, 18), (16, 19), (16, 20), (17, 20), (17, 21), (18, 21), (19, 21), (20, 21)]",299,1481,750,BFS,c4,h1,9
"(5, 6)","(20, 21)","[(5, 6), (6, 6), (7, 6), (8, 6), (9, 6), (10, 6), (11, 6), (11, 7), (12, 7), (13, 7), (14, 7), (14, 8), (15, 8), (16, 8), (17, 8), (17, 9), (18, 9), (19, 9), (20, 9), (20, 10), (20, 11), (20, 12), (20, 13), (20, 14), (20, 15), (20, 16), (20, 17), (20, 18), (20, 19), (20, 20), (20, 21)]",300,1500,761,BFS,c1,h1,10
"(5, 6)","(20, 21)","[(5, 6), (5, 7), (6, 7), (6, 8), (6, 9), (7, 9), (7, 10), (7, 11), (8, 11), (8, 12), (8, 13), (9, 13), (9, 14), (10, 14), (10, 15), (11, 15), (12, 15), (13, 15), (14, 15), (14, 16), (14, 17), (14, 18), (14, 19), (14, 20), (15, 20), (15, 21), (16, 21), (17, 21), (18, 21), (19, 21), (20, 21)]",375,1491,756,BFS,c2,h1,10
"(5, 6)","(20, 21)","[(5, 6), (6, 6), (6, 7), (7, 7), (8, 7), (9, 7), (10, 7), (10, 8), (10, 9), (11, 9), (12, 9), (12, 10), (13, 10), (14, 10), (14, 11), (15, 11), (16, 11), (16, 12), (16, 13), (16, 14), (17, 14), (18, 14), (18, 15), (18, 16), (19, 16), (20, 16), (20, 17), (20, 18), (20, 19), (20, 20), (20, 21)]",339,1487,753,BFS,c3,h1,10
"(5, 6)","(20, 21)","[(5, 6), (5, 7), (6, 7), (7, 7), (7, 8), (7, 9), (7, 10), (8, 10), (8, 11), (9, 11), (10, 11), (10, 12), (11, 12), (11, 13), (12, 13), (13, 13), (13, 14), (14, 14), (14, 15), (15, 15), (15, 16), (16, 16), (16, 17), (16, 18), (16, 19), (17, 19), (18, 19), (18, 20), (19, 20), (19, 21), (20, 21)]",296,1479,749,BFS,c4,h1,10
"(5, 6)","(20, 21)","[(5, 6), (6, 6), (7, 6), (7, 7), (8, 7), (9, 7), (9, 8), (9, 9), (9, 10), (10, 10), (11, 10), (12, 10), (13, 10), (13, 11), (14, 11), (15, 11), (15, 12), (16, 12), (16, 13), (16, 14), (16, 15), (17, 15), (17, 16), (18, 16), (18, 17), (19, 17), (19, 18), (19, 19), (19, 20), (20, 20), (20, 21)]",300,1483,752,BFS,c1,h1,11
"(5, 6)","(20, 21)","[(5, 6), (5, 7), (6, 7), (6, 8), (7, 8), (8, 8), (9, 8), (9, 9), (9, 10), (10, 10), (11, 10), (11, 11), (11, 12), (11, 13), (12, 13), (12, 14), (13, 14), (14, 14), (14, 15), (15, 15), (15, 16), (15, 17), (16, 17), (16, 18), (16, 19), (16, 20), (16, 21), (17, 21), (18, 21), (19, 21), (20, 21)]",375,1483,751,BFS,c2,h1,11
"(5, 6)","(20, 21)","[(5, 6), (6, 6), (6, 7), (6, 8), (6, 9), (6, 10), (7, 10), (8, 10), (8, 11), (9, 11), (10, 11), (11, 11), (11, 12), (11, 13), (12, 13), (13, 13), (14, 13), (14, 14), (14, 15), (14, 16), (14, 17), (15, 17), (15, 18), (16, 18), (17, 18), (17, 19), (18, 19), (18, 20), (18, 21), (19, 21), (20, 21)]",337,1479,749,BFS,c3,h1,11
"(5, 6)","(20, 21)","[(5, 6), (5, 7), (5, 8), (5, 9), (5, 10), (5, 11), (6, 11), (6, 12), (7, 12), (7, 13), (8, 13), (9, 13), (10, 13), (10, 14), (11, 14), (12, 14), (13, 14), (14, 14), (15, 14), (15, 15), (15, 16), (16, 16), (17, 16), (17, 17), (17, 18), (17, 19), (18, 19), (19, 19), (19, 20), (20, 20), (20, 21)]",284,1483,752,BFS,c4,h1,11
"(5, 6)","(20, 21)","[(5, 6), (6, 6), (7, 6), (7, 7), (8, 7), (8, 8), (9, 8), (9, 9), (9, 10), (10, 10), (10, 11), (10, 12), (11, 12), (12, 12), (13, 12), (14, 12), (15, 12), (15, 13), (15, 14), (15, 15), (15, 16), (16, 16), (16, 17), (16, 18), (17, 18), (18, 18), (18, 19), (19, 19), (20, 19), (20, 20), (20, 21)]",300,1485,753,BFS,c1,h1,12
"(5, 6)","(20, 21)","[(5, 6), (5, 7), (6, 7), (6, 8), (6, 9), (7, 9), (7, 10), (8, 10), (9, 10), (9, 11), (10, 11), (10, 12), (10, 13), (11, 13), (11, 14), (12, 14), (12, 15), (12, 16), (12, 17), (12, 18), (13, 18), (13, 19), (13, 20), (13, 21), (14, 21), (15, 21), (16, 21), (17, 21), (18, 21), (19, 21), (20, 21)]",375,1493,756,BFS,c2,h1,12
"(5, 6)","(20, 21)","[(5, 6), (6, 6), (7, 6), (7, 7), (8, 7), (8, 8), (8, 9), (8, 10), (9, 10), (10, 10), (11, 10), (11, 11), (12, 11), (12, 12), (12, 13), (13, 13), (13, 14), (14, 14), (14, 15), (15, 15), (16, 15), (17, 15), (17, 16), (18, 16), (18, 17), (19, 17), (20, 17), (20, 18), (20, 19), (20, 20), (20, 21)]",339,1487,754,BFS,c3,h1,12
"(5, 6)","(20, 21)","[(5, 6), (6, 6), (7, 6), (7, 7), (8, 7), (9, 7), (10, 7), (11, 7), (12, 7), (13, 7), (14, 7), (14, 8), (14, 9), (14, 10), (15, 10), (16, 10), (17, 10), (18, 10), (18, 11), (19, 11), (19, 12), (19, 13), (20, 13), (20, 14), (20, 15), (20, 16), (20, 17), (20, 18), (20, 19), (20, 20), (20, 21)]",295,1497,759,BFS,c4,h1,12
"(5, 6)","(20, 21)","[(5, 6), (6, 6), (6, 7), (6, 8), (7, 8), (8, 8), (8, 9), (8, 10), (9, 10), (9, 11), (10, 11), (10, 12), (11, 12), (11, 13), (12, 13), (13, 13), (13, 14), (14, 14), (15, 14), (15, 15), (15, 16), (16, 16), (17, 16), (18, 16), (19, 16), (20, 16), (20, 17), (20, 18), (20, 19), (20, 20), (20, 21)]",300,1491,756,BFS,c1,h1,13
"(5, 6)","(20, 21)","[(5, 6), (5, 7), (6, 7), (6, 8), (7, 8), (7, 9), (8, 9), (9, 9), (10, 9), (10, 10), (11, 10), (12, 10), (13, 10), (13, 11), (13, 12), (14, 12), (14, 13), (15, 13), (15, 14), (16, 14), (16, 15), (16, 16), (16, 17), (17, 17), (18, 17), (18, 18), (18, 19), (18, 20), (19, 20), (20, 20), (20, 21)]",375,1483,752,BFS,c2,h1,13
"(5, 6)","(20, 21)","[(5, 6), (5, 7), (6, 7), (6, 8), (7, 8), (8, 8), (9, 8), (9, 9), (10, 9), (11, 9), (11, 10), (12, 10), (13, 10), (13, 11), (13, 12), (14, 12), (14, 13), (15, 13), (16, 13), (16, 14), (16, 15), (17, 15), (17, 16), (18, 16), (18, 17), (19, 17), (19, 18), (20, 18), (20, 19), (20, 20), (20, 21)]",328,1487,754,BFS,c3,h1,13
"(5, 6)","(20, 21)","[(5, 6), (6, 6), (7, 6), (8, 6), (8, 7), (8, 8), (8, 9), (9, 9), (9, 10), (9, 11), (9, 12), (9, 13), (10, 13), (10, 14), (11, 14), (11, 15), (11, 16), (11, 17), (12, 17), (12, 18), (13, 18), (14, 18), (14, 19), (14, 20), (15, 20), (15, 21), (16, 21), (17, 21), (18, 21), (19, 21), (20, 21)]",314,1491,756,BFS,c4,h1,13
"(5, 6)","(20, 21)","[(5, 6), (5, 7), (6, 7), (6, 8), (6, 9), (7, 9), (8, 9), (9, 9), (9, 10), (9, 11), (10, 11), (11, 11), (12, 11), (13, 11), (14, 11), (14, 12), (15, 12), (16, 12), (17, 12), (18, 12), (19, 12), (19, 13), (20, 13), (20, 14), (20, 15), (20, 16), (20, 17), (20, 18), (20, 19), (20, 20), (20, 21)]",300,1493,756,BFS,c1,h1,14
"(5, 6)","(20, 21)","[(5, 6), (6, 6), (6, 7), (6, 8), (6, 9), (7, 9), (7, 10), (8, 10), (9, 10), (9, 11), (10, 11), (11, 11), (12, 11), (13, 11), (13, 12), (13, 13), (14, 13), (15, 13), (16, 13), (16, 14), (16, 15), (17, 15), (17, 16), (17, 17), (17, 18), (18, 18), (19, 18), (19, 19), (19, 20), (20, 20), (20, 21)]",375,1479,749,BFS,c2,h1,14
"(5, 6)","(20, 21)","[(5, 6), (6, 6), (7, 6), (7, 7), (8, 7), (8, 8), (9, 8), (10, 8), (11, 8), (12, 8), (12, 9), (12, 10), (13, 10), (14, 10), (14, 11), (14, 12), (15, 12), (16, 12), (17, 12), (18, 12), (18, 13), (19, 13), (20, 13), (20, 14), (20, 15), (20, 16), (20, 17), (20, 18), (20, 19), (20, 20), (20, 21)]",338,1497,759,BFS,c3,h1,14
"(5, 6)","(20, 21)","[(5, 6), (5, 7), (5, 8), (6, 8), (7, 8), (7, 9), (7, 10), (8, 10), (8, 11), (8, 12), (8, 13), (9, 13), (10, 13), (11, 13), (11, 14), (11, 15), (11, 16), (11, 17), (12, 17), (13, 17), (13, 18), (13, 19), (14, 19), (15, 19), (15, 20), (15, 21), (16, 21), (17, 21), (18, 21), (19, 21), (20, 21)]",302,1487,753,BFS,c4,h1,14
"(5, 6)","(20, 21)","[(5, 6), (5, 7), (6, 7), (6, 8), (7, 8), (8, 8), (8, 9), (9, 9), (10, 9), (10, 10), (10, 11), (10, 12), (10, 13), (10, 14), (10, 15), (10, 16), (10, 17), (10, 18), (11, 18), (11, 19), (12, 19), (13, 19), (13, 20), (14, 20), (15, 20), (15, 21), (16, 21), (17, 21), (18, 21), (19, 21), (20, 21)]",300,1487,753,BFS,c1,h1,15
"(5, 6)","(20, 21)","[(5, 6), (6, 6), (6, 7), (6, 8), (6, 9), (7, 9), (8, 9), (8, 10), (9, 10), (10, 10), (11, 10), (11, 11), (12, 11), (13, 11), (14, 11), (14, 12), (15, 12), (15, 13), (15, 14), (16, 14), (17, 14), (18, 14), (19, 14), (20, 14), (20, 15), (20, 16), (20, 17), (20, 18), (20, 19), (20, 20), (20, 21)]",375,1493,756,BFS,c2,h1,15
"(5, 6)","(20, 21)","[(5, 6), (5, 7), (6, 7), (7, 7), (7, 8), (7, 9), (8, 9), (8, 10), (8, 11), (9, 11), (9, 12), (9, 13), (10, 13), (10, 14), (11, 14), (12, 14), (12, 15), (13, 15), (13, 16), (14, 16), (14, 17), (15, 17), (16, 17), (16, 18), (16, 19), (17, 19), (18, 19), (19, 19), (20, 19), (20, 20), (20, 21)]",343,1483,751,BFS,c3,h1,15
"(5, 6)","(20, 21)","[(5, 6), (5, 7), (5, 8), (6, 8), (6, 9), (7, 9), (8, 9), (9, 9), (9, 10), (10, 10), (11, 10), (12, 10), (13, 10), (14, 10), (15, 10), (16, 10), (16, 11), (16, 12), (17, 12), (17, 13), (18, 13), (18, 14), (19, 14), (20, 14), (20, 15), (20, 16), (20, 17), (20, 18), (20, 19), (20, 20), (20, 21)]",281,1493,756,BFS,c4,h1,15
"(5, 6)","(20, 21)","[(5, 6), (5, 7), (6, 7), (7, 7), (7, 8), (8, 8), (9, 8), (10, 8), (11, 8), (12, 8), (12, 9), (13, 9), (14, 9), (15, 9), (16, 9), (16, 10), (16, 11), (16, 12), (17, 12), (18, 12), (18, 13), (18, 14), (19, 14), (19, 15), (19, 16), (19, 17), (20, 17), (20, 18), (20, 19), (20, 20), (20, 21)]",300,1485,752,BFS,c1,h1,16
"(5, 6)","(20, 21)","[(5, 6), (5, 7), (6, 7), (6, 8), (6, 9), (7, 9), (7, 10), (7, 11), (7, 12), (7, 13), (8, 13), (9, 13), (10, 13), (11, 13), (11, 14), (12, 14), (12, 15), (13, 15), (13, 16), (13, 17), (14, 17), (15, 17), (16, 17), (16, 18), (17, 18), (17, 19), (18, 19), (19, 19), (19, 20), (19, 21), (20, 21)]",375,1481,750,BFS,c2,h1,16
"(5, 6)","(20, 21)","[(5, 6), (5, 7), (5, 8), (5, 9), (5, 10), (5, 11), (5, 12), (6, 12), (6, 13), (7, 13), (7, 14), (7, 15), (8, 15), (8, 16), (9, 16), (10, 16), (11, 16), (11, 17), (12, 17), (13, 17), (14, 17), (15, 17), (15, 18), (15, 19), (16, 19), (17, 19), (18, 19), (18, 20), (19, 20), (20, 20), (20, 21)]",340,1479,749,BFS,c3,h1,16
"(5, 6)","(20, 21)","[(5, 6), (6, 6), (6, 7), (6, 8), (7, 8), (7, 9), (7, 10), (7, 11), (8, 11), (8, 12), (9, 12), (9, 13), (10, 13), (11, 13), (11, 14), (12, 14), (12, 15), (13, 15), (13, 16), (14, 16), (14, 17), (14, 18), (14, 19), (15, 19), (16, 19), (17, 19), (18, 19), (18, 20), (18, 21), (19, 21), (20, 21)]",299,1485,753,BFS,c4,h1,16
"(5, 6)","(20, 21)","[(5, 6), (5, 7), (6, 7), (6, 8), (7, 8), (7, 9), (7, 10), (7, 11), (8, 11), (9, 11), (9, 12), (9, 13), (10, 13), (10, 14), (10, 15), (10, 16), (11, 16), (11, 17), (12, 17), (13, 17), (14, 17), (15, 17), (16, 17), (16, 18), (16, 19), (17, 19), (17, 20), (17, 21), (18, 21), (19, 21), (20, 21)]",300,1485,752,BFS,c1,h1,17
"(5, 6)","(20, 21)","[(5, 6), (6, 6), (7, 6), (8, 6), (9, 6), (9, 7), (9, 8), (9, 9), (10, 9), (11, 9), (12, 9), (13, 9), (14, 9), (14, 10), (14, 11), (15, 11), (16, 11), (17, 11), (18, 11), (19, 11), (19, 12), (19, 13), (19, 14), (20, 14), (20, 15), (20, 16), (20, 17), (20, 18), (20, 19), (20, 20), (20, 21)]",375,1493,757,BFS,c2,h1,17
"(5, 6)","(20, 21)","[(5, 6), (5, 7), (6, 7), (6, 8), (6, 9), (7, 9), (7, 10), (8, 10), (9, 10), (10, 10), (10, 11), (10, 12), (10, 13), (10, 14), (10, 15), (10, 16), (10, 17), (11, 17), (11, 18), (11, 19), (11, 20), (12, 20), (12, 21), (13, 21), (14, 21), (15, 21), (16, 21), (17, 21), (18, 21), (19, 21), (20, 21)]",332,1495,757,BFS,c3,h1,17
"(5, 6)","(20, 21)","[(5, 6), (5, 7), (5, 8), (6, 8), (7, 8), (7, 9), (7, 10), (8, 10), (9, 10), (10, 10), (11, 10), (12, 10), (12, 11), (13, 11), (13, 12), (13, 13), (13, 14), (13, 15), (13, 16), (13, 17), (14, 17), (15, 17), (16, 17), (17, 17), (18, 17), (19, 17), (20, 17), (20, 18), (20, 19), (20, 20), (20, 21)]",273,1483,751,BFS,c4,h1,17
"(5, 6)","(20, 21)","[(5, 6), (5, 7), (6, 7), (7, 7), (8, 7), (9, 7), (10, 7), (11, 7), (12, 7), (12, 8), (12, 9), (13, 9), (13, 10), (14, 10), (14, 11), (15, 11), (15, 12), (16, 12), (16, 13), (17, 13), (17, 14), (18, 14), (18, 15), (19, 15), (19, 16), (19, 17), (19, 18), (20, 18), (20, 19), (20, 20), (20, 21)]",300,1485,752,BFS,c1,h1,18
"(5, 6)","(20, 21)","[(5, 6), (5, 7), (5, 8), (6, 8), (6, 9), (7, 9), (8, 9), (8, 10), (9, 10), (10, 10), (11, 10), (11, 11), (12, 11), (12, 12), (12, 13), (12, 14), (13, 14), (13, 15), (14, 15), (14, 16), (15, 16), (16, 16), (17, 16), (18, 16), (19, 16), (20, 16), (20, 17), (20, 18), (20, 19), (20, 20), (20, 21)]",375,1487,753,BFS,c2,h1,18
"(5, 6)","(20, 21)","[(5, 6), (5, 7), (5, 8), (6, 8), (6, 9), (7, 9), (7, 10), (8, 10), (9, 10), (9, 11), (10, 11), (10, 12), (10, 13), (11, 13), (12, 13), (12, 14), (13, 14), (14, 14), (14, 15), (14, 16), (14, 17), (14, 18), (15, 18), (15, 19), (15, 20), (15, 21), (16, 21), (17, 21), (18, 21), (19, 21), (20, 21)]",340,1489,755,BFS,c3,h1,18
"(5, 6)","(20, 21)","[(5, 6), (5, 7), (5, 8), (6, 8), (6, 9), (7, 9), (8, 9), (9, 9), (9, 10), (9, 11), (9, 12), (9, 13), (10, 13), (11, 13), (11, 14), (11, 15), (11, 16), (12, 16), (13, 16), (14, 16), (14, 17), (14, 18), (15, 18), (15, 19), (15, 20), (15, 21), (16, 21), (17, 21), (18, 21), (19, 21), (20, 21)]",309,1489,754,BFS,c4,h1,18
"(5, 6)","(20, 21)","[(5, 6), (6, 6), (6, 7), (6, 8), (7, 8), (8, 8), (9, 8), (10, 8), (11, 8), (11, 9), (12, 9), (13, 9), (14, 9), (15, 9), (16, 9), (17, 9), (17, 10), (18, 10), (19, 10), (19, 11), (20, 11), (20, 12), (20, 13), (20, 14), (20, 15), (20, 16), (20, 17), (20, 18), (20, 19), (20, 20), (20, 21)]",300,1498,759,BFS,c1,h1,19
"(5, 6)","(20, 21)","[(5, 6), (5, 7), (5, 8), (6, 8), (6, 9), (7, 9), (7, 10), (8, 10), (9, 10), (9, 11), (10, 11), (10, 12), (11, 12), (12, 12), (12, 13), (12, 14), (13, 14), (13, 15), (14, 15), (14, 16), (15, 16), (16, 16), (16, 17), (16, 18), (17, 18), (17, 19), (18, 19), (19, 19), (20, 19), (20, 20), (20, 21)]",375,1483,751,BFS,c2,h1,19
"(5, 6)","(20, 21)","[(5, 6), (6, 6), (7, 6), (8, 6), (8, 7), (8, 8), (8, 9), (9, 9), (10, 9), (11, 9), (11, 10), (11, 11), (11, 12), (12, 12), (12, 13), (13, 13), (13, 14), (14, 14), (15, 14), (16, 14), (16, 15), (17, 15), (17, 16), (17, 17), (17, 18), (17, 19), (18, 19), (18, 20), (19, 20), (20, 20), (20, 21)]",339,1481,751,BFS,c3,h1,19
"(5, 6)","(20, 21)","[(5, 6), (5, 7), (5, 8), (6, 8), (6, 9), (7, 9), (8, 9), (9, 9), (10, 9), (10, 10), (10, 11), (10, 12), (11, 12), (11, 13), (12, 13), (12, 14), (12, 15), (13, 15), (14, 15), (15, 15), (15, 16), (16, 16), (16, 17), (16, 18), (16, 19), (17, 19), (18, 19), (19, 19), (20, 19), (20, 20), (20, 21)]",298,1485,753,BFS,c4,h1,19
"(5, 6)","(20, 21)","[(5, 6), (6, 6), (7, 6), (7, 7), (8, 7), (9, 7), (10, 7), (10, 8), (10, 9), (11, 9), (12, 9), (13, 9), (14, 9), (15, 9), (15, 10), (15, 11), (16, 11), (16, 12), (17, 12), (17, 13), (17, 14), (18, 14), (19, 14), (20, 14), (20, 15), (20, 16), (20, 17), (20, 18), (20, 19), (20, 20), (20, 21)]",300,1495,758,BFS,c1,h1,20
"(5, 6)","(20, 21)","[(5, 6), (6, 6), (7, 6), (7, 7), (8, 7), (9, 7), (10, 7), (10, 8), (10, 9), (11, 9), (11, 10), (12, 10), (12, 11), (13, 11), (13, 12), (14, 12), (14, 13), (15, 13), (15, 14), (16, 14), (17, 14), (17, 15), (18, 15), (18, 16), (18, 17), (18, 18), (18, 19), (18, 20), (18, 21), (19, 21), (20, 21)]",375,1483,752,BFS,c2,h1,20
"(5, 6)","(20, 21)","[(5, 6), (6, 6), (6, 7), (6, 8), (7, 8), (7, 9), (8, 9), (9, 9), (9, 10), (10, 10), (11, 10), (11, 11), (11, 12), (11, 13), (12, 13), (13, 13), (13, 14), (14, 14), (15, 14), (15, 15), (16, 15), (16, 16), (16, 17), (16, 18), (16, 19), (16, 20), (17, 20), (17, 21), (18, 21), (19, 21), (20, 21)]",337,1485,753,BFS,c3,h1,20
"(5, 6)","(20, 21)","[(5, 6), (6, 6), (7, 6), (8, 6), (8, 7), (8, 8), (8, 9), (9, 9), (9, 10), (10, 10), (11, 10), (12, 10), (13, 10), (14, 10), (14, 11), (15, 11), (15, 12), (16, 12), (16, 13), (17, 13), (17, 14), (18, 14), (18, 15), (18, 16), (18, 17), (18, 18), (19, 18), (20, 18), (20, 19), (20, 20), (20, 21)]",291,1485,752,BFS,c4,h1,20
"(17, 11)","(16, 29)","[(17, 11), (16, 11), (16, 12), (16, 13), (16, 14), (16, 15), (16, 16), (16, 17), (16, 18), (16, 19), (16, 20), (16, 21), (16, 22), (16, 23), (16, 24), (16, 25), (16, 26), (16, 27), (16, 28), (16, 29)]",190,1302,637,BFS,c1,h1,1
"(17, 11)","(16, 29)","[(17, 11), (16, 11), (16, 12), (16, 13), (16, 14), (16, 15), (16, 16), (16, 17), (16, 18), (16, 19), (16, 20), (16, 21), (16, 22), (16, 23), (16, 24), (16, 25), (16, 26), (16, 27), (16, 28), (16, 29)]",195,1337,656,BFS,c2,h1,1
"(17, 11)","(16, 29)","[(17, 11), (17, 12), (16, 12), (16, 13), (16, 14), (16, 15), (16, 16), (16, 17), (16, 18), (16, 19), (16, 20), (16, 21), (16, 22), (16, 23), (16, 24), (16, 25), (16, 26), (16, 27), (16, 28), (16, 29)]",193,1337,656,BFS,c3,h1,1
"(17, 11)","(16, 29)","[(17, 11), (17, 12), (17, 13), (16, 13), (16, 14), (16, 15), (16, 16), (16, 17), (16, 18), (16, 19), (16, 20), (16, 21), (16, 22), (16, 23), (16, 24), (16, 25), (16, 26), (16, 27), (16, 28), (16, 29)]",192,1319,646,BFS,c4,h1,1
"(17, 11)","(16, 29)","[(17, 11), (16, 11), (16, 12), (16, 13), (16, 14), (16, 15), (16, 16), (16, 17), (16, 18), (16, 19), (16, 20), (16, 21), (16, 22), (16, 23), (16, 24), (16, 25), (16, 26), (16, 27), (16, 28), (16, 29)]",190,1302,637,BFS,c1,h1,2
"(17, 11)","(16, 29)","[(17, 11), (17, 12), (17, 13), (16, 13), (16, 14), (16, 15), (16, 16), (16, 17), (16, 18), (16, 19), (16, 20), (16, 21), (16, 22), (16, 23), (16, 24), (16, 25), (16, 26), (16, 27), (16, 28), (16, 29)]",195,1284,627,BFS,c2,h1,2
"(17, 11)","(16, 29)","[(17, 11), (16, 11), (16, 12), (16, 13), (16, 14), (16, 15), (16, 16), (16, 17), (16, 18), (16, 19), (16, 20), (16, 21), (16, 22), (16, 23), (16, 24), (16, 25), (16, 26), (16, 27), (16, 28), (16, 29)]",194,1337,656,BFS,c3,h1,2
"(17, 11)","(16, 29)","[(17, 11), (16, 11), (16, 12), (16, 13), (16, 14), (16, 15), (16, 16), (16, 17), (16, 18), (16, 19), (16, 20), (16, 21), (16, 22), (16, 23), (16, 24), (16, 25), (16, 26), (16, 27), (16, 28), (16, 29)]",194,1312,643,BFS,c4,h1,2
"(17, 11)","(16, 29)","[(17, 11), (17, 12), (17, 13), (16, 13), (16, 14), (16, 15), (16, 16), (16, 17), (16, 18), (16, 19), (16, 20), (16, 21), (16, 22), (16, 23), (16, 24), (16, 25), (16, 26), (16, 27), (16, 28), (16, 29)]",190,1308,639,BFS,c1,h1,3
"(17, 11)","(16, 29)","[(17, 11), (16, 11), (16, 12), (16, 13), (16, 14), (16, 15), (16, 16), (16, 17), (16, 18), (16, 19), (16, 20), (16, 21), (16, 22), (16, 23), (16, 24), (16, 25), (16, 26), (16, 27), (16, 28), (16, 29)]",195,1337,656,BFS,c2,h1,3
"(17, 11)","(16, 29)","[(17, 11), (16, 11), (16, 12), (16, 13), (16, 14), (16, 15), (16, 16), (16, 17), (16, 18), (16, 19), (16, 20), (16, 21), (16, 22), (16, 23), (16, 24), (16, 25), (16, 26), (16, 27), (16, 28), (16, 29)]",194,1337,656,BFS,c3,h1,3
"(17, 11)","(16, 29)","[(17, 11), (17, 12), (16, 12), (16, 13), (16, 14), (16, 15), (16, 16), (16, 17), (16, 18), (16, 19), (16, 20), (16, 21), (16, 22), (16, 23), (16, 24), (16, 25), (16, 26), (16, 27), (16, 28), (16, 29)]",193,1284,627,BFS,c4,h1,3
"(17, 11)","(16, 29)","[(17, 11), (17, 12), (17, 13), (17, 14), (17, 15), (17, 16), (16, 16), (16, 17), (16, 18), (16, 19), (16, 20), (16, 21), (16, 22), (16, 23), (16, 24), (16, 25), (16, 26), (16, 27), (16, 28), (16, 29)]",190,1326,650,BFS,c1,h1,4
"(17, 11)","(16, 29)","[(17, 11), (16, 11), (16, 12), (16, 13), (16, 14), (16, 15), (16, 16), (16, 17), (16, 18), (16, 19), (16, 20), (16, 21), (16, 22), (16, 23), (16, 24), (16, 25), (16, 26), (16, 27), (16, 28), (16, 29)]",195,1337,656,BFS,c2,h1,4
"(17, 11)","(16, 29)","[(17, 11), (17, 12), (17, 13), (16, 13), (16, 14), (16, 15), (16, 16), (16, 17), (16, 18), (16, 19), (16, 20), (16, 21), (16, 22), (16, 23), (16, 24), (16, 25), (16, 26), (16, 27), (16, 28), (16, 29)]",192,1283,626,BFS,c3,h1,4
"(17, 11)","(16, 29)","[(17, 11), (16, 11), (16, 12), (16, 13), (16, 14), (16, 15), (16, 16), (16, 17), (16, 18), (16, 19), (16, 20), (16, 21), (16, 22), (16, 23), (16, 24), (16, 25), (16, 26), (16, 27), (16, 28), (16, 29)]",194,1302,637,BFS,c4,h1,4
"(17, 11)","(16, 29)","[(17, 11), (16, 11), (16, 12), (16, 13), (16, 14), (16, 15), (16, 16), (16, 17), (16, 18), (16, 19), (16, 20), (16, 21), (16, 22), (16, 23), (16, 24), (16, 25), (16, 26), (16, 27), (16, 28), (16, 29)]",190,1312,643,BFS,c1,h1,5
"(17, 11)","(16, 29)","[(17, 11), (17, 12), (16, 12), (16, 13), (16, 14), (16, 15), (16, 16), (16, 17), (16, 18), (16, 19), (16, 20), (16, 21), (16, 22), (16, 23), (16, 24), (16, 25), (16, 26), (16, 27), (16, 28), (16, 29)]",195,1283,626,BFS,c2,h1,5
"(17, 11)","(16, 29)","[(17, 11), (16, 11), (16, 12), (16, 13), (16, 14), (16, 15), (16, 16), (16, 17), (16, 18), (16, 19), (16, 20), (16, 21), (16, 22), (16, 23), (16, 24), (16, 25), (16, 26), (16, 27), (16, 28), (16, 29)]",194,1302,637,BFS,c3,h1,5
"(17, 11)","(16, 29)","[(17, 11), (17, 12), (17, 13), (17, 14), (17, 15), (16, 15), (16, 16), (16, 17), (16, 18), (16, 19), (16, 20), (16, 21), (16, 22), (16, 23), (16, 24), (16, 25), (16, 26), (16, 27), (16, 28), (16, 29)]",190,1281,625,BFS,c4,h1,5
"(17, 11)","(16, 29)","[(17, 11), (17, 12), (16, 12), (16, 13), (16, 14), (16, 15), (16, 16), (16, 17), (16, 18), (16, 19), (16, 20), (16, 21), (16, 22), (16, 23), (16, 24), (16, 25), (16, 26), (16, 27), (16, 28), (16, 29)]",190,1309,640,BFS,c1,h1,6
"(17, 11)","(16, 29)","[(17, 11), (16, 11), (16, 12), (16, 13), (16, 14), (16, 15), (16, 16), (16, 17), (16, 18), (16, 19), (16, 20), (16, 21), (16, 22), (16, 23), (16, 24), (16, 25), (16, 26), (16, 27), (16, 28), (16, 29)]",195,1283,626,BFS,c2,h1,6
"(17, 11)","(16, 29)","[(17, 11), (17, 12), (17, 13), (16, 13), (16, 14), (16, 15), (16, 16), (16, 17), (16, 18), (16, 19), (16, 20), (16, 21), (16, 22), (16, 23), (16, 24), (16, 25), (16, 26), (16, 27), (16, 28), (16, 29)]",192,1337,656,BFS,c3,h1,6
"(17, 11)","(16, 29)","[(17, 11), (17, 12), (16, 12), (16, 13), (16, 14), (16, 15), (16, 16), (16, 17), (16, 18), (16, 19), (16, 20), (16, 21), (16, 22), (16, 23), (16, 24), (16, 25), (16, 26), (16, 27), (16, 28), (16, 29)]",193,1337,656,BFS,c4,h1,6
"(17, 11)","(16, 29)","[(17, 11), (16, 11), (16, 12), (16, 13), (16, 14), (16, 15), (16, 16), (16, 17), (16, 18), (16, 19), (16, 20), (16, 21), (16, 22), (16, 23), (16, 24), (16, 25), (16, 26), (16, 27), (16, 28), (16, 29)]",190,1337,656,BFS,c1,h1,7
"(17, 11)","(16, 29)","[(17, 11), (17, 12), (16, 12), (16, 13), (16, 14), (16, 15), (16, 16), (16, 17), (16, 18), (16, 19), (16, 20), (16, 21), (16, 22), (16, 23), (16, 24), (16, 25), (16, 26), (16, 27), (16, 28), (16, 29)]",195,1312,643,BFS,c2,h1,7
"(17, 11)","(16, 29)","[(17, 11), (17, 12), (17, 13), (16, 13), (16, 14), (16, 15), (16, 16), (16, 17), (16, 18), (16, 19), (16, 20), (16, 21), (16, 22), (16, 23), (16, 24), (16, 25), (16, 26), (16, 27), (16, 28), (16, 29)]",192,1308,639,BFS,c3,h1,7
"(17, 11)","(16, 29)","[(17, 11), (16, 11), (16, 12), (16, 13), (16, 14), (16, 15), (16, 16), (16, 17), (16, 18), (16, 19), (16, 20), (16, 21), (16, 22), (16, 23), (16, 24), (16, 25), (16, 26), (16, 27), (16, 28), (16, 29)]",194,1302,637,BFS,c4,h1,7
"(17, 11)","(16, 29)","[(17, 11), (16, 11), (16, 12), (16, 13), (16, 14), (16, 15), (16, 16), (16, 17), (16, 18), (16, 19), (16, 20), (16, 21), (16, 22), (16, 23), (16, 24), (16, 25), (16, 26), (16, 27), (16, 28), (16, 29)]",190,1312,643,BFS,c1,h1,8
"(17, 11)","(16, 29)","[(17, 11), (16, 11), (16, 12), (16, 13), (16, 14), (16, 15), (16, 16), (16, 17), (16, 18), (16, 19), (16, 20), (16, 21), (16, 22), (16, 23), (16, 24), (16, 25), (16, 26), (16, 27), (16, 28), (16, 29)]",195,1337,656,BFS,c2,h1,8
"(17, 11)","(16, 29)","[(17, 11), (16, 11), (16, 12), (16, 13), (16, 14), (16, 15), (16, 16), (16, 17), (16, 18), (16, 19), (16, 20), (16, 21), (16, 22), (16, 23), (16, 24), (16, 25), (16, 26), (16, 27), (16, 28), (16, 29)]",194,1337,656,BFS,c3,h1,8
"(17, 11)","(16, 29)","[(17, 11), (17, 12), (16, 12), (16, 13), (16, 14), (16, 15), (16, 16), (16, 17), (16, 18), (16, 19), (16, 20), (16, 21), (16, 22), (16, 23), (16, 24), (16, 25), (16, 26), (16, 27), (16, 28), (16, 29)]",193,1337,656,BFS,c4,h1,8
"(17, 11)","(16, 29)","[(17, 11), (17, 12), (17, 13), (16, 13), (16, 14), (16, 15), (16, 16), (16, 17), (16, 18), (16, 19), (16, 20), (16, 21), (16, 22), (16, 23), (16, 24), (16, 25), (16, 26), (16, 27), (16, 28), (16, 29)]",190,1336,655,BFS,c1,h1,9
"(17, 11)","(16, 29)","[(17, 11), (16, 11), (16, 12), (16, 13), (16, 14), (16, 15), (16, 16), (16, 17), (16, 18), (16, 19), (16, 20), (16, 21), (16, 22), (16, 23), (16, 24), (16, 25), (16, 26), (16, 27), (16, 28), (16, 29)]",195,1337,656,BFS,c2,h1,9
"(17, 11)","(16, 29)","[(17, 11), (16, 11), (16, 12), (16, 13), (16, 14), (16, 15), (16, 16), (16, 17), (16, 18), (16, 19), (16, 20), (16, 21), (16, 22), (16, 23), (16, 24), (16, 25), (16, 26), (16, 27), (16, 28), (16, 29)]",194,1312,643,BFS,c3,h1,9
"(17, 11)","(16, 29)","[(17, 11), (17, 12), (17, 13), (16, 13), (16, 14), (16, 15), (16, 16), (16, 17), (16, 18), (16, 19), (16, 20), (16, 21), (16, 22), (16, 23), (16, 24), (16, 25), (16, 26), (16, 27), (16, 28), (16, 29)]",192,1281,625,BFS,c4,h1,9
"(17, 11)","(16, 29)","[(17, 11), (16, 11), (16, 12), (16, 13), (16, 14), (16, 15), (16, 16), (16, 17), (16, 18), (16, 19), (16, 20), (16, 21), (16, 22), (16, 23), (16, 24), (16, 25), (16, 26), (16, 27), (16, 28), (16, 29)]",190,1337,656,BFS,c1,h1,10
"(17, 11)","(16, 29)","[(17, 11), (16, 11), (16, 12), (16, 13), (16, 14), (16, 15), (16, 16), (16, 17), (16, 18), (16, 19), (16, 20), (16, 21), (16, 22), (16, 23), (16, 24), (16, 25), (16, 26), (16, 27), (16, 28), (16, 29)]",195,1283,626,BFS,c2,h1,10
"(17, 11)","(16, 29)","[(17, 11), (16, 11), (16, 12), (16, 13), (16, 14), (16, 15), (16, 16), (16, 17), (16, 18), (16, 19), (16, 20), (16, 21), (16, 22), (16, 23), (16, 24), (16, 25), (16, 26), (16, 27), (16, 28), (16, 29)]",194,1337,656,BFS,c3,h1,10
"(17, 11)","(16, 29)","[(17, 11), (16, 11), (16, 12), (16, 13), (16, 14), (16, 15), (16, 16), (16, 17), (16, 18), (16, 19), (16, 20), (16, 21), (16, 22), (16, 23), (16, 24), (16, 25), (16, 26), (16, 27), (16, 28), (16, 29)]",194,1302,637,BFS,c4,h1,10
"(17, 11)","(16, 29)","[(17, 11), (16, 11), (16, 12), (16, 13), (16, 14), (16, 15), (16, 16), (16, 17), (16, 18), (16, 19), (16, 20), (16, 21), (16, 22), (16, 23), (16, 24), (16, 25), (16, 26), (16, 27), (16, 28), (16, 29)]",190,1284,627,BFS,c1,h1,11
"(17, 11)","(16, 29)","[(17, 11), (17, 12), (16, 12), (16, 13), (16, 14), (16, 15), (16, 16), (16, 17), (16, 18), (16, 19), (16, 20), (16, 21), (16, 22), (16, 23), (16, 24), (16, 25), (16, 26), (16, 27), (16, 28), (16, 29)]",195,1309,640,BFS,c2,h1,11
"(17, 11)","(16, 29)","[(17, 11), (17, 12), (17, 13), (17, 14), (17, 15), (17, 16), (17, 17), (17, 18), (16, 18), (16, 19), (16, 20), (16, 21), (16, 22), (16, 23), (16, 24), (16, 25), (16, 26), (16, 27), (16, 28), (16, 29)]",193,1296,633,BFS,c3,h1,11
"(17, 11)","(16, 29)","[(17, 11), (17, 12), (17, 13), (17, 14), (16, 14), (16, 15), (16, 16), (16, 17), (16, 18), (16, 19), (16, 20), (16, 21), (16, 22), (16, 23), (16, 24), (16, 25), (16, 26), (16, 27), (16, 28), (16, 29)]",191,1336,655,BFS,c4,h1,11
"(17, 11)","(16, 29)","[(17, 11), (17, 12), (17, 13), (16, 13), (16, 14), (16, 15), (16, 16), (16, 17), (16, 18), (16, 19), (16, 20), (16, 21), (16, 22), (16, 23), (16, 24), (16, 25), (16, 26), (16, 27), (16, 28), (16, 29)]",190,1284,627,BFS,c1,h1,12
"(17, 11)","(16, 29)","[(17, 11), (16, 11), (16, 12), (16, 13), (16, 14), (16, 15), (16, 16), (16, 17), (16, 18), (16, 19), (16, 20), (16, 21), (16, 22), (16, 23), (16, 24), (16, 25), (16, 26), (16, 27), (16, 28), (16, 29)]",195,1283,626,BFS,c2,h1,12
"(17, 11)","(16, 29)","[(17, 11), (17, 12), (16, 12), (16, 13), (16, 14), (16, 15), (16, 16), (16, 17), (16, 18), (16, 19), (16, 20), (16, 21), (16, 22), (16, 23), (16, 24), (16, 25), (16, 26), (16, 27), (16, 28), (16, 29)]",193,1319,646,BFS,c3,h1,12
"(17, 11)","(16, 29)","[(17, 11), (16, 11), (16, 12), (16, 13), (16, 14), (16, 15), (16, 16), (16, 17), (16, 18), (16, 19), (16, 20), (16, 21), (16, 22), (16, 23), (16, 24), (16, 25), (16, 26), (16, 27), (16, 28), (16, 29)]",194,1337,656,BFS,c4,h1,12
"(17, 11)","(16, 29)","[(17, 11), (16, 11), (16, 12), (16, 13), (16, 14), (16, 15), (16, 16), (16, 17), (16, 18), (16, 19), (16, 20), (16, 21), (16, 22), (16, 23), (16, 24), (16, 25), (16, 26), (16, 27), (16, 28), (16, 29)]",190,1312,643,BFS,c1,h1,13
"(17, 11)","(16, 29)","[(17, 11), (17, 12), (16, 12), (16, 13), (16, 14), (16, 15), (16, 16), (16, 17), (16, 18), (16, 19), (16, 20), (16, 21), (16, 22), (16, 23), (16, 24), (16, 25), (16, 26), (16, 27), (16, 28), (16, 29)]",195,1318,645,BFS,c2,h1,13
"(17, 11)","(16, 29)","[(17, 11), (17, 12), (16, 12), (16, 13), (16, 14), (16, 15), (16, 16), (16, 17), (16, 18), (16, 19), (16, 20), (16, 21), (16, 22), (16, 23), (16, 24), (16, 25), (16, 26), (16, 27), (16, 28), (16, 29)]",193,1337,656,BFS,c3,h1,13
"(17, 11)","(16, 29)","[(17, 11), (17, 12), (16, 12), (16, 13), (16, 14), (16, 15), (16, 16), (16, 17), (16, 18), (16, 19), (16, 20), (16, 21), (16, 22), (16, 23), (16, 24), (16, 25), (16, 26), (16, 27), (16, 28), (16, 29)]",193,1284,627,BFS,c4,h1,13
"(17, 11)","(16, 29)","[(17, 11), (16, 11), (16, 12), (16, 13), (16, 14), (16, 15), (16, 16), (16, 17), (16, 18), (16, 19), (16, 20), (16, 21), (16, 22), (16, 23), (16, 24), (16, 25), (16, 26), (16, 27), (16, 28), (16, 29)]",190,1302,637,BFS,c1,h1,14
"(17, 11)","(16, 29)","[(17, 11), (16, 11), (16, 12), (16, 13), (16, 14), (16, 15), (16, 16), (16, 17), (16, 18), (16, 19), (16, 20), (16, 21), (16, 22), (16, 23), (16, 24), (16, 25), (16, 26), (16, 27), (16, 28), (16, 29)]",195,1337,656,BFS,c2,h1,14
"(17, 11)","(16, 29)","[(17, 11), (17, 12), (17, 13), (17, 14), (16, 14), (16, 15), (16, 16), (16, 17), (16, 18), (16, 19), (16, 20), (16, 21), (16, 22), (16, 23), (16, 24), (16, 25), (16, 26), (16, 27), (16, 28), (16, 29)]",191,1336,655,BFS,c3,h1,14
"(17, 11)","(16, 29)","[(17, 11), (17, 12), (16, 12), (16, 13), (16, 14), (16, 15), (16, 16), (16, 17), (16, 18), (16, 19), (16, 20), (16, 21), (16, 22), (16, 23), (16, 24), (16, 25), (16, 26), (16, 27), (16, 28), (16, 29)]",193,1283,626,BFS,c4,h1,14
"(17, 11)","(16, 29)","[(17, 11), (17, 12), (17, 13), (16, 13), (16, 14), (16, 15), (16, 16), (16, 17), (16, 18), (16, 19), (16, 20), (16, 21), (16, 22), (16, 23), (16, 24), (16, 25), (16, 26), (16, 27), (16, 28), (16, 29)]",190,1337,656,BFS,c1,h1,15
"(17, 11)","(16, 29)","[(17, 11), (16, 11), (16, 12), (16, 13), (16, 14), (16, 15), (16, 16), (16, 17), (16, 18), (16, 19), (16, 20), (16, 21), (16, 22), (16, 23), (16, 24), (16, 25), (16, 26), (16, 27), (16, 28), (16, 29)]",195,1337,656,BFS,c2,h1,15
"(17, 11)","(16, 29)","[(17, 11), (16, 11), (16, 12), (16, 13), (16, 14), (16, 15), (16, 16), (16, 17), (16, 18), (16, 19), (16, 20), (16, 21), (16, 22), (16, 23), (16, 24), (16, 25), (16, 26), (16, 27), (16, 28), (16, 29)]",194,1336,655,BFS,c3,h1,15
"(17, 11)","(16, 29)","[(17, 11), (16, 11), (16, 12), (16, 13), (16, 14), (16, 15), (16, 16), (16, 17), (16, 18), (16, 19), (16, 20), (16, 21), (16, 22), (16, 23), (16, 24), (16, 25), (16, 26), (16, 27), (16, 28), (16, 29)]",194,1312,643,BFS,c4,h1,15
"(17, 11)","(16, 29)","[(17, 11), (17, 12), (16, 12), (16, 13), (16, 14), (16, 15), (16, 16), (16, 17), (16, 18), (16, 19), (16, 20), (16, 21), (16, 22), (16, 23), (16, 24), (16, 25), (16, 26), (16, 27), (16, 28), (16, 29)]",190,1284,627,BFS,c1,h1,16
"(17, 11)","(16, 29)","[(17, 11), (17, 12), (17, 13), (17, 14), (17, 15), (16, 15), (16, 16), (16, 17), (16, 18), (16, 19), (16, 20), (16, 21), (16, 22), (16, 23), (16, 24), (16, 25), (16, 26), (16, 27), (16, 28), (16, 29)]",195,1304,637,BFS,c2,h1,16
"(17, 11)","(16, 29)","[(17, 11), (17, 12), (17, 13), (17, 14), (17, 15), (16, 15), (16, 16), (16, 17), (16, 18), (16, 19), (16, 20), (16, 21), (16, 22), (16, 23), (16, 24), (16, 25), (16, 26), (16, 27), (16, 28), (16, 29)]",190,1306,638,BFS,c3,h1,16
"(17, 11)","(16, 29)","[(17, 11), (16, 11), (16, 12), (16, 13), (16, 14), (16, 15), (16, 16), (16, 17), (16, 18), (16, 19), (16, 20), (16, 21), (16, 22), (16, 23), (16, 24), (16, 25), (16, 26), (16, 27), (16, 28), (16, 29)]",194,1302,637,BFS,c4,h1,16
"(17, 11)","(16, 29)","[(17, 11), (16, 11), (16, 12), (16, 13), (16, 14), (16, 15), (16, 16), (16, 17), (16, 18), (16, 19), (16, 20), (16, 21), (16, 22), (16, 23), (16, 24), (16, 25), (16, 26), (16, 27), (16, 28), (16, 29)]",190,1337,656,BFS,c1,h1,17
"(17, 11)","(16, 29)","[(17, 11), (16, 11), (16, 12), (16, 13), (16, 14), (16, 15), (16, 16), (16, 17), (16, 18), (16, 19), (16, 20), (16, 21), (16, 22), (16, 23), (16, 24), (16, 25), (16, 26), (16, 27), (16, 28), (16, 29)]",195,1309,641,BFS,c2,h1,17
"(17, 11)","(16, 29)","[(17, 11), (17, 12), (17, 13), (16, 13), (16, 14), (16, 15), (16, 16), (16, 17), (16, 18), (16, 19), (16, 20), (16, 21), (16, 22), (16, 23), (16, 24), (16, 25), (16, 26), (16, 27), (16, 28), (16, 29)]",192,1284,627,BFS,c3,h1,17
"(17, 11)","(16, 29)","[(17, 11), (16, 11), (16, 12), (16, 13), (16, 14), (16, 15), (16, 16), (16, 17), (16, 18), (16, 19), (16, 20), (16, 21), (16, 22), (16, 23), (16, 24), (16, 25), (16, 26), (16, 27), (16, 28), (16, 29)]",194,1302,637,BFS,c4,h1,17
"(17, 11)","(16, 29)","[(17, 11), (16, 11), (16, 12), (16, 13), (16, 14), (16, 15), (16, 16), (16, 17), (16, 18), (16, 19), (16, 20), (16, 21), (16, 22), (16, 23), (16, 24), (16, 25), (16, 26), (16, 27), (16, 28), (16, 29)]",190,1337,656,BFS,c1,h1,18
"(17, 11)","(16, 29)","[(17, 11), (16, 11), (16, 12), (16, 13), (16, 14), (16, 15), (16, 16), (16, 17), (16, 18), (16, 19), (16, 20), (16, 21), (16, 22), (16, 23), (16, 24), (16, 25), (16, 26), (16, 27), (16, 28), (16, 29)]",195,1302,637,BFS,c2,h1,18
"(17, 11)","(16, 29)","[(17, 11), (16, 11), (16, 12), (16, 13), (16, 14), (16, 15), (16, 16), (16, 17), (16, 18), (16, 19), (16, 20), (16, 21), (16, 22), (16, 23), (16, 24), (16, 25), (16, 26), (16, 27), (16, 28), (16, 29)]",194,1312,643,BFS,c3,h1,18
"(17, 11)","(16, 29)","[(17, 11), (17, 12), (16, 12), (16, 13), (16, 14), (16, 15), (16, 16), (16, 17), (16, 18), (16, 19), (16, 20), (16, 21), (16, 22), (16, 23), (16, 24), (16, 25), (16, 26), (16, 27), (16, 28), (16, 29)]",193,1337,656,BFS,c4,h1,18
"(17, 11)","(16, 29)","[(17, 11), (17, 12), (17, 13), (16, 13), (16, 14), (16, 15), (16, 16), (16, 17), (16, 18), (16, 19), (16, 20), (16, 21), (16, 22), (16, 23), (16, 24), (16, 25), (16, 26), (16, 27), (16, 28), (16, 29)]",190,1319,646,BFS,c1,h1,19
"(17, 11)","(16, 29)","[(17, 11), (17, 12), (16, 12), (16, 13), (16, 14), (16, 15), (16, 16), (16, 17), (16, 18), (16, 19), (16, 20), (16, 21), (16, 22), (16, 23), (16, 24), (16, 25), (16, 26), (16, 27), (16, 28), (16, 29)]",195,1337,656,BFS,c2,h1,19
"(17, 11)","(16, 29)","[(17, 11), (16, 11), (16, 12), (16, 13), (16, 14), (16, 15), (16, 16), (16, 17), (16, 18), (16, 19), (16, 20), (16, 21), (16, 22), (16, 23), (16, 24), (16, 25), (16, 26), (16, 27), (16, 28), (16, 29)]",194,1283,626,BFS,c3,h1,19
"(17, 11)","(16, 29)","[(17, 11), (16, 11), (16, 12), (16, 13), (16, 14), (16, 15), (16, 16), (16, 17), (16, 18), (16, 19), (16, 20), (16, 21), (16, 22), (16, 23), (16, 24), (16, 25), (16, 26), (16, 27), (16, 28), (16, 29)]",194,1312,643,BFS,c4,h1,19
"(17, 11)","(16, 29)","[(17, 11), (16, 11), (16, 12), (16, 13), (16, 14), (16, 15), (16, 16), (16, 17), (16, 18), (16, 19), (16, 20), (16, 21), (16, 22), (16, 23), (16, 24), (16, 25), (16, 26), (16, 27), (16, 28), (16, 29)]",190,1337,656,BFS,c1,h1,20
"(17, 11)","(16, 29)","[(17, 11), (17, 12), (16, 12), (16, 13), (16, 14), (16, 15), (16, 16), (16, 17), (16, 18), (16, 19), (16, 20), (16, 21), (16, 22), (16, 23), (16, 24), (16, 25), (16, 26), (16, 27), (16, 28), (16, 29)]",195,1312,643,BFS,c2,h1,20
"(17, 11)","(16, 29)","[(17, 11), (16, 11), (16, 12), (16, 13), (16, 14), (16, 15), (16, 16), (16, 17), (16, 18), (16, 19), (16, 20), (16, 21), (16, 22), (16, 23), (16, 24), (16, 25), (16, 26), (16, 27), (16, 28), (16, 29)]",194,1284,627,BFS,c3,h1,20
"(17, 11)","(16, 29)","[(17, 11), (16, 11), (16, 12), (16, 13), (16, 14), (16, 15), (16, 16), (16, 17), (16, 18), (16, 19), (16, 20), (16, 21), (16, 22), (16, 23), (16, 24), (16, 25), (16, 26), (16, 27), (16, 28), (16, 29)]",194,1302,637,BFS,c4,h1,20
